analysis,model,model_name,seed,is_reference,experiment,fault,fault_type,mode,mode_name,sequence_length,decision_target,context_policy,uses_future_windows,crosses_experiment_or_split,transition_post_windows,n_pre_fault_test,n_post_fault_evaluated,post_fault_context_reset,context_fully_post_fault,score_threshold,score_top_k,auc_pr,auc_roc,sensitivity,sensitivity_ci95_low,sensitivity_ci95_high,specificity,specificity_ci95_low,specificity_ci95_high,balanced_accuracy,mcc,f1,precision,precision_defined,recall,false_positive_rate,tn,fp,fn,tp
current_full,ae_denso,Autoencoder Denso,13,False,F1L,1,Falha completa de um IGBT,L,IPPT (potência limitada),8,W_t,continuous_causal_within_experiment,False,False,7,161,322,False,False,3.5103249549865723,5,0.937761637464458,0.857162146522125,0.6770186335403726,0.6241156940756879,0.7257477039479888,0.9751552795031055,0.9378676444810962,0.9902969149361153,0.826086956521739,0.6168897525164957,0.8014705882352942,0.9819819819819819,True,0.6770186335403726,0.024844720496894408,157,4,104,218
transition,ae_denso,Autoencoder Denso,13,False,F1L,1,Falha completa de um IGBT,L,IPPT (potência limitada),8,W_t,continuous_causal_within_experiment,False,False,7,161,7,False,False,3.5103249549865723,5,0.04667221745122177,0.5882874889086069,0.0,5.551115123125783e-17,0.35433043506668743,0.9751552795031055,0.9378676444810962,0.9902969149361153,0.48757763975155277,-0.03256448045129181,0.0,0.0,True,0.0,0.024844720496894408,157,4,7,0
sustained,ae_denso,Autoencoder Denso,13,False,F1L,1,Falha completa de um IGBT,L,IPPT (potência limitada),8,W_t,continuous_causal_within_experiment,False,False,7,161,315,False,True,3.5103249549865723,5,0.9399227510894468,0.8631371389135364,0.692063492063492,0.6390251093781741,0.7404738442633797,0.9751552795031055,0.9378676444810962,0.9902969149361153,0.8336093857832988,0.6327659856974902,0.8119180633147114,0.9819819819819819,True,0.692063492063492,0.024844720496894408,157,4,97,218
post_fault_reset,ae_denso,Autoencoder Denso,13,False,F1L,1,Falha completa de um IGBT,L,IPPT (potência limitada),8,W_t,continuous_causal_within_experiment,False,False,7,161,322,True,True,3.5103249549865723,5,0.937761637464458,0.857162146522125,0.6770186335403726,0.6241156940756879,0.7257477039479888,0.9751552795031055,0.9378676444810962,0.9902969149361153,0.826086956521739,0.6168897525164957,0.8014705882352942,0.9819819819819819,True,0.6770186335403726,0.024844720496894408,157,4,104,218
current_full,ae_denso,Autoencoder Denso,29,False,F1L,1,Falha completa de um IGBT,L,IPPT (potência limitada),8,W_t,continuous_causal_within_experiment,False,False,7,161,322,False,False,3.3771872520446777,5,0.9341099899375849,0.8487712665406426,0.6708074534161491,0.6177306863996089,0.7198568029214828,0.9751552795031055,0.9378676444810962,0.9902969149361153,0.8229813664596273,0.6114474279428438,0.7970479704797048,0.9818181818181818,True,0.6708074534161491,0.024844720496894408,157,4,106,216
transition,ae_denso,Autoencoder Denso,29,False,F1L,1,Falha completa de um IGBT,L,IPPT (potência limitada),8,W_t,continuous_causal_within_experiment,False,False,7,161,7,False,False,3.3771872520446777,5,0.03722409594365726,0.49245785270629994,0.0,5.551115123125783e-17,0.35433043506668743,0.9751552795031055,0.9378676444810962,0.9902969149361153,0.48757763975155277,-0.03256448045129181,0.0,0.0,True,0.0,0.024844720496894408,157,4,7,0
sustained,ae_denso,Autoencoder Denso,29,False,F1L,1,Falha completa de um IGBT,L,IPPT (potência limitada),8,W_t,continuous_causal_within_experiment,False,False,7,161,315,False,True,3.3771872520446777,5,0.9370172540313012,0.8566893424036282,0.6857142857142857,0.6324717484048379,0.7344817852816232,0.9751552795031055,0.9378676444810962,0.9902969149361153,0.8304347826086956,0.6271228769282766,0.8074766355140187,0.9818181818181818,True,0.6857142857142857,0.024844720496894408,157,4,99,216
post_fault_reset,ae_denso,Autoencoder Denso,29,False,F1L,1,Falha completa de um IGBT,L,IPPT (potência limitada),8,W_t,continuous_causal_within_experiment,False,False,7,161,322,True,True,3.3771872520446777,5,0.9341099899375849,0.8487712665406426,0.6708074534161491,0.6177306863996089,0.7198568029214828,0.9751552795031055,0.9378676444810962,0.9902969149361153,0.8229813664596273,0.6114474279428438,0.7970479704797048,0.9818181818181818,True,0.6708074534161491,0.024844720496894408,157,4,106,216
current_full,ae_denso,Autoencoder Denso,42,True,F1L,1,Falha completa de um IGBT,L,IPPT (potência limitada),8,W_t,continuous_causal_within_experiment,False,False,7,161,322,False,False,3.461894989013672,5,0.9351632497885493,0.851240307086918,0.6677018633540373,0.6145419226317103,0.7169076123380888,0.9751552795031055,0.9378676444810962,0.9902969149361153,0.8214285714285714,0.6087392806700049,0.7948243992606284,0.9817351598173516,True,0.6677018633540373,0.024844720496894408,157,4,107,215
transition,ae_denso,Autoencoder Denso,42,True,F1L,1,Falha completa de um IGBT,L,IPPT (potência limitada),8,W_t,continuous_causal_within_experiment,False,False,7,161,7,False,False,3.461894989013672,5,0.04198194851752577,0.5545696539485359,0.0,5.551115123125783e-17,0.35433043506668743,0.9751552795031055,0.9378676444810962,0.9902969149361153,0.48757763975155277,-0.03256448045129181,0.0,0.0,True,0.0,0.024844720496894408,157,4,7,0
sustained,ae_denso,Autoencoder Denso,42,True,F1L,1,Falha completa de um IGBT,L,IPPT (potência limitada),8,W_t,continuous_causal_within_experiment,False,False,7,161,315,False,True,3.461894989013672,5,0.9375794778999287,0.857832988267771,0.6825396825396826,0.6291991637961655,0.7314816599127493,0.9751552795031055,0.9378676444810962,0.9902969149361153,0.828847481021394,0.6243154908214429,0.8052434456928839,0.9817351598173516,True,0.6825396825396826,0.024844720496894408,157,4,100,215
post_fault_reset,ae_denso,Autoencoder Denso,42,True,F1L,1,Falha completa de um IGBT,L,IPPT (potência limitada),8,W_t,continuous_causal_within_experiment,False,False,7,161,322,True,True,3.461894989013672,5,0.9351632497885493,0.851240307086918,0.6677018633540373,0.6145419226317103,0.7169076123380888,0.9751552795031055,0.9378676444810962,0.9902969149361153,0.8214285714285714,0.6087392806700049,0.7948243992606284,0.9817351598173516,True,0.6677018633540373,0.024844720496894408,157,4,107,215
current_full,ae_denso,Autoencoder Denso,71,False,F1L,1,Falha completa de um IGBT,L,IPPT (potência limitada),8,W_t,continuous_causal_within_experiment,False,False,7,161,322,False,False,3.792628526687622,5,0.9371003408382332,0.857760117279426,0.6677018633540373,0.6145419226317103,0.7169076123380888,0.9813664596273292,0.9466544229682271,0.9936430065067258,0.8245341614906831,0.6148654702269517,0.7962962962962963,0.9862385321100917,True,0.6677018633540373,0.018633540372670808,158,3,107,215
transition,ae_denso,Autoencoder Denso,71,False,F1L,1,Falha completa de um IGBT,L,IPPT (potência limitada),8,W_t,continuous_causal_within_experiment,False,False,7,161,7,False,False,3.792628526687622,5,0.041619395430067305,0.5474711623779946,0.0,5.551115123125783e-17,0.35433043506668743,0.9813664596273292,0.9466544229682271,0.9936430065067258,0.4906832298136646,-0.028116077855776665,0.0,0.0,True,0.0,0.018633540372670808,158,3,7,0
sustained,ae_denso,Autoencoder Denso,71,False,F1L,1,Falha completa de um IGBT,L,IPPT (potência limitada),8,W_t,continuous_causal_within_experiment,False,False,7,161,315,False,True,3.792628526687622,5,0.9396496789958664,0.8646554273883467,0.6825396825396826,0.6291991637961655,0.7314816599127493,0.9813664596273292,0.9466544229682271,0.9936430065067258,0.8319530710835059,0.6304298985846328,0.8067542213883677,0.9862385321100917,True,0.6825396825396826,0.018633540372670808,158,3,100,215
post_fault_reset,ae_denso,Autoencoder Denso,71,False,F1L,1,Falha completa de um IGBT,L,IPPT (potência limitada),8,W_t,continuous_causal_within_experiment,False,False,7,161,322,True,True,3.792628526687622,5,0.9371003408382332,0.857760117279426,0.6677018633540373,0.6145419226317103,0.7169076123380888,0.9813664596273292,0.9466544229682271,0.9936430065067258,0.8245341614906831,0.6148654702269517,0.7962962962962963,0.9862385321100917,True,0.6677018633540373,0.018633540372670808,158,3,107,215
current_full,ae_denso,Autoencoder Denso,101,False,F1L,1,Falha completa de um IGBT,L,IPPT (potência limitada),8,W_t,continuous_causal_within_experiment,False,False,7,161,322,False,False,3.144629955291748,5,0.9363849755411073,0.8546738165965819,0.6677018633540373,0.6145419226317103,0.7169076123380888,0.9751552795031055,0.9378676444810962,0.9902969149361153,0.8214285714285714,0.6087392806700049,0.7948243992606284,0.9817351598173516,True,0.6677018633540373,0.024844720496894408,157,4,107,215
transition,ae_denso,Autoencoder Denso,101,False,F1L,1,Falha completa de um IGBT,L,IPPT (potência limitada),8,W_t,continuous_causal_within_experiment,False,False,7,161,7,False,False,3.144629955291748,5,0.04155145785256692,0.5403726708074534,0.0,5.551115123125783e-17,0.35433043506668743,0.9751552795031055,0.9378676444810962,0.9902969149361153,0.48757763975155277,-0.03256448045129181,0.0,0.0,True,0.0,0.024844720496894408,157,4,7,0
sustained,ae_denso,Autoencoder Denso,101,False,F1L,1,Falha completa de um IGBT,L,IPPT (potência limitada),8,W_t,continuous_causal_within_experiment,False,False,7,161,315,False,True,3.144629955291748,5,0.9389537173977065,0.8616582865030069,0.6825396825396826,0.6291991637961655,0.7314816599127493,0.9751552795031055,0.9378676444810962,0.9902969149361153,0.828847481021394,0.6243154908214429,0.8052434456928839,0.9817351598173516,True,0.6825396825396826,0.024844720496894408,157,4,100,215
post_fault_reset,ae_denso,Autoencoder Denso,101,False,F1L,1,Falha completa de um IGBT,L,IPPT (potência limitada),8,W_t,continuous_causal_within_experiment,False,False,7,161,322,True,True,3.144629955291748,5,0.9363849755411073,0.8546738165965819,0.6677018633540373,0.6145419226317103,0.7169076123380888,0.9751552795031055,0.9378676444810962,0.9902969149361153,0.8214285714285714,0.6087392806700049,0.7948243992606284,0.9817351598173516,True,0.6677018633540373,0.024844720496894408,157,4,107,215
current_full,ae_lstm,AE-LSTM,13,False,F1L,1,Falha completa de um IGBT,L,IPPT (potência limitada),8,W_t,continuous_causal_within_experiment,False,False,7,161,322,False,False,23.392887115478516,5,0.9333260582274707,0.8505844681918135,0.6708074534161491,0.6177306863996089,0.7198568029214828,0.9627329192546584,0.9210886045972584,0.9828102147044706,0.8167701863354038,0.5992643310160244,0.7941176470588235,0.972972972972973,True,0.6708074534161491,0.037267080745341616,155,6,106,216
transition,ae_lstm,AE-LSTM,13,False,F1L,1,Falha completa de um IGBT,L,IPPT (potência limitada),8,W_t,continuous_causal_within_experiment,False,False,7,161,7,False,False,23.392887115478516,5,0.039783352502491764,0.515527950310559,0.0,5.551115123125783e-17,0.35433043506668743,0.9627329192546584,0.9210886045972584,0.9828102147044706,0.4813664596273292,-0.0401286176952564,0.0,0.0,True,0.0,0.037267080745341616,155,6,7,0
sustained,ae_lstm,AE-LSTM,13,False,F1L,1,Falha completa de um IGBT,L,IPPT (potência limitada),8,W_t,continuous_causal_within_experiment,False,False,7,161,315,False,True,23.392887115478516,5,0.9361005456119751,0.8580301685891747,0.6857142857142857,0.6324717484048379,0.7344817852816232,0.9627329192546584,0.9210886045972584,0.9828102147044706,0.824223602484472,0.6149637155165099,0.8044692737430168,0.972972972972973,True,0.6857142857142857,0.037267080745341616,155,6,99,216
post_fault_reset,ae_lstm,AE-LSTM,13,False,F1L,1,Falha completa de um IGBT,L,IPPT (potência limitada),8,W_t,continuous_causal_within_experiment,False,False,7,161,322,True,True,23.392887115478516,5,0.9324035955827406,0.8477296400601828,0.6708074534161491,0.6177306863996089,0.7198568029214828,0.9627329192546584,0.9210886045972584,0.9828102147044706,0.8167701863354038,0.5992643310160244,0.7941176470588235,0.972972972972973,True,0.6708074534161491,0.037267080745341616,155,6,106,216
current_full,ae_lstm,AE-LSTM,29,False,F1L,1,Falha completa de um IGBT,L,IPPT (potência limitada),8,W_t,continuous_causal_within_experiment,False,False,7,161,322,False,False,16.942502975463867,5,0.9330984973910932,0.852011882257629,0.7080745341614907,0.6561954163265561,0.7550475252100465,0.7888198757763976,0.7194206794356456,0.8447577782493262,0.7484472049689441,0.47017355913607434,0.7808219178082192,0.8702290076335878,True,0.7080745341614907,0.2111801242236025,127,34,94,228
transition,ae_lstm,AE-LSTM,29,False,F1L,1,Falha completa de um IGBT,L,IPPT (potência limitada),8,W_t,continuous_causal_within_experiment,False,False,7,161,7,False,False,16.942502975463867,5,0.03336916046460564,0.4090505767524401,0.0,5.551115123125783e-17,0.35433043506668743,0.7888198757763976,0.7194206794356456,0.8447577782493262,0.3944099378881988,-0.10503236422202819,0.0,0.0,True,0.0,0.2111801242236025,127,34,7,0
sustained,ae_lstm,AE-LSTM,29,False,F1L,1,Falha completa de um IGBT,L,IPPT (potência limitada),8,W_t,continuous_causal_within_experiment,False,False,7,161,315,False,True,16.942502975463867,5,0.936677067089974,0.8618554668244109,0.7238095238095238,0.6719620959075919,0.7702639575094253,0.7888198757763976,0.7194206794356456,0.8447577782493262,0.7563146997929606,0.48754442215394567,0.7902946273830156,0.8702290076335878,True,0.7238095238095238,0.2111801242236025,127,34,87,228
post_fault_reset,ae_lstm,AE-LSTM,29,False,F1L,1,Falha completa de um IGBT,L,IPPT (potência limitada),8,W_t,continuous_causal_within_experiment,False,False,7,161,322,True,True,16.942502975463867,5,0.9347155214835194,0.8564870182477529,0.7080745341614907,0.6561954163265561,0.7550475252100465,0.7888198757763976,0.7194206794356456,0.8447577782493262,0.7484472049689441,0.47017355913607434,0.7808219178082192,0.8702290076335878,True,0.7080745341614907,0.2111801242236025,127,34,94,228
current_full,ae_lstm,AE-LSTM,42,True,F1L,1,Falha completa de um IGBT,L,IPPT (potência limitada),8,W_t,continuous_causal_within_experiment,False,False,7,161,322,False,False,17.381608963012695,5,0.9298874858973848,0.842656533312758,0.6863354037267081,0.6337121835685221,0.7345650775090325,0.8571428571428571,0.7947569409876509,0.9028830873324754,0.7717391304347826,0.5124236754718031,0.7809187279151943,0.9057377049180327,True,0.6863354037267081,0.14285714285714285,138,23,101,221
transition,ae_lstm,AE-LSTM,42,True,F1L,1,Falha completa de um IGBT,L,IPPT (potência limitada),8,W_t,continuous_causal_within_experiment,False,False,7,161,7,False,False,17.381608963012695,5,0.03333027141483576,0.4161490683229814,0.0,5.551115123125783e-17,0.35433043506668743,0.8571428571428571,0.7947569409876509,0.9028830873324754,0.42857142857142855,-0.08304547985373996,0.0,0.0,True,0.0,0.14285714285714285,138,23,7,0
sustained,ae_lstm,AE-LSTM,42,True,F1L,1,Falha completa de um IGBT,L,IPPT (potência limitada),8,W_t,continuous_causal_within_experiment,False,False,7,161,315,False,True,17.381608963012695,5,0.9333227955072471,0.8521344769791974,0.7015873015873015,0.6488759764791021,0.7494411070950906,0.8571428571428571,0.7947569409876509,0.9028830873324754,0.7793650793650793,0.5288486783239984,0.7906976744186046,0.9057377049180327,True,0.7015873015873015,0.14285714285714285,138,23,94,221
post_fault_reset,ae_lstm,AE-LSTM,42,True,F1L,1,Falha completa de um IGBT,L,IPPT (potência limitada),8,W_t,continuous_causal_within_experiment,False,False,7,161,322,True,True,17.381608963012695,5,0.9296181107641726,0.8417692218664403,0.6863354037267081,0.6337121835685221,0.7345650775090325,0.8571428571428571,0.7947569409876509,0.9028830873324754,0.7717391304347826,0.5124236754718031,0.7809187279151943,0.9057377049180327,True,0.6863354037267081,0.14285714285714285,138,23,101,221
current_full,ae_lstm,AE-LSTM,71,False,F1L,1,Falha completa de um IGBT,L,IPPT (potência limitada),8,W_t,continuous_causal_within_experiment,False,False,7,161,322,False,False,20.02474594116211,5,0.9315037525119559,0.8466687242004554,0.6987577639751553,0.646543766698249,0.7462853117844759,0.8198757763975155,0.7532852509705031,0.8715575570031752,0.7593167701863355,0.48962870835865346,0.78125,0.8858267716535433,True,0.6987577639751553,0.18012422360248448,132,29,97,225
transition,ae_lstm,AE-LSTM,71,False,F1L,1,Falha completa de um IGBT,L,IPPT (potência limitada),8,W_t,continuous_causal_within_experiment,False,False,7,161,7,False,False,20.02474594116211,5,0.031297766365704735,0.3842058562555457,0.0,5.551115123125783e-17,0.35433043506668743,0.8198757763975155,0.7532852509705031,0.8715575570031752,0.40993788819875776,-0.09524181889439202,0.0,0.0,True,0.0,0.18012422360248448,132,29,7,0
sustained,ae_lstm,AE-LSTM,71,False,F1L,1,Falha completa de um IGBT,L,IPPT (potência limitada),8,W_t,continuous_causal_within_experiment,False,False,7,161,315,False,True,20.02474594116211,5,0.9351681509065559,0.8569456768214533,0.7142857142857143,0.6620503879291146,0.7613575355552635,0.8198757763975155,0.7532852509705031,0.8715575570031752,0.7670807453416149,0.5065793058852476,0.7908611599297012,0.8858267716535433,True,0.7142857142857143,0.18012422360248448,132,29,90,225
post_fault_reset,ae_lstm,AE-LSTM,71,False,F1L,1,Falha completa de um IGBT,L,IPPT (potência limitada),8,W_t,continuous_causal_within_experiment,False,False,7,161,322,True,True,20.02474594116211,5,0.9314275191426524,0.8465144091663132,0.6987577639751553,0.646543766698249,0.7462853117844759,0.8198757763975155,0.7532852509705031,0.8715575570031752,0.7593167701863355,0.48962870835865346,0.78125,0.8858267716535433,True,0.6987577639751553,0.18012422360248448,132,29,97,225
current_full,ae_lstm,AE-LSTM,101,False,F1L,1,Falha completa de um IGBT,L,IPPT (potência limitada),8,W_t,continuous_causal_within_experiment,False,False,7,161,322,False,False,20.34963035583496,5,0.9316437383509689,0.8461479109602253,0.6770186335403726,0.6241156940756879,0.7257477039479888,0.8881987577639752,0.8302036055575723,0.9281007730512607,0.7826086956521738,0.5330303183213663,0.7813620071684588,0.923728813559322,True,0.6770186335403726,0.11180124223602485,143,18,104,218
transition,ae_lstm,AE-LSTM,101,False,F1L,1,Falha completa de um IGBT,L,IPPT (potência limitada),8,W_t,continuous_causal_within_experiment,False,False,7,161,7,False,False,20.34963035583496,5,0.03248961622852913,0.40905057675244005,0.0,5.551115123125783e-17,0.35433043506668743,0.8881987577639752,0.8302036055575723,0.9281007730512607,0.4440993788819876,-0.07223151185146152,0.0,0.0,True,0.0,0.11180124223602485,143,18,7,0
sustained,ae_lstm,AE-LSTM,101,False,F1L,1,Falha completa de um IGBT,L,IPPT (potência limitada),8,W_t,continuous_causal_within_experiment,False,False,7,161,315,False,True,20.34963035583496,5,0.9351278231358633,0.8558611850537317,0.692063492063492,0.6390251093781741,0.7404738442633797,0.8881987577639752,0.8302036055575723,0.9281007730512607,0.7901311249137336,0.5490740389793722,0.7912885662431942,0.923728813559322,True,0.692063492063492,0.11180124223602485,143,18,97,218
post_fault_reset,ae_lstm,AE-LSTM,101,False,F1L,1,Falha completa de um IGBT,L,IPPT (potência limitada),8,W_t,continuous_causal_within_experiment,False,False,7,161,322,True,True,20.34963035583496,5,0.9318721404099304,0.8467265923382586,0.6770186335403726,0.6241156940756879,0.7257477039479888,0.8881987577639752,0.8302036055575723,0.9281007730512607,0.7826086956521738,0.5330303183213663,0.7813620071684588,0.923728813559322,True,0.6770186335403726,0.11180124223602485,143,18,104,218
current_full,ae_denso,Autoencoder Denso,13,False,F1M,1,Falha completa de um IGBT,M,MPPT (potência máxima),8,W_t,continuous_causal_within_experiment,False,False,7,174,347,False,False,3.5103249549865723,5,0.9625125289458833,0.909917519626354,0.7838616714697406,0.7375712596662795,0.8239359255511937,1.0,0.9783995315481122,1.0,0.8919308357348703,0.7401072613996199,0.8788368336025848,1.0,True,0.7838616714697406,0.0,174,0,75,272
transition,ae_denso,Autoencoder Denso,13,False,F1M,1,Falha completa de um IGBT,M,MPPT (potência máxima),8,W_t,continuous_causal_within_experiment,False,False,7,174,7,False,False,3.5103249549865723,5,0.05685615576134665,0.6945812807881774,0.0,5.551115123125783e-17,0.35433043506668743,1.0,0.9783995315481122,1.0,0.5,0.0,0.0,,False,0.0,0.0,174,0,7,0
sustained,ae_denso,Autoencoder Denso,13,False,F1M,1,Falha completa de um IGBT,M,MPPT (potência máxima),8,W_t,continuous_causal_within_experiment,False,False,7,174,340,False,True,3.5103249549865723,5,0.9642400745432129,0.9143509127789046,0.8,0.7542362903198585,0.8390604014161478,1.0,0.9783995315481122,1.0,0.9,0.7584237678041531,0.8888888888888888,1.0,True,0.8,0.0,174,0,68,272
post_fault_reset,ae_denso,Autoencoder Denso,13,False,F1M,1,Falha completa de um IGBT,M,MPPT (potência máxima),8,W_t,continuous_causal_within_experiment,False,False,7,174,347,True,True,3.5103249549865723,5,0.9625125289458833,0.909917519626354,0.7838616714697406,0.7375712596662795,0.8239359255511937,1.0,0.9783995315481122,1.0,0.8919308357348703,0.7401072613996199,0.8788368336025848,1.0,True,0.7838616714697406,0.0,174,0,75,272
current_full,ae_denso,Autoencoder Denso,29,False,F1M,1,Falha completa de um IGBT,M,MPPT (potência máxima),8,W_t,continuous_causal_within_experiment,False,False,7,174,347,False,False,3.3771872520446777,5,0.9608705161751727,0.9069197389777733,0.7838616714697406,0.7375712596662795,0.8239359255511937,1.0,0.9783995315481122,1.0,0.8919308357348703,0.7401072613996199,0.8788368336025848,1.0,True,0.7838616714697406,0.0,174,0,75,272
transition,ae_denso,Autoencoder Denso,29,False,F1M,1,Falha completa de um IGBT,M,MPPT (potência máxima),8,W_t,continuous_causal_within_experiment,False,False,7,174,7,False,False,3.3771872520446777,5,0.049177374184247155,0.6510673234811166,0.0,5.551115123125783e-17,0.35433043506668743,1.0,0.9783995315481122,1.0,0.5,0.0,0.0,,False,0.0,0.0,174,0,7,0
sustained,ae_denso,Autoencoder Denso,29,False,F1M,1,Falha completa de um IGBT,M,MPPT (potência máxima),8,W_t,continuous_causal_within_experiment,False,False,7,174,340,False,True,3.3771872520446777,5,0.9629446534289623,0.912187288708587,0.8,0.7542362903198585,0.8390604014161478,1.0,0.9783995315481122,1.0,0.9,0.7584237678041531,0.8888888888888888,1.0,True,0.8,0.0,174,0,68,272
post_fault_reset,ae_denso,Autoencoder Denso,29,False,F1M,1,Falha completa de um IGBT,M,MPPT (potência máxima),8,W_t,continuous_causal_within_experiment,False,False,7,174,347,True,True,3.3771872520446777,5,0.9608705161751727,0.9069197389777733,0.7838616714697406,0.7375712596662795,0.8239359255511937,1.0,0.9783995315481122,1.0,0.8919308357348703,0.7401072613996199,0.8788368336025848,1.0,True,0.7838616714697406,0.0,174,0,75,272
current_full,ae_denso,Autoencoder Denso,42,True,F1M,1,Falha completa de um IGBT,M,MPPT (potência máxima),8,W_t,continuous_causal_within_experiment,False,False,7,174,347,False,False,3.461894989013672,5,0.9617956563447204,0.9087747192686076,0.7838616714697406,0.7375712596662795,0.8239359255511937,1.0,0.9783995315481122,1.0,0.8919308357348703,0.7401072613996199,0.8788368336025848,1.0,True,0.7838616714697406,0.0,174,0,75,272
transition,ae_denso,Autoencoder Denso,42,True,F1M,1,Falha completa de um IGBT,M,MPPT (potência máxima),8,W_t,continuous_causal_within_experiment,False,False,7,174,7,False,False,3.461894989013672,5,0.057823547691568944,0.6986863711001642,0.0,5.551115123125783e-17,0.35433043506668743,1.0,0.9783995315481122,1.0,0.5,0.0,0.0,,False,0.0,0.0,174,0,7,0
sustained,ae_denso,Autoencoder Denso,42,True,F1M,1,Falha completa de um IGBT,M,MPPT (potência máxima),8,W_t,continuous_causal_within_experiment,False,False,7,174,340,False,True,3.461894989013672,5,0.9634624419527036,0.9131000676132521,0.8,0.7542362903198585,0.8390604014161478,1.0,0.9783995315481122,1.0,0.9,0.7584237678041531,0.8888888888888888,1.0,True,0.8,0.0,174,0,68,272
post_fault_reset,ae_denso,Autoencoder Denso,42,True,F1M,1,Falha completa de um IGBT,M,MPPT (potência máxima),8,W_t,continuous_causal_within_experiment,False,False,7,174,347,True,True,3.461894989013672,5,0.9617956563447204,0.9087747192686076,0.7838616714697406,0.7375712596662795,0.8239359255511937,1.0,0.9783995315481122,1.0,0.8919308357348703,0.7401072613996199,0.8788368336025848,1.0,True,0.7838616714697406,0.0,174,0,75,272
current_full,ae_denso,Autoencoder Denso,71,False,F1M,1,Falha completa de um IGBT,M,MPPT (potência máxima),8,W_t,continuous_causal_within_experiment,False,False,7,174,347,False,False,3.792628526687622,5,0.9628459320874172,0.9111265692802014,0.7838616714697406,0.7375712596662795,0.8239359255511937,1.0,0.9783995315481122,1.0,0.8919308357348703,0.7401072613996199,0.8788368336025848,1.0,True,0.7838616714697406,0.0,174,0,75,272
transition,ae_denso,Autoencoder Denso,71,False,F1M,1,Falha completa de um IGBT,M,MPPT (potência máxima),8,W_t,continuous_causal_within_experiment,False,False,7,174,7,False,False,3.792628526687622,5,0.06293758297786925,0.7192118226600985,0.0,5.551115123125783e-17,0.35433043506668743,1.0,0.9783995315481122,1.0,0.5,0.0,0.0,,False,0.0,0.0,174,0,7,0
sustained,ae_denso,Autoencoder Denso,71,False,F1M,1,Falha completa de um IGBT,M,MPPT (potência máxima),8,W_t,continuous_causal_within_experiment,False,False,7,174,340,False,True,3.792628526687622,5,0.9643566726391903,0.9150777552400271,0.8,0.7542362903198585,0.8390604014161478,1.0,0.9783995315481122,1.0,0.9,0.7584237678041531,0.8888888888888888,1.0,True,0.8,0.0,174,0,68,272
post_fault_reset,ae_denso,Autoencoder Denso,71,False,F1M,1,Falha completa de um IGBT,M,MPPT (potência máxima),8,W_t,continuous_causal_within_experiment,False,False,7,174,347,True,True,3.792628526687622,5,0.9628459320874172,0.9111265692802014,0.7838616714697406,0.7375712596662795,0.8239359255511937,1.0,0.9783995315481122,1.0,0.8919308357348703,0.7401072613996199,0.8788368336025848,1.0,True,0.7838616714697406,0.0,174,0,75,272
current_full,ae_denso,Autoencoder Denso,101,False,F1M,1,Falha completa de um IGBT,M,MPPT (potência máxima),8,W_t,continuous_causal_within_experiment,False,False,7,174,347,False,False,3.144629955291748,5,0.9617227349853517,0.9089237801848356,0.7838616714697406,0.7375712596662795,0.8239359255511937,1.0,0.9783995315481122,1.0,0.8919308357348703,0.7401072613996199,0.8788368336025848,1.0,True,0.7838616714697406,0.0,174,0,75,272
transition,ae_denso,Autoencoder Denso,101,False,F1M,1,Falha completa de um IGBT,M,MPPT (potência máxima),8,W_t,continuous_causal_within_experiment,False,False,7,174,7,False,False,3.144629955291748,5,0.048774297147350404,0.6469622331691297,0.0,5.551115123125783e-17,0.35433043506668743,1.0,0.9783995315481122,1.0,0.5,0.0,0.0,,False,0.0,0.0,174,0,7,0
sustained,ae_denso,Autoencoder Denso,101,False,F1M,1,Falha completa de um IGBT,M,MPPT (potência máxima),8,W_t,continuous_causal_within_experiment,False,False,7,174,340,False,True,3.144629955291748,5,0.9638355225445303,0.9143171061528059,0.8,0.7542362903198585,0.8390604014161478,1.0,0.9783995315481122,1.0,0.9,0.7584237678041531,0.8888888888888888,1.0,True,0.8,0.0,174,0,68,272
post_fault_reset,ae_denso,Autoencoder Denso,101,False,F1M,1,Falha completa de um IGBT,M,MPPT (potência máxima),8,W_t,continuous_causal_within_experiment,False,False,7,174,347,True,True,3.144629955291748,5,0.9617227349853517,0.9089237801848356,0.7838616714697406,0.7375712596662795,0.8239359255511937,1.0,0.9783995315481122,1.0,0.8919308357348703,0.7401072613996199,0.8788368336025848,1.0,True,0.7838616714697406,0.0,174,0,75,272
current_full,ae_lstm,AE-LSTM,13,False,F1M,1,Falha completa de um IGBT,M,MPPT (potência máxima),8,W_t,continuous_causal_within_experiment,False,False,7,174,347,False,False,23.392887115478516,5,0.9603003123968354,0.9043525787538508,0.7838616714697406,0.7375712596662795,0.8239359255511937,1.0,0.9783995315481122,1.0,0.8919308357348703,0.7401072613996199,0.8788368336025848,1.0,True,0.7838616714697406,0.0,174,0,75,272
transition,ae_lstm,AE-LSTM,13,False,F1M,1,Falha completa de um IGBT,M,MPPT (potência máxima),8,W_t,continuous_causal_within_experiment,False,False,7,174,7,False,False,23.392887115478516,5,0.12159858583079731,0.8308702791461413,0.0,5.551115123125783e-17,0.35433043506668743,1.0,0.9783995315481122,1.0,0.5,0.0,0.0,,False,0.0,0.0,174,0,7,0
sustained,ae_lstm,AE-LSTM,13,False,F1M,1,Falha completa de um IGBT,M,MPPT (potência máxima),8,W_t,continuous_causal_within_experiment,False,False,7,174,340,False,True,23.392887115478516,5,0.960671688146231,0.9058654496281271,0.8,0.7542362903198585,0.8390604014161478,1.0,0.9783995315481122,1.0,0.9,0.7584237678041531,0.8888888888888888,1.0,True,0.8,0.0,174,0,68,272
post_fault_reset,ae_lstm,AE-LSTM,13,False,F1M,1,Falha completa de um IGBT,M,MPPT (potência máxima),8,W_t,continuous_causal_within_experiment,False,False,7,174,347,True,True,23.392887115478516,5,0.9600628916708119,0.9039219583291928,0.7838616714697406,0.7375712596662795,0.8239359255511937,1.0,0.9783995315481122,1.0,0.8919308357348703,0.7401072613996199,0.8788368336025848,1.0,True,0.7838616714697406,0.0,174,0,75,272
current_full,ae_lstm,AE-LSTM,29,False,F1M,1,Falha completa de um IGBT,M,MPPT (potência máxima),8,W_t,continuous_causal_within_experiment,False,False,7,174,347,False,False,16.942502975463867,5,0.9600243067936363,0.9051972572791415,0.7838616714697406,0.7375712596662795,0.8239359255511937,1.0,0.9783995315481122,1.0,0.8919308357348703,0.7401072613996199,0.8788368336025848,1.0,True,0.7838616714697406,0.0,174,0,75,272
transition,ae_lstm,AE-LSTM,29,False,F1M,1,Falha completa de um IGBT,M,MPPT (potência máxima),8,W_t,continuous_causal_within_experiment,False,False,7,174,7,False,False,16.942502975463867,5,0.052279252261246204,0.6732348111658456,0.0,5.551115123125783e-17,0.35433043506668743,1.0,0.9783995315481122,1.0,0.5,0.0,0.0,,False,0.0,0.0,174,0,7,0
sustained,ae_lstm,AE-LSTM,29,False,F1M,1,Falha completa de um IGBT,M,MPPT (potência máxima),8,W_t,continuous_causal_within_experiment,False,False,7,174,340,False,True,16.942502975463867,5,0.9619090198563252,0.909972954699121,0.8,0.7542362903198585,0.8390604014161478,1.0,0.9783995315481122,1.0,0.9,0.7584237678041531,0.8888888888888888,1.0,True,0.8,0.0,174,0,68,272
post_fault_reset,ae_lstm,AE-LSTM,29,False,F1M,1,Falha completa de um IGBT,M,MPPT (potência máxima),8,W_t,continuous_causal_within_experiment,False,False,7,174,347,True,True,16.942502975463867,5,0.9602945764927504,0.9058928748882041,0.7838616714697406,0.7375712596662795,0.8239359255511937,1.0,0.9783995315481122,1.0,0.8919308357348703,0.7401072613996199,0.8788368336025848,1.0,True,0.7838616714697406,0.0,174,0,75,272
current_full,ae_lstm,AE-LSTM,42,True,F1M,1,Falha completa de um IGBT,M,MPPT (potência máxima),8,W_t,continuous_causal_within_experiment,False,False,7,174,347,False,False,17.381608963012695,5,0.9598965659361098,0.9052138196031667,0.7838616714697406,0.7375712596662795,0.8239359255511937,1.0,0.9783995315481122,1.0,0.8919308357348703,0.7401072613996199,0.8788368336025848,1.0,True,0.7838616714697406,0.0,174,0,75,272
transition,ae_lstm,AE-LSTM,42,True,F1M,1,Falha completa de um IGBT,M,MPPT (potência máxima),8,W_t,continuous_causal_within_experiment,False,False,7,174,7,False,False,17.381608963012695,5,0.04668997666316667,0.632183908045977,0.0,5.551115123125783e-17,0.35433043506668743,1.0,0.9783995315481122,1.0,0.5,0.0,0.0,,False,0.0,0.0,174,0,7,0
sustained,ae_lstm,AE-LSTM,42,True,F1M,1,Falha completa de um IGBT,M,MPPT (potência máxima),8,W_t,continuous_causal_within_experiment,False,False,7,174,340,False,True,17.381608963012695,5,0.9621300961772205,0.9108350236646383,0.8,0.7542362903198585,0.8390604014161478,1.0,0.9783995315481122,1.0,0.9,0.7584237678041531,0.8888888888888888,1.0,True,0.8,0.0,174,0,68,272
post_fault_reset,ae_lstm,AE-LSTM,42,True,F1M,1,Falha completa de um IGBT,M,MPPT (potência máxima),8,W_t,continuous_causal_within_experiment,False,False,7,174,347,True,True,17.381608963012695,5,0.9592156974484891,0.9034582132564841,0.7838616714697406,0.7375712596662795,0.8239359255511937,1.0,0.9783995315481122,1.0,0.8919308357348703,0.7401072613996199,0.8788368336025848,1.0,True,0.7838616714697406,0.0,174,0,75,272
current_full,ae_lstm,AE-LSTM,71,False,F1M,1,Falha completa de um IGBT,M,MPPT (potência máxima),8,W_t,continuous_causal_within_experiment,False,False,7,174,347,False,False,20.02474594116211,5,0.9618546153037639,0.9095200238497466,0.7838616714697406,0.7375712596662795,0.8239359255511937,1.0,0.9783995315481122,1.0,0.8919308357348703,0.7401072613996199,0.8788368336025848,1.0,True,0.7838616714697406,0.0,174,0,75,272
transition,ae_lstm,AE-LSTM,71,False,F1M,1,Falha completa de um IGBT,M,MPPT (potência máxima),8,W_t,continuous_causal_within_experiment,False,False,7,174,7,False,False,20.02474594116211,5,0.05855593299320749,0.7019704433497538,0.0,5.551115123125783e-17,0.35433043506668743,1.0,0.9783995315481122,1.0,0.5,0.0,0.0,,False,0.0,0.0,174,0,7,0
sustained,ae_lstm,AE-LSTM,71,False,F1M,1,Falha completa de um IGBT,M,MPPT (potência máxima),8,W_t,continuous_causal_within_experiment,False,False,7,174,340,False,True,20.02474594116211,5,0.9635115911661025,0.9137931034482758,0.8,0.7542362903198585,0.8390604014161478,1.0,0.9783995315481122,1.0,0.9,0.7584237678041531,0.8888888888888888,1.0,True,0.8,0.0,174,0,68,272
post_fault_reset,ae_lstm,AE-LSTM,71,False,F1M,1,Falha completa de um IGBT,M,MPPT (potência máxima),8,W_t,continuous_causal_within_experiment,False,False,7,174,347,True,True,20.02474594116211,5,0.9617812910652915,0.9095034615257213,0.7838616714697406,0.7375712596662795,0.8239359255511937,1.0,0.9783995315481122,1.0,0.8919308357348703,0.7401072613996199,0.8788368336025848,1.0,True,0.7838616714697406,0.0,174,0,75,272
current_full,ae_lstm,AE-LSTM,101,False,F1M,1,Falha completa de um IGBT,M,MPPT (potência máxima),8,W_t,continuous_causal_within_experiment,False,False,7,174,347,False,False,20.34963035583496,5,0.9628801065293643,0.9109112590678724,0.7838616714697406,0.7375712596662795,0.8239359255511937,1.0,0.9783995315481122,1.0,0.8919308357348703,0.7401072613996199,0.8788368336025848,1.0,True,0.7838616714697406,0.0,174,0,75,272
transition,ae_lstm,AE-LSTM,101,False,F1M,1,Falha completa de um IGBT,M,MPPT (potência máxima),8,W_t,continuous_causal_within_experiment,False,False,7,174,7,False,False,20.34963035583496,5,0.09389958564132944,0.8078817733990148,0.0,5.551115123125783e-17,0.35433043506668743,1.0,0.9783995315481122,1.0,0.5,0.0,0.0,,False,0.0,0.0,174,0,7,0
sustained,ae_lstm,AE-LSTM,101,False,F1M,1,Falha completa de um IGBT,M,MPPT (potência máxima),8,W_t,continuous_causal_within_experiment,False,False,7,174,340,False,True,20.34963035583496,5,0.963581399312521,0.9130324543610548,0.8,0.7542362903198585,0.8390604014161478,1.0,0.9783995315481122,1.0,0.9,0.7584237678041531,0.8888888888888888,1.0,True,0.8,0.0,174,0,68,272
post_fault_reset,ae_lstm,AE-LSTM,101,False,F1M,1,Falha completa de um IGBT,M,MPPT (potência máxima),8,W_t,continuous_causal_within_experiment,False,False,7,174,347,True,True,20.34963035583496,5,0.9627357650972798,0.9107621981516447,0.7838616714697406,0.7375712596662795,0.8239359255511937,1.0,0.9783995315481122,1.0,0.8919308357348703,0.7401072613996199,0.8788368336025848,1.0,True,0.7838616714697406,0.0,174,0,75,272
current_full,ae_denso,Autoencoder Denso,13,False,F2L,2,Erro de 20% no sistema de sensor/realimentação,L,IPPT (potência limitada),8,W_t,continuous_causal_within_experiment,False,False,7,178,354,False,False,3.5103249549865723,5,0.9554933683190376,0.8972576652066273,0.7937853107344632,0.7485937219878215,0.8326692783517334,0.8539325842696629,0.7945817396944924,0.8983295513672619,0.823858947502063,0.6186386952040269,0.8502269288956127,0.9153094462540716,True,0.7937853107344632,0.14606741573033707,152,26,73,281
transition,ae_denso,Autoencoder Denso,13,False,F2L,2,Erro de 20% no sistema de sensor/realimentação,L,IPPT (potência limitada),8,W_t,continuous_causal_within_experiment,False,False,7,178,7,False,False,3.5103249549865723,5,0.03969888249268709,0.5152487961476726,0.14285714285714285,0.02567962434474355,0.5131278292743189,0.8539325842696629,0.7945817396944924,0.8983295513672619,0.4983948635634029,-0.0017349643071036906,0.058823529411764705,0.037037037037037035,True,0.14285714285714285,0.14606741573033707,152,26,6,1
sustained,ae_denso,Autoencoder Denso,13,False,F2L,2,Erro de 20% no sistema de sensor/realimentação,L,IPPT (potência limitada),8,W_t,continuous_causal_within_experiment,False,False,7,178,347,False,True,3.5103249549865723,5,0.9582166688703009,0.9049638959945602,0.8069164265129684,0.7621166219903532,0.8449952077117879,0.8539325842696629,0.7945817396944924,0.8983295513672619,0.8304245053913156,0.6344453404313153,0.8575803981623277,0.9150326797385621,True,0.8069164265129684,0.14606741573033707,152,26,67,280
post_fault_reset,ae_denso,Autoencoder Denso,13,False,F2L,2,Erro de 20% no sistema de sensor/realimentação,L,IPPT (potência limitada),8,W_t,continuous_causal_within_experiment,False,False,7,178,354,True,True,3.5103249549865723,5,0.9554933683190376,0.8972576652066273,0.7937853107344632,0.7485937219878215,0.8326692783517334,0.8539325842696629,0.7945817396944924,0.8983295513672619,0.823858947502063,0.6186386952040269,0.8502269288956127,0.9153094462540716,True,0.7937853107344632,0.14606741573033707,152,26,73,281
current_full,ae_denso,Autoencoder Denso,29,False,F2L,2,Erro de 20% no sistema de sensor/realimentação,L,IPPT (potência limitada),8,W_t,continuous_causal_within_experiment,False,False,7,178,354,False,False,3.3771872520446777,5,0.9559328638952541,0.8984796546689519,0.8022598870056498,0.7576202763965628,0.840409925875864,0.7921348314606742,0.726663108241346,0.8452636716826418,0.797197359233162,0.5733143735979118,0.8414814814814815,0.8847352024922118,True,0.8022598870056498,0.20786516853932585,141,37,70,284
transition,ae_denso,Autoencoder Denso,29,False,F2L,2,Erro de 20% no sistema de sensor/realimentação,L,IPPT (potência limitada),8,W_t,continuous_causal_within_experiment,False,False,7,178,7,False,False,3.3771872520446777,5,0.04004911949490603,0.5168539325842696,0.14285714285714285,0.02567962434474355,0.5131278292743189,0.7921348314606742,0.726663108241346,0.8452636716826418,0.4674959871589085,-0.030702626685712477,0.044444444444444446,0.02631578947368421,True,0.14285714285714285,0.20786516853932585,141,37,6,1
sustained,ae_denso,Autoencoder Denso,29,False,F2L,2,Erro de 20% no sistema de sensor/realimentação,L,IPPT (potência limitada),8,W_t,continuous_causal_within_experiment,False,False,7,178,347,False,True,3.3771872520446777,5,0.9586693615420384,0.9061781562672021,0.8155619596541787,0.7713767605835279,0.8528368108003636,0.7921348314606742,0.726663108241346,0.8452636716826418,0.8038483955574265,0.5896709894769555,0.848575712143928,0.884375,True,0.8155619596541787,0.20786516853932585,141,37,64,283
post_fault_reset,ae_denso,Autoencoder Denso,29,False,F2L,2,Erro de 20% no sistema de sensor/realimentação,L,IPPT (potência limitada),8,W_t,continuous_causal_within_experiment,False,False,7,178,354,True,True,3.3771872520446777,5,0.9559328638952541,0.8984796546689519,0.8022598870056498,0.7576202763965628,0.840409925875864,0.7921348314606742,0.726663108241346,0.8452636716826418,0.797197359233162,0.5733143735979118,0.8414814814814815,0.8847352024922118,True,0.8022598870056498,0.20786516853932585,141,37,70,284
current_full,ae_denso,Autoencoder Denso,42,True,F2L,2,Erro de 20% no sistema de sensor/realimentação,L,IPPT (potência limitada),8,W_t,continuous_causal_within_experiment,False,False,7,178,354,False,False,3.461894989013672,5,0.9555767839553888,0.8977655049831779,0.788135593220339,0.742591407718413,0.8274934579992275,0.8258426966292135,0.7634095080304433,0.8745088234232352,0.8069891449247762,0.5874992450569202,0.8403614457831325,0.9,True,0.788135593220339,0.17415730337078653,147,31,75,279
transition,ae_denso,Autoencoder Denso,42,True,F2L,2,Erro de 20% no sistema de sensor/realimentação,L,IPPT (potência limitada),8,W_t,continuous_causal_within_experiment,False,False,7,178,7,False,False,3.461894989013672,5,0.04040070175876519,0.5120385232744783,0.14285714285714285,0.02567962434474355,0.5131278292743189,0.8258426966292135,0.7634095080304433,0.8745088234232352,0.4843499197431782,-0.015790100031142458,0.05128205128205128,0.03125,True,0.14285714285714285,0.17415730337078653,147,31,6,1
sustained,ae_denso,Autoencoder Denso,42,True,F2L,2,Erro de 20% no sistema de sensor/realimentação,L,IPPT (potência limitada),8,W_t,continuous_causal_within_experiment,False,False,7,178,347,False,True,3.461894989013672,5,0.9583075491937393,0.9055467409254283,0.8011527377521613,0.7559605974572792,0.8397500711236949,0.8258426966292135,0.7634095080304433,0.8745088234232352,0.8134977171906874,0.6031606515632989,0.8475609756097561,0.8996763754045307,True,0.8011527377521613,0.17415730337078653,147,31,69,278
post_fault_reset,ae_denso,Autoencoder Denso,42,True,F2L,2,Erro de 20% no sistema de sensor/realimentação,L,IPPT (potência limitada),8,W_t,continuous_causal_within_experiment,False,False,7,178,354,True,True,3.461894989013672,5,0.9555767839553888,0.8977655049831779,0.788135593220339,0.742591407718413,0.8274934579992275,0.8258426966292135,0.7634095080304433,0.8745088234232352,0.8069891449247762,0.5874992450569202,0.8403614457831325,0.9,True,0.788135593220339,0.17415730337078653,147,31,75,279
current_full,ae_denso,Autoencoder Denso,71,False,F2L,2,Erro de 20% no sistema de sensor/realimentação,L,IPPT (potência limitada),8,W_t,continuous_causal_within_experiment,False,False,7,178,354,False,False,3.792628526687622,5,0.9561754664448152,0.8990192344315369,0.7853107344632768,0.7395947320006753,0.8249010664060079,0.8370786516853933,0.7758122544632188,0.8841032608336902,0.811194693074335,0.5944473060349764,0.8411497730711044,0.9055374592833876,True,0.7853107344632768,0.16292134831460675,149,29,76,278
transition,ae_denso,Autoencoder Denso,71,False,F2L,2,Erro de 20% no sistema de sensor/realimentação,L,IPPT (potência limitada),8,W_t,continuous_causal_within_experiment,False,False,7,178,7,False,False,3.792628526687622,5,0.04700076026034547,0.5160513643659711,0.14285714285714285,0.02567962434474355,0.5131278292743189,0.8370786516853933,0.7758122544632188,0.8841032608336902,0.4899678972712681,-0.010386148099847045,0.05405405405405406,0.03333333333333333,True,0.14285714285714285,0.16292134831460675,149,29,6,1
sustained,ae_denso,Autoencoder Denso,71,False,F2L,2,Erro de 20% no sistema de sensor/realimentação,L,IPPT (potência limitada),8,W_t,continuous_causal_within_experiment,False,False,7,178,347,False,True,3.792628526687622,5,0.9588910864367401,0.9067448110611016,0.7982708933717579,0.7528876349012186,0.8371224531191721,0.8370786516853933,0.7758122544632188,0.8841032608336902,0.8176747725285756,0.6099646845643125,0.8483920367534457,0.9052287581699346,True,0.7982708933717579,0.16292134831460675,149,29,70,277
post_fault_reset,ae_denso,Autoencoder Denso,71,False,F2L,2,Erro de 20% no sistema de sensor/realimentação,L,IPPT (potência limitada),8,W_t,continuous_causal_within_experiment,False,False,7,178,354,True,True,3.792628526687622,5,0.9561754664448152,0.8990192344315369,0.7853107344632768,0.7395947320006753,0.8249010664060079,0.8370786516853933,0.7758122544632188,0.8841032608336902,0.811194693074335,0.5944473060349764,0.8411497730711044,0.9055374592833876,True,0.7853107344632768,0.16292134831460675,149,29,76,278
current_full,ae_denso,Autoencoder Denso,101,False,F2L,2,Erro de 20% no sistema de sensor/realimentação,L,IPPT (potência limitada),8,W_t,continuous_causal_within_experiment,False,False,7,178,354,False,False,3.144629955291748,5,0.956041680257818,0.8987653145432616,0.8107344632768362,0.7666757008052032,0.8481217034000954,0.7696629213483146,0.702504108549779,0.8254283036877481,0.7901986923125754,0.5632290847343623,0.841642228739003,0.875,True,0.8107344632768362,0.2303370786516854,137,41,67,287
transition,ae_denso,Autoencoder Denso,101,False,F2L,2,Erro de 20% no sistema de sensor/realimentação,L,IPPT (potência limitada),8,W_t,continuous_causal_within_experiment,False,False,7,178,7,False,False,3.144629955291748,5,0.04132311018100287,0.5224719101123595,0.14285714285714285,0.02567962434474355,0.5131278292743189,0.7696629213483146,0.702504108549779,0.8254283036877481,0.4562600321027287,-0.03984509006638657,0.04081632653061224,0.023809523809523808,True,0.14285714285714285,0.2303370786516854,137,41,6,1
sustained,ae_denso,Autoencoder Denso,101,False,F2L,2,Erro de 20% no sistema de sensor/realimentação,L,IPPT (potência limitada),8,W_t,continuous_causal_within_experiment,False,False,7,178,347,False,True,3.144629955291748,5,0.9587334854140551,0.9063562477738563,0.8242074927953891,0.7806697082526072,0.860645604813035,0.7696629213483146,0.702504108549779,0.8254283036877481,0.7969352070718518,0.580042688607277,0.8486646884272997,0.8746177370030581,True,0.8242074927953891,0.2303370786516854,137,41,61,286
post_fault_reset,ae_denso,Autoencoder Denso,101,False,F2L,2,Erro de 20% no sistema de sensor/realimentação,L,IPPT (potência limitada),8,W_t,continuous_causal_within_experiment,False,False,7,178,354,True,True,3.144629955291748,5,0.956041680257818,0.8987653145432616,0.8107344632768362,0.7666757008052032,0.8481217034000954,0.7696629213483146,0.702504108549779,0.8254283036877481,0.7901986923125754,0.5632290847343623,0.841642228739003,0.875,True,0.8107344632768362,0.2303370786516854,137,41,67,287
current_full,ae_lstm,AE-LSTM,13,False,F2L,2,Erro de 20% no sistema de sensor/realimentação,L,IPPT (potência limitada),8,W_t,continuous_causal_within_experiment,False,False,7,178,354,False,False,23.392887115478516,5,0.9516585915240786,0.883482511267695,0.751412429378531,0.7038524858623848,0.7935745048128112,1.0,0.978874681023748,0.9999999999999999,0.8757062146892656,0.7091014446163978,0.8580645161290322,1.0,True,0.751412429378531,0.0,178,0,88,266
transition,ae_lstm,AE-LSTM,13,False,F2L,2,Erro de 20% no sistema de sensor/realimentação,L,IPPT (potência limitada),8,W_t,continuous_causal_within_experiment,False,False,7,178,7,False,False,23.392887115478516,5,0.04691910050251965,0.5762439807383628,0.0,5.551115123125783e-17,0.35433043506668743,1.0,0.978874681023748,0.9999999999999999,0.5,0.0,0.0,,False,0.0,0.0,178,0,7,0
sustained,ae_lstm,AE-LSTM,13,False,F2L,2,Erro de 20% no sistema de sensor/realimentação,L,IPPT (potência limitada),8,W_t,continuous_causal_within_experiment,False,False,7,178,347,False,True,23.392887115478516,5,0.9538860260693163,0.8896804066962408,0.7665706051873199,0.7192921482504201,0.8080115536035523,1.0,0.978874681023748,0.9999999999999999,0.88328530259366,0.725832148511028,0.867862969004894,1.0,True,0.7665706051873199,0.0,178,0,81,266
post_fault_reset,ae_lstm,AE-LSTM,13,False,F2L,2,Erro de 20% no sistema de sensor/realimentação,L,IPPT (potência limitada),8,W_t,continuous_causal_within_experiment,False,False,7,178,354,True,True,23.392887115478516,5,0.9516850332650914,0.8834507712816606,0.751412429378531,0.7038524858623848,0.7935745048128112,1.0,0.978874681023748,0.9999999999999999,0.8757062146892656,0.7091014446163978,0.8580645161290322,1.0,True,0.751412429378531,0.0,178,0,88,266
current_full,ae_lstm,AE-LSTM,29,False,F2L,2,Erro de 20% no sistema de sensor/realimentação,L,IPPT (potência limitada),8,W_t,continuous_causal_within_experiment,False,False,7,178,354,False,False,16.942502975463867,5,0.9488683742263553,0.8747857550942678,0.7598870056497176,0.7127519286032065,0.8014422640048615,0.9943820224719101,0.9688684894244082,0.9990075996777248,0.8771345140608138,0.711877685000803,0.8621794871794872,0.9962962962962963,True,0.7598870056497176,0.0056179775280898875,177,1,85,269
transition,ae_lstm,AE-LSTM,29,False,F2L,2,Erro de 20% no sistema de sensor/realimentação,L,IPPT (potência limitada),8,W_t,continuous_causal_within_experiment,False,False,7,178,7,False,False,16.942502975463867,5,0.07299527764428428,0.5024077046548957,0.14285714285714285,0.02567962434474355,0.5131278292743189,0.9943820224719101,0.9688684894244082,0.9990075996777248,0.5686195826645265,0.2532191499465226,0.2222222222222222,0.5,True,0.14285714285714285,0.0056179775280898875,177,1,6,1
sustained,ae_lstm,AE-LSTM,29,False,F2L,2,Erro de 20% no sistema de sensor/realimentação,L,IPPT (potência limitada),8,W_t,continuous_causal_within_experiment,False,False,7,178,347,False,True,16.942502975463867,5,0.9514057120794097,0.8822977042385779,0.7723342939481268,0.7253735015258392,0.8133313614493,0.9943820224719101,0.9688684894244082,0.9990075996777248,0.8833581582100185,0.726128230149709,0.8701298701298701,0.9962825278810409,True,0.7723342939481268,0.0056179775280898875,177,1,79,268
post_fault_reset,ae_lstm,AE-LSTM,29,False,F2L,2,Erro de 20% no sistema de sensor/realimentação,L,IPPT (potência limitada),8,W_t,continuous_causal_within_experiment,False,False,7,178,354,True,True,16.942502975463867,5,0.9490498869293639,0.8750714149685773,0.7570621468926554,0.709782879978729,0.7988222453183816,0.9943820224719101,0.9688684894244082,0.9990075996777248,0.8757220846822827,0.7091765016101073,0.8603531300160514,0.9962825278810409,True,0.7570621468926554,0.0056179775280898875,177,1,86,268
current_full,ae_lstm,AE-LSTM,42,True,F2L,2,Erro de 20% no sistema de sensor/realimentação,L,IPPT (potência limitada),8,W_t,continuous_causal_within_experiment,False,False,7,178,354,False,False,17.381608963012695,5,0.9538687140371825,0.8908461880276772,0.751412429378531,0.7038524858623848,0.7935745048128112,1.0,0.978874681023748,0.9999999999999999,0.8757062146892656,0.7091014446163978,0.8580645161290322,1.0,True,0.751412429378531,0.0,178,0,88,266
transition,ae_lstm,AE-LSTM,42,True,F2L,2,Erro de 20% no sistema de sensor/realimentação,L,IPPT (potência limitada),8,W_t,continuous_causal_within_experiment,False,False,7,178,7,False,False,17.381608963012695,5,0.04236005374241485,0.5786516853932584,0.0,5.551115123125783e-17,0.35433043506668743,1.0,0.978874681023748,0.9999999999999999,0.5,0.0,0.0,,False,0.0,0.0,178,0,7,0
sustained,ae_lstm,AE-LSTM,42,True,F2L,2,Erro de 20% no sistema de sensor/realimentação,L,IPPT (potência limitada),8,W_t,continuous_causal_within_experiment,False,False,7,178,347,False,True,17.381608963012695,5,0.9561715477188159,0.8971440598387462,0.7665706051873199,0.7192921482504201,0.8080115536035523,1.0,0.978874681023748,0.9999999999999999,0.88328530259366,0.725832148511028,0.867862969004894,1.0,True,0.7665706051873199,0.0,178,0,81,266
post_fault_reset,ae_lstm,AE-LSTM,42,True,F2L,2,Erro de 20% no sistema de sensor/realimentação,L,IPPT (potência limitada),8,W_t,continuous_causal_within_experiment,False,False,7,178,354,True,True,17.381608963012695,5,0.9535563922534229,0.8897987684885419,0.751412429378531,0.7038524858623848,0.7935745048128112,1.0,0.978874681023748,0.9999999999999999,0.8757062146892656,0.7091014446163978,0.8580645161290322,1.0,True,0.751412429378531,0.0,178,0,88,266
current_full,ae_lstm,AE-LSTM,71,False,F2L,2,Erro de 20% no sistema de sensor/realimentação,L,IPPT (potência limitada),8,W_t,continuous_causal_within_experiment,False,False,7,178,354,False,False,20.02474594116211,5,0.9516713225061109,0.8822129118263188,0.751412429378531,0.7038524858623848,0.7935745048128112,1.0,0.978874681023748,0.9999999999999999,0.8757062146892656,0.7091014446163978,0.8580645161290322,1.0,True,0.751412429378531,0.0,178,0,88,266
transition,ae_lstm,AE-LSTM,71,False,F2L,2,Erro de 20% no sistema de sensor/realimentação,L,IPPT (potência limitada),8,W_t,continuous_causal_within_experiment,False,False,7,178,7,False,False,20.02474594116211,5,0.03239083814296262,0.4678972712680578,0.0,5.551115123125783e-17,0.35433043506668743,1.0,0.978874681023748,0.9999999999999999,0.5,0.0,0.0,,False,0.0,0.0,178,0,7,0
sustained,ae_lstm,AE-LSTM,71,False,F2L,2,Erro de 20% no sistema de sensor/realimentação,L,IPPT (potência limitada),8,W_t,continuous_causal_within_experiment,False,False,7,178,347,False,True,20.02474594116211,5,0.9547304178158473,0.8905708642295114,0.7665706051873199,0.7192921482504201,0.8080115536035523,1.0,0.978874681023748,0.9999999999999999,0.88328530259366,0.725832148511028,0.867862969004894,1.0,True,0.7665706051873199,0.0,178,0,81,266
post_fault_reset,ae_lstm,AE-LSTM,71,False,F2L,2,Erro de 20% no sistema de sensor/realimentação,L,IPPT (potência limitada),8,W_t,continuous_causal_within_experiment,False,False,7,178,354,True,True,20.02474594116211,5,0.9517043907052033,0.882308131784422,0.751412429378531,0.7038524858623848,0.7935745048128112,1.0,0.978874681023748,0.9999999999999999,0.8757062146892656,0.7091014446163978,0.8580645161290322,1.0,True,0.751412429378531,0.0,178,0,88,266
current_full,ae_lstm,AE-LSTM,101,False,F2L,2,Erro de 20% no sistema de sensor/realimentação,L,IPPT (potência limitada),8,W_t,continuous_causal_within_experiment,False,False,7,178,354,False,False,20.34963035583496,5,0.9519908111694584,0.8859582301783787,0.751412429378531,0.7038524858623848,0.7935745048128112,1.0,0.978874681023748,0.9999999999999999,0.8757062146892656,0.7091014446163978,0.8580645161290322,1.0,True,0.751412429378531,0.0,178,0,88,266
transition,ae_lstm,AE-LSTM,101,False,F2L,2,Erro de 20% no sistema de sensor/realimentação,L,IPPT (potência limitada),8,W_t,continuous_causal_within_experiment,False,False,7,178,7,False,False,20.34963035583496,5,0.03627562266179222,0.5128410914927769,0.0,5.551115123125783e-17,0.35433043506668743,1.0,0.978874681023748,0.9999999999999999,0.5,0.0,0.0,,False,0.0,0.0,178,0,7,0
sustained,ae_lstm,AE-LSTM,101,False,F2L,2,Erro de 20% no sistema de sensor/realimentação,L,IPPT (potência limitada),8,W_t,continuous_causal_within_experiment,False,False,7,178,347,False,True,20.34963035583496,5,0.954715615608799,0.8934850888838519,0.7665706051873199,0.7192921482504201,0.8080115536035523,1.0,0.978874681023748,0.9999999999999999,0.88328530259366,0.725832148511028,0.867862969004894,1.0,True,0.7665706051873199,0.0,178,0,81,266
post_fault_reset,ae_lstm,AE-LSTM,101,False,F2L,2,Erro de 20% no sistema de sensor/realimentação,L,IPPT (potência limitada),8,W_t,continuous_causal_within_experiment,False,False,7,178,354,True,True,20.34963035583496,5,0.9525132107654041,0.8872278296197549,0.751412429378531,0.7038524858623848,0.7935745048128112,1.0,0.978874681023748,0.9999999999999999,0.8757062146892656,0.7091014446163978,0.8580645161290322,1.0,True,0.751412429378531,0.0,178,0,88,266
current_full,ae_denso,Autoencoder Denso,13,False,F2M,2,Erro de 20% no sistema de sensor/realimentação,M,MPPT (potência máxima),8,W_t,continuous_causal_within_experiment,False,False,7,180,359,False,False,3.5103249549865723,5,0.9615515032655165,0.9073506654286599,0.7966573816155988,0.7519844173014559,0.8350488304764901,0.9944444444444445,0.9692069292336208,0.9990186339327839,0.8955509130300217,0.7477813768634957,0.8854489164086687,0.9965156794425087,True,0.7966573816155988,0.005555555555555556,179,1,73,286
transition,ae_denso,Autoencoder Denso,13,False,F2M,2,Erro de 20% no sistema de sensor/realimentação,M,MPPT (potência máxima),8,W_t,continuous_causal_within_experiment,False,False,7,180,7,False,False,3.5103249549865723,5,0.06097561799881911,0.7055555555555555,0.0,5.551115123125783e-17,0.35433043506668743,0.9944444444444445,0.9692069292336208,0.9990186339327839,0.49722222222222223,-0.01445960054046187,0.0,0.0,True,0.0,0.005555555555555556,179,1,7,0
sustained,ae_denso,Autoencoder Denso,13,False,F2M,2,Erro de 20% no sistema de sensor/realimentação,M,MPPT (potência máxima),8,W_t,continuous_causal_within_experiment,False,False,7,180,352,False,True,3.5103249549865723,5,0.9630263893135473,0.9113636363636364,0.8125,0.7684324987057397,0.8498203623552206,0.9944444444444445,0.9692069292336208,0.9990186339327839,0.9034722222222222,0.7659972839031226,0.8951486697965572,0.9965156794425087,True,0.8125,0.005555555555555556,179,1,66,286
post_fault_reset,ae_denso,Autoencoder Denso,13,False,F2M,2,Erro de 20% no sistema de sensor/realimentação,M,MPPT (potência máxima),8,W_t,continuous_causal_within_experiment,False,False,7,180,359,True,True,3.5103249549865723,5,0.9615515032655165,0.9073506654286599,0.7966573816155988,0.7519844173014559,0.8350488304764901,0.9944444444444445,0.9692069292336208,0.9990186339327839,0.8955509130300217,0.7477813768634957,0.8854489164086687,0.9965156794425087,True,0.7966573816155988,0.005555555555555556,179,1,73,286
current_full,ae_denso,Autoencoder Denso,29,False,F2M,2,Erro de 20% no sistema de sensor/realimentação,M,MPPT (potência máxima),8,W_t,continuous_causal_within_experiment,False,False,7,180,359,False,False,3.3771872520446777,5,0.9587224505390957,0.8988548437016404,0.7966573816155988,0.7519844173014559,0.8350488304764901,0.9944444444444445,0.9692069292336208,0.9990186339327839,0.8955509130300217,0.7477813768634957,0.8854489164086687,0.9965156794425087,True,0.7966573816155988,0.005555555555555556,179,1,73,286
transition,ae_denso,Autoencoder Denso,29,False,F2M,2,Erro de 20% no sistema de sensor/realimentação,M,MPPT (potência máxima),8,W_t,continuous_causal_within_experiment,False,False,7,180,7,False,False,3.3771872520446777,5,0.07105874533180123,0.7253968253968254,0.0,5.551115123125783e-17,0.35433043506668743,0.9944444444444445,0.9692069292336208,0.9990186339327839,0.49722222222222223,-0.01445960054046187,0.0,0.0,True,0.0,0.005555555555555556,179,1,7,0
sustained,ae_denso,Autoencoder Denso,29,False,F2M,2,Erro de 20% no sistema de sensor/realimentação,M,MPPT (potência máxima),8,W_t,continuous_causal_within_experiment,False,False,7,180,352,False,True,3.3771872520446777,5,0.959917351459942,0.9023042929292928,0.8125,0.7684324987057397,0.8498203623552206,0.9944444444444445,0.9692069292336208,0.9990186339327839,0.9034722222222222,0.7659972839031226,0.8951486697965572,0.9965156794425087,True,0.8125,0.005555555555555556,179,1,66,286
post_fault_reset,ae_denso,Autoencoder Denso,29,False,F2M,2,Erro de 20% no sistema de sensor/realimentação,M,MPPT (potência máxima),8,W_t,continuous_causal_within_experiment,False,False,7,180,359,True,True,3.3771872520446777,5,0.9587224505390957,0.8988548437016404,0.7966573816155988,0.7519844173014559,0.8350488304764901,0.9944444444444445,0.9692069292336208,0.9990186339327839,0.8955509130300217,0.7477813768634957,0.8854489164086687,0.9965156794425087,True,0.7966573816155988,0.005555555555555556,179,1,73,286
current_full,ae_denso,Autoencoder Denso,42,True,F2M,2,Erro de 20% no sistema de sensor/realimentação,M,MPPT (potência máxima),8,W_t,continuous_causal_within_experiment,False,False,7,180,359,False,False,3.461894989013672,5,0.9609319481724661,0.905385329619313,0.7966573816155988,0.7519844173014559,0.8350488304764901,0.9944444444444445,0.9692069292336208,0.9990186339327839,0.8955509130300217,0.7477813768634957,0.8854489164086687,0.9965156794425087,True,0.7966573816155988,0.005555555555555556,179,1,73,286
transition,ae_denso,Autoencoder Denso,42,True,F2M,2,Erro de 20% no sistema de sensor/realimentação,M,MPPT (potência máxima),8,W_t,continuous_causal_within_experiment,False,False,7,180,7,False,False,3.461894989013672,5,0.06455890384397192,0.7158730158730159,0.0,5.551115123125783e-17,0.35433043506668743,0.9944444444444445,0.9692069292336208,0.9990186339327839,0.49722222222222223,-0.01445960054046187,0.0,0.0,True,0.0,0.005555555555555556,179,1,7,0
sustained,ae_denso,Autoencoder Denso,42,True,F2M,2,Erro de 20% no sistema de sensor/realimentação,M,MPPT (potência máxima),8,W_t,continuous_causal_within_experiment,False,False,7,180,352,False,True,3.461894989013672,5,0.9623117771032009,0.9091540404040405,0.8125,0.7684324987057397,0.8498203623552206,0.9944444444444445,0.9692069292336208,0.9990186339327839,0.9034722222222222,0.7659972839031226,0.8951486697965572,0.9965156794425087,True,0.8125,0.005555555555555556,179,1,66,286
post_fault_reset,ae_denso,Autoencoder Denso,42,True,F2M,2,Erro de 20% no sistema de sensor/realimentação,M,MPPT (potência máxima),8,W_t,continuous_causal_within_experiment,False,False,7,180,359,True,True,3.461894989013672,5,0.9609319481724661,0.905385329619313,0.7966573816155988,0.7519844173014559,0.8350488304764901,0.9944444444444445,0.9692069292336208,0.9990186339327839,0.8955509130300217,0.7477813768634957,0.8854489164086687,0.9965156794425087,True,0.7966573816155988,0.005555555555555556,179,1,73,286
current_full,ae_denso,Autoencoder Denso,71,False,F2M,2,Erro de 20% no sistema de sensor/realimentação,M,MPPT (potência máxima),8,W_t,continuous_causal_within_experiment,False,False,7,180,359,False,False,3.792628526687622,5,0.9604167919534161,0.903884246363355,0.7966573816155988,0.7519844173014559,0.8350488304764901,0.9944444444444445,0.9692069292336208,0.9990186339327839,0.8955509130300217,0.7477813768634957,0.8854489164086687,0.9965156794425087,True,0.7966573816155988,0.005555555555555556,179,1,73,286
transition,ae_denso,Autoencoder Denso,71,False,F2M,2,Erro de 20% no sistema de sensor/realimentação,M,MPPT (potência máxima),8,W_t,continuous_causal_within_experiment,False,False,7,180,7,False,False,3.792628526687622,5,0.07202717323938983,0.7412698412698413,0.0,5.551115123125783e-17,0.35433043506668743,0.9944444444444445,0.9692069292336208,0.9990186339327839,0.49722222222222223,-0.01445960054046187,0.0,0.0,True,0.0,0.005555555555555556,179,1,7,0
sustained,ae_denso,Autoencoder Denso,71,False,F2M,2,Erro de 20% no sistema de sensor/realimentação,M,MPPT (potência máxima),8,W_t,continuous_causal_within_experiment,False,False,7,180,352,False,True,3.792628526687622,5,0.9615566693093347,0.9071180555555556,0.8125,0.7684324987057397,0.8498203623552206,0.9944444444444445,0.9692069292336208,0.9990186339327839,0.9034722222222222,0.7659972839031226,0.8951486697965572,0.9965156794425087,True,0.8125,0.005555555555555556,179,1,66,286
post_fault_reset,ae_denso,Autoencoder Denso,71,False,F2M,2,Erro de 20% no sistema de sensor/realimentação,M,MPPT (potência máxima),8,W_t,continuous_causal_within_experiment,False,False,7,180,359,True,True,3.792628526687622,5,0.9604167919534161,0.903884246363355,0.7966573816155988,0.7519844173014559,0.8350488304764901,0.9944444444444445,0.9692069292336208,0.9990186339327839,0.8955509130300217,0.7477813768634957,0.8854489164086687,0.9965156794425087,True,0.7966573816155988,0.005555555555555556,179,1,73,286
current_full,ae_denso,Autoencoder Denso,101,False,F2M,2,Erro de 20% no sistema de sensor/realimentação,M,MPPT (potência máxima),8,W_t,continuous_causal_within_experiment,False,False,7,180,359,False,False,3.144629955291748,5,0.9597651461442008,0.9017486846177655,0.7966573816155988,0.7519844173014559,0.8350488304764901,0.9944444444444445,0.9692069292336208,0.9990186339327839,0.8955509130300217,0.7477813768634957,0.8854489164086687,0.9965156794425087,True,0.7966573816155988,0.005555555555555556,179,1,73,286
transition,ae_denso,Autoencoder Denso,101,False,F2M,2,Erro de 20% no sistema de sensor/realimentação,M,MPPT (potência máxima),8,W_t,continuous_causal_within_experiment,False,False,7,180,7,False,False,3.144629955291748,5,0.06746331005786176,0.7087301587301587,0.0,5.551115123125783e-17,0.35433043506668743,0.9944444444444445,0.9692069292336208,0.9990186339327839,0.49722222222222223,-0.01445960054046187,0.0,0.0,True,0.0,0.005555555555555556,179,1,7,0
sustained,ae_denso,Autoencoder Denso,101,False,F2M,2,Erro de 20% no sistema de sensor/realimentação,M,MPPT (potência máxima),8,W_t,continuous_causal_within_experiment,False,False,7,180,352,False,True,3.144629955291748,5,0.961124599908806,0.9055871212121211,0.8125,0.7684324987057397,0.8498203623552206,0.9944444444444445,0.9692069292336208,0.9990186339327839,0.9034722222222222,0.7659972839031226,0.8951486697965572,0.9965156794425087,True,0.8125,0.005555555555555556,179,1,66,286
post_fault_reset,ae_denso,Autoencoder Denso,101,False,F2M,2,Erro de 20% no sistema de sensor/realimentação,M,MPPT (potência máxima),8,W_t,continuous_causal_within_experiment,False,False,7,180,359,True,True,3.144629955291748,5,0.9597651461442008,0.9017486846177655,0.7966573816155988,0.7519844173014559,0.8350488304764901,0.9944444444444445,0.9692069292336208,0.9990186339327839,0.8955509130300217,0.7477813768634957,0.8854489164086687,0.9965156794425087,True,0.7966573816155988,0.005555555555555556,179,1,73,286
current_full,ae_lstm,AE-LSTM,13,False,F2M,2,Erro de 20% no sistema de sensor/realimentação,M,MPPT (potência máxima),8,W_t,continuous_causal_within_experiment,False,False,7,180,359,False,False,23.392887115478516,5,0.9660471750817299,0.9196224079232436,0.7938718662952646,0.7490214699083066,0.8324997285947293,1.0,0.9791045020783868,1.0,0.8969359331476323,0.7500575724179619,0.8850931677018633,1.0,True,0.7938718662952646,0.0,180,0,74,285
transition,ae_lstm,AE-LSTM,13,False,F2M,2,Erro de 20% no sistema de sensor/realimentação,M,MPPT (potência máxima),8,W_t,continuous_causal_within_experiment,False,False,7,180,7,False,False,23.392887115478516,5,0.28292576639171346,0.8595238095238095,0.0,5.551115123125783e-17,0.35433043506668743,1.0,0.9791045020783868,1.0,0.5,0.0,0.0,,False,0.0,0.0,180,0,7,0
sustained,ae_lstm,AE-LSTM,13,False,F2M,2,Erro de 20% no sistema de sensor/realimentação,M,MPPT (potência máxima),8,W_t,continuous_causal_within_experiment,False,False,7,180,352,False,True,23.392887115478516,5,0.9662800258558516,0.9208175505050504,0.8096590909090909,0.765391002626888,0.8472413778789727,1.0,0.9791045020783868,1.0,0.9048295454545454,0.7681373347487837,0.8948194662480377,1.0,True,0.8096590909090909,0.0,180,0,67,285
post_fault_reset,ae_lstm,AE-LSTM,13,False,F2M,2,Erro de 20% no sistema de sensor/realimentação,M,MPPT (potência máxima),8,W_t,continuous_causal_within_experiment,False,False,7,180,359,True,True,23.392887115478516,5,0.9656628414326567,0.918987929433612,0.7938718662952646,0.7490214699083066,0.8324997285947293,1.0,0.9791045020783868,1.0,0.8969359331476323,0.7500575724179619,0.8850931677018633,1.0,True,0.7938718662952646,0.0,180,0,74,285
current_full,ae_lstm,AE-LSTM,29,False,F2M,2,Erro de 20% no sistema de sensor/realimentação,M,MPPT (potência máxima),8,W_t,continuous_causal_within_experiment,False,False,7,180,359,False,False,16.942502975463867,5,0.9648529338460482,0.9159083874961312,0.7938718662952646,0.7490214699083066,0.8324997285947293,1.0,0.9791045020783868,1.0,0.8969359331476323,0.7500575724179619,0.8850931677018633,1.0,True,0.7938718662952646,0.0,180,0,74,285
transition,ae_lstm,AE-LSTM,29,False,F2M,2,Erro de 20% no sistema de sensor/realimentação,M,MPPT (potência máxima),8,W_t,continuous_causal_within_experiment,False,False,7,180,7,False,False,16.942502975463867,5,0.1049110526696206,0.8436507936507937,0.0,5.551115123125783e-17,0.35433043506668743,1.0,0.9791045020783868,1.0,0.5,0.0,0.0,,False,0.0,0.0,180,0,7,0
sustained,ae_lstm,AE-LSTM,29,False,F2M,2,Erro de 20% no sistema de sensor/realimentação,M,MPPT (potência máxima),8,W_t,continuous_causal_within_experiment,False,False,7,180,352,False,True,16.942502975463867,5,0.9652700752039638,0.9173453282828283,0.8096590909090909,0.765391002626888,0.8472413778789727,1.0,0.9791045020783868,1.0,0.9048295454545454,0.7681373347487837,0.8948194662480377,1.0,True,0.8096590909090909,0.0,180,0,67,285
post_fault_reset,ae_lstm,AE-LSTM,29,False,F2M,2,Erro de 20% no sistema de sensor/realimentação,M,MPPT (potência máxima),8,W_t,continuous_causal_within_experiment,False,False,7,180,359,True,True,16.942502975463867,5,0.9654270430282825,0.9168987929433612,0.7938718662952646,0.7490214699083066,0.8324997285947293,1.0,0.9791045020783868,1.0,0.8969359331476323,0.7500575724179619,0.8850931677018633,1.0,True,0.7938718662952646,0.0,180,0,74,285
current_full,ae_lstm,AE-LSTM,42,True,F2M,2,Erro de 20% no sistema de sensor/realimentação,M,MPPT (potência máxima),8,W_t,continuous_causal_within_experiment,False,False,7,180,359,False,False,17.381608963012695,5,0.9637436487988169,0.9142680284741566,0.7938718662952646,0.7490214699083066,0.8324997285947293,1.0,0.9791045020783868,1.0,0.8969359331476323,0.7500575724179619,0.8850931677018633,1.0,True,0.7938718662952646,0.0,180,0,74,285
transition,ae_lstm,AE-LSTM,42,True,F2M,2,Erro de 20% no sistema de sensor/realimentação,M,MPPT (potência máxima),8,W_t,continuous_causal_within_experiment,False,False,7,180,7,False,False,17.381608963012695,5,0.13742157240775868,0.8547619047619047,0.0,5.551115123125783e-17,0.35433043506668743,1.0,0.9791045020783868,1.0,0.5,0.0,0.0,,False,0.0,0.0,180,0,7,0
sustained,ae_lstm,AE-LSTM,42,True,F2M,2,Erro de 20% no sistema de sensor/realimentação,M,MPPT (potência máxima),8,W_t,continuous_causal_within_experiment,False,False,7,180,352,False,True,17.381608963012695,5,0.9639610444152849,0.9154513888888888,0.8096590909090909,0.765391002626888,0.8472413778789727,1.0,0.9791045020783868,1.0,0.9048295454545454,0.7681373347487837,0.8948194662480377,1.0,True,0.8096590909090909,0.0,180,0,67,285
post_fault_reset,ae_lstm,AE-LSTM,42,True,F2M,2,Erro de 20% no sistema de sensor/realimentação,M,MPPT (potência máxima),8,W_t,continuous_causal_within_experiment,False,False,7,180,359,True,True,17.381608963012695,5,0.9637101810205992,0.9142835035592696,0.7938718662952646,0.7490214699083066,0.8324997285947293,1.0,0.9791045020783868,1.0,0.8969359331476323,0.7500575724179619,0.8850931677018633,1.0,True,0.7938718662952646,0.0,180,0,74,285
current_full,ae_lstm,AE-LSTM,71,False,F2M,2,Erro de 20% no sistema de sensor/realimentação,M,MPPT (potência máxima),8,W_t,continuous_causal_within_experiment,False,False,7,180,359,False,False,20.02474594116211,5,0.9662279805944435,0.9187867533271432,0.7938718662952646,0.7490214699083066,0.8324997285947293,1.0,0.9791045020783868,1.0,0.8969359331476323,0.7500575724179619,0.8850931677018633,1.0,True,0.7938718662952646,0.0,180,0,74,285
transition,ae_lstm,AE-LSTM,71,False,F2M,2,Erro de 20% no sistema de sensor/realimentação,M,MPPT (potência máxima),8,W_t,continuous_causal_within_experiment,False,False,7,180,7,False,False,20.02474594116211,5,0.13866180191892824,0.8666666666666667,0.0,5.551115123125783e-17,0.35433043506668743,1.0,0.9791045020783868,1.0,0.5,0.0,0.0,,False,0.0,0.0,180,0,7,0
sustained,ae_lstm,AE-LSTM,71,False,F2M,2,Erro de 20% no sistema de sensor/realimentação,M,MPPT (potência máxima),8,W_t,continuous_causal_within_experiment,False,False,7,180,352,False,True,20.02474594116211,5,0.9664408884954085,0.9198232323232322,0.8096590909090909,0.765391002626888,0.8472413778789727,1.0,0.9791045020783868,1.0,0.9048295454545454,0.7681373347487837,0.8948194662480377,1.0,True,0.8096590909090909,0.0,180,0,67,285
post_fault_reset,ae_lstm,AE-LSTM,71,False,F2M,2,Erro de 20% no sistema de sensor/realimentação,M,MPPT (potência máxima),8,W_t,continuous_causal_within_experiment,False,False,7,180,359,True,True,20.02474594116211,5,0.9674621216269732,0.9211080160940884,0.7938718662952646,0.7490214699083066,0.8324997285947293,1.0,0.9791045020783868,1.0,0.8969359331476323,0.7500575724179619,0.8850931677018633,1.0,True,0.7938718662952646,0.0,180,0,74,285
current_full,ae_lstm,AE-LSTM,101,False,F2M,2,Erro de 20% no sistema de sensor/realimentação,M,MPPT (potência máxima),8,W_t,continuous_causal_within_experiment,False,False,7,180,359,False,False,20.34963035583496,5,0.9656870882405734,0.917904673475704,0.7938718662952646,0.7490214699083066,0.8324997285947293,1.0,0.9791045020783868,1.0,0.8969359331476323,0.7500575724179619,0.8850931677018633,1.0,True,0.7938718662952646,0.0,180,0,74,285
transition,ae_lstm,AE-LSTM,101,False,F2M,2,Erro de 20% no sistema de sensor/realimentação,M,MPPT (potência máxima),8,W_t,continuous_causal_within_experiment,False,False,7,180,7,False,False,20.34963035583496,5,0.08183698947808948,0.7674603174603174,0.0,5.551115123125783e-17,0.35433043506668743,1.0,0.9791045020783868,1.0,0.5,0.0,0.0,,False,0.0,0.0,180,0,7,0
sustained,ae_lstm,AE-LSTM,101,False,F2M,2,Erro de 20% no sistema de sensor/realimentação,M,MPPT (potência máxima),8,W_t,continuous_causal_within_experiment,False,False,7,180,352,False,True,20.34963035583496,5,0.9668131979773016,0.9208964646464647,0.8096590909090909,0.765391002626888,0.8472413778789727,1.0,0.9791045020783868,1.0,0.9048295454545454,0.7681373347487837,0.8948194662480377,1.0,True,0.8096590909090909,0.0,180,0,67,285
post_fault_reset,ae_lstm,AE-LSTM,101,False,F2M,2,Erro de 20% no sistema de sensor/realimentação,M,MPPT (potência máxima),8,W_t,continuous_causal_within_experiment,False,False,7,180,359,True,True,20.34963035583496,5,0.96570571888793,0.917951098731043,0.7938718662952646,0.7490214699083066,0.8324997285947293,1.0,0.9791045020783868,1.0,0.8969359331476323,0.7500575724179619,0.8850931677018633,1.0,True,0.7938718662952646,0.0,180,0,74,285
current_full,ae_denso,Autoencoder Denso,13,False,F3L,3,Afundamentos intermitentes de tensão,L,IPPT (potência limitada),8,W_t,continuous_causal_within_experiment,False,False,7,129,258,False,False,3.5103249549865723,5,0.8362724437921714,0.688780722312361,0.27906976744186046,0.22788539662472923,0.33673664408095666,1.0,0.9710823800431216,1.0,0.6395348837209303,0.33806170189140666,0.43636363636363634,1.0,True,0.27906976744186046,0.0,129,0,186,72
transition,ae_denso,Autoencoder Denso,13,False,F3L,3,Afundamentos intermitentes de tensão,L,IPPT (potência limitada),8,W_t,continuous_causal_within_experiment,False,False,7,129,7,False,False,3.5103249549865723,5,0.05753329078011588,0.5758582502768549,0.0,5.551115123125783e-17,0.35433043506668743,1.0,0.9710823800431216,1.0,0.5,0.0,0.0,,False,0.0,0.0,129,0,7,0
sustained,ae_denso,Autoencoder Denso,13,False,F3L,3,Afundamentos intermitentes de tensão,L,IPPT (potência limitada),8,W_t,continuous_causal_within_experiment,False,False,7,129,251,False,True,3.5103249549865723,5,0.8357263277994539,0.6919299546002038,0.2868525896414343,0.23444211838235018,0.34568899334823777,1.0,0.9710823800431216,1.0,0.6434262948207171,0.3466162220695528,0.4458204334365325,1.0,True,0.2868525896414343,0.0,129,0,179,72
post_fault_reset,ae_denso,Autoencoder Denso,13,False,F3L,3,Afundamentos intermitentes de tensão,L,IPPT (potência limitada),8,W_t,continuous_causal_within_experiment,False,False,7,129,258,True,True,3.5103249549865723,5,0.8362724437921714,0.688780722312361,0.27906976744186046,0.22788539662472923,0.33673664408095666,1.0,0.9710823800431216,1.0,0.6395348837209303,0.33806170189140666,0.43636363636363634,1.0,True,0.27906976744186046,0.0,129,0,186,72
current_full,ae_denso,Autoencoder Denso,29,False,F3L,3,Afundamentos intermitentes de tensão,L,IPPT (potência limitada),8,W_t,continuous_causal_within_experiment,False,False,7,129,258,False,False,3.3771872520446777,5,0.8379442550783336,0.6874286401057629,0.27906976744186046,0.22788539662472923,0.33673664408095666,0.9844961240310077,0.9452333688810886,0.9957379296103084,0.6317829457364341,0.31594092566295423,0.43373493975903615,0.972972972972973,True,0.27906976744186046,0.015503875968992248,127,2,186,72
transition,ae_denso,Autoencoder Denso,29,False,F3L,3,Afundamentos intermitentes de tensão,L,IPPT (potência limitada),8,W_t,continuous_causal_within_experiment,False,False,7,129,7,False,False,3.3771872520446777,5,0.051451476758694194,0.5293466223698782,0.0,5.551115123125783e-17,0.35433043506668743,0.9844961240310077,0.9452333688810886,0.9957379296103084,0.49224806201550386,-0.02845881179054118,0.0,0.0,True,0.0,0.015503875968992248,127,2,7,0
sustained,ae_denso,Autoencoder Denso,29,False,F3L,3,Afundamentos intermitentes de tensão,L,IPPT (potência limitada),8,W_t,continuous_causal_within_experiment,False,False,7,129,251,False,True,3.3771872520446777,5,0.8378887012107075,0.6918373019549708,0.2868525896414343,0.23444211838235018,0.34568899334823777,0.9844961240310077,0.9452333688810886,0.9957379296103084,0.635674356836221,0.32447624683620724,0.4430769230769231,0.972972972972973,True,0.2868525896414343,0.015503875968992248,127,2,179,72
post_fault_reset,ae_denso,Autoencoder Denso,29,False,F3L,3,Afundamentos intermitentes de tensão,L,IPPT (potência limitada),8,W_t,continuous_causal_within_experiment,False,False,7,129,258,True,True,3.3771872520446777,5,0.8379442550783336,0.6874286401057629,0.27906976744186046,0.22788539662472923,0.33673664408095666,0.9844961240310077,0.9452333688810886,0.9957379296103084,0.6317829457364341,0.31594092566295423,0.43373493975903615,0.972972972972973,True,0.27906976744186046,0.015503875968992248,127,2,186,72
current_full,ae_denso,Autoencoder Denso,42,True,F3L,3,Afundamentos intermitentes de tensão,L,IPPT (potência limitada),8,W_t,continuous_causal_within_experiment,False,False,7,129,258,False,False,3.461894989013672,5,0.8348620982792829,0.6795264707649781,0.27906976744186046,0.22788539662472923,0.33673664408095666,0.9844961240310077,0.9452333688810886,0.9957379296103084,0.6317829457364341,0.31594092566295423,0.43373493975903615,0.972972972972973,True,0.27906976744186046,0.015503875968992248,127,2,186,72
transition,ae_denso,Autoencoder Denso,42,True,F3L,3,Afundamentos intermitentes de tensão,L,IPPT (potência limitada),8,W_t,continuous_causal_within_experiment,False,False,7,129,7,False,False,3.461894989013672,5,0.0425617963707683,0.42524916943521596,0.0,5.551115123125783e-17,0.35433043506668743,0.9844961240310077,0.9452333688810886,0.9957379296103084,0.49224806201550386,-0.02845881179054118,0.0,0.0,True,0.0,0.015503875968992248,127,2,7,0
sustained,ae_denso,Autoencoder Denso,42,True,F3L,3,Afundamentos intermitentes de tensão,L,IPPT (potência limitada),8,W_t,continuous_causal_within_experiment,False,False,7,129,251,False,True,3.461894989013672,5,0.8356760262781744,0.6866178696068439,0.2868525896414343,0.23444211838235018,0.34568899334823777,0.9844961240310077,0.9452333688810886,0.9957379296103084,0.635674356836221,0.32447624683620724,0.4430769230769231,0.972972972972973,True,0.2868525896414343,0.015503875968992248,127,2,179,72
post_fault_reset,ae_denso,Autoencoder Denso,42,True,F3L,3,Afundamentos intermitentes de tensão,L,IPPT (potência limitada),8,W_t,continuous_causal_within_experiment,False,False,7,129,258,True,True,3.461894989013672,5,0.8348620982792829,0.6795264707649781,0.27906976744186046,0.22788539662472923,0.33673664408095666,0.9844961240310077,0.9452333688810886,0.9957379296103084,0.6317829457364341,0.31594092566295423,0.43373493975903615,0.972972972972973,True,0.27906976744186046,0.015503875968992248,127,2,186,72
current_full,ae_denso,Autoencoder Denso,71,False,F3L,3,Afundamentos intermitentes de tensão,L,IPPT (potência limitada),8,W_t,continuous_causal_within_experiment,False,False,7,129,258,False,False,3.792628526687622,5,0.8385103787819841,0.6863770206117421,0.2868217054263566,0.23507852233170567,0.3448199379983421,0.9844961240310077,0.9452333688810886,0.9957379296103084,0.6356589147286822,0.32195565044418184,0.4431137724550898,0.9736842105263158,True,0.2868217054263566,0.015503875968992248,127,2,184,74
transition,ae_denso,Autoencoder Denso,71,False,F3L,3,Afundamentos intermitentes de tensão,L,IPPT (potência limitada),8,W_t,continuous_causal_within_experiment,False,False,7,129,7,False,False,3.792628526687622,5,0.05214725989681142,0.4673311184939092,0.0,5.551115123125783e-17,0.35433043506668743,0.9844961240310077,0.9452333688810886,0.9957379296103084,0.49224806201550386,-0.02845881179054118,0.0,0.0,True,0.0,0.015503875968992248,127,2,7,0
sustained,ae_denso,Autoencoder Denso,71,False,F3L,3,Afundamentos intermitentes de tensão,L,IPPT (potência limitada),8,W_t,continuous_causal_within_experiment,False,False,7,129,251,False,True,3.792628526687622,5,0.8386642291326452,0.6924858704716019,0.2948207171314741,0.24184704957177042,0.35398009536515074,0.9844961240310077,0.9452333688810886,0.9957379296103084,0.6396584205812409,0.3306627321436975,0.4525993883792049,0.9736842105263158,True,0.2948207171314741,0.015503875968992248,127,2,177,74
post_fault_reset,ae_denso,Autoencoder Denso,71,False,F3L,3,Afundamentos intermitentes de tensão,L,IPPT (potência limitada),8,W_t,continuous_causal_within_experiment,False,False,7,129,258,True,True,3.792628526687622,5,0.8385103787819841,0.6863770206117421,0.2868217054263566,0.23507852233170567,0.3448199379983421,0.9844961240310077,0.9452333688810886,0.9957379296103084,0.6356589147286822,0.32195565044418184,0.4431137724550898,0.9736842105263158,True,0.2868217054263566,0.015503875968992248,127,2,184,74
current_full,ae_denso,Autoencoder Denso,101,False,F3L,3,Afundamentos intermitentes de tensão,L,IPPT (potência limitada),8,W_t,continuous_causal_within_experiment,False,False,7,129,258,False,False,3.144629955291748,5,0.8430273473578143,0.6956913647016405,0.29069767441860467,0.23868234684937445,0.3488543232928543,0.9844961240310077,0.9452333688810886,0.9957379296103084,0.6375968992248062,0.3249504489956457,0.44776119402985076,0.974025974025974,True,0.29069767441860467,0.015503875968992248,127,2,183,75
transition,ae_denso,Autoencoder Denso,101,False,F3L,3,Afundamentos intermitentes de tensão,L,IPPT (potência limitada),8,W_t,continuous_causal_within_experiment,False,False,7,129,7,False,False,3.144629955291748,5,0.05315457694772799,0.48283499446290146,0.0,5.551115123125783e-17,0.35433043506668743,0.9844961240310077,0.9452333688810886,0.9957379296103084,0.49224806201550386,-0.02845881179054118,0.0,0.0,True,0.0,0.015503875968992248,127,2,7,0
sustained,ae_denso,Autoencoder Denso,101,False,F3L,3,Afundamentos intermitentes de tensão,L,IPPT (potência limitada),8,W_t,continuous_causal_within_experiment,False,False,7,129,251,False,True,3.144629955291748,5,0.8432366647551965,0.7016275981345934,0.29880478087649404,0.24555710358921015,0.35811805795087753,0.9844961240310077,0.9452333688810886,0.9957379296103084,0.6416504524537509,0.3337436419058182,0.4573170731707317,0.974025974025974,True,0.29880478087649404,0.015503875968992248,127,2,176,75
post_fault_reset,ae_denso,Autoencoder Denso,101,False,F3L,3,Afundamentos intermitentes de tensão,L,IPPT (potência limitada),8,W_t,continuous_causal_within_experiment,False,False,7,129,258,True,True,3.144629955291748,5,0.8430273473578143,0.6956913647016405,0.29069767441860467,0.23868234684937445,0.3488543232928543,0.9844961240310077,0.9452333688810886,0.9957379296103084,0.6375968992248062,0.3249504489956457,0.44776119402985076,0.974025974025974,True,0.29069767441860467,0.015503875968992248,127,2,183,75
current_full,ae_lstm,AE-LSTM,13,False,F3L,3,Afundamentos intermitentes de tensão,L,IPPT (potência limitada),8,W_t,continuous_causal_within_experiment,False,False,7,129,258,False,False,23.392887115478516,5,0.8104764627645853,0.6289886425094646,0.27906976744186046,0.22788539662472923,0.33673664408095666,1.0,0.9710823800431216,1.0,0.6395348837209303,0.33806170189140666,0.43636363636363634,1.0,True,0.27906976744186046,0.0,129,0,186,72
transition,ae_lstm,AE-LSTM,13,False,F3L,3,Afundamentos intermitentes de tensão,L,IPPT (potência limitada),8,W_t,continuous_causal_within_experiment,False,False,7,129,7,False,False,23.392887115478516,5,0.039648480630538385,0.40642303433001103,0.0,5.551115123125783e-17,0.35433043506668743,1.0,0.9710823800431216,1.0,0.5,0.0,0.0,,False,0.0,0.0,129,0,7,0
sustained,ae_lstm,AE-LSTM,13,False,F3L,3,Afundamentos intermitentes de tensão,L,IPPT (potência limitada),8,W_t,continuous_causal_within_experiment,False,False,7,129,251,False,True,23.392887115478516,5,0.8108688959621955,0.635195651502517,0.2868525896414343,0.23444211838235018,0.34568899334823777,1.0,0.9710823800431216,1.0,0.6434262948207171,0.3466162220695528,0.4458204334365325,1.0,True,0.2868525896414343,0.0,129,0,179,72
post_fault_reset,ae_lstm,AE-LSTM,13,False,F3L,3,Afundamentos intermitentes de tensão,L,IPPT (potência limitada),8,W_t,continuous_causal_within_experiment,False,False,7,129,258,True,True,23.392887115478516,5,0.8108911286184076,0.6297097530196503,0.27906976744186046,0.22788539662472923,0.33673664408095666,1.0,0.9710823800431216,1.0,0.6395348837209303,0.33806170189140666,0.43636363636363634,1.0,True,0.27906976744186046,0.0,129,0,186,72
current_full,ae_lstm,AE-LSTM,29,False,F3L,3,Afundamentos intermitentes de tensão,L,IPPT (potência limitada),8,W_t,continuous_causal_within_experiment,False,False,7,129,258,False,False,16.942502975463867,5,0.8124801670862648,0.6341265548945376,0.27906976744186046,0.22788539662472923,0.33673664408095666,1.0,0.9710823800431216,1.0,0.6395348837209303,0.33806170189140666,0.43636363636363634,1.0,True,0.27906976744186046,0.0,129,0,186,72
transition,ae_lstm,AE-LSTM,29,False,F3L,3,Afundamentos intermitentes de tensão,L,IPPT (potência limitada),8,W_t,continuous_causal_within_experiment,False,False,7,129,7,False,False,16.942502975463867,5,0.03755207649311337,0.37209302325581395,0.0,5.551115123125783e-17,0.35433043506668743,1.0,0.9710823800431216,1.0,0.5,0.0,0.0,,False,0.0,0.0,129,0,7,0
sustained,ae_lstm,AE-LSTM,29,False,F3L,3,Afundamentos intermitentes de tensão,L,IPPT (potência limitada),8,W_t,continuous_causal_within_experiment,False,False,7,129,251,False,True,16.942502975463867,5,0.8136375125749822,0.6414342629482072,0.2868525896414343,0.23444211838235018,0.34568899334823777,1.0,0.9710823800431216,1.0,0.6434262948207171,0.3466162220695528,0.4458204334365325,1.0,True,0.2868525896414343,0.0,129,0,179,72
post_fault_reset,ae_lstm,AE-LSTM,29,False,F3L,3,Afundamentos intermitentes de tensão,L,IPPT (potência limitada),8,W_t,continuous_causal_within_experiment,False,False,7,129,258,True,True,16.942502975463867,5,0.8132002174135143,0.6349378042184965,0.27906976744186046,0.22788539662472923,0.33673664408095666,1.0,0.9710823800431216,1.0,0.6395348837209303,0.33806170189140666,0.43636363636363634,1.0,True,0.27906976744186046,0.0,129,0,186,72
current_full,ae_lstm,AE-LSTM,42,True,F3L,3,Afundamentos intermitentes de tensão,L,IPPT (potência limitada),8,W_t,continuous_causal_within_experiment,False,False,7,129,258,False,False,17.381608963012695,5,0.8200310370901858,0.6546181118923142,0.27906976744186046,0.22788539662472923,0.33673664408095666,1.0,0.9710823800431216,1.0,0.6395348837209303,0.33806170189140666,0.43636363636363634,1.0,True,0.27906976744186046,0.0,129,0,186,72
transition,ae_lstm,AE-LSTM,42,True,F3L,3,Afundamentos intermitentes de tensão,L,IPPT (potência limitada),8,W_t,continuous_causal_within_experiment,False,False,7,129,7,False,False,17.381608963012695,5,0.04243466320779654,0.43410852713178294,0.0,5.551115123125783e-17,0.35433043506668743,1.0,0.9710823800431216,1.0,0.5,0.0,0.0,,False,0.0,0.0,129,0,7,0
sustained,ae_lstm,AE-LSTM,42,True,F3L,3,Afundamentos intermitentes de tensão,L,IPPT (potência limitada),8,W_t,continuous_causal_within_experiment,False,False,7,129,251,False,True,17.381608963012695,5,0.8204423019566415,0.6607677815868309,0.2868525896414343,0.23444211838235018,0.34568899334823777,1.0,0.9710823800431216,1.0,0.6434262948207171,0.3466162220695528,0.4458204334365325,1.0,True,0.2868525896414343,0.0,129,0,179,72
post_fault_reset,ae_lstm,AE-LSTM,42,True,F3L,3,Afundamentos intermitentes de tensão,L,IPPT (potência limitada),8,W_t,continuous_causal_within_experiment,False,False,7,129,258,True,True,17.381608963012695,5,0.819920018968854,0.6542575566372213,0.27906976744186046,0.22788539662472923,0.33673664408095666,1.0,0.9710823800431216,1.0,0.6395348837209303,0.33806170189140666,0.43636363636363634,1.0,True,0.27906976744186046,0.0,129,0,186,72
current_full,ae_lstm,AE-LSTM,71,False,F3L,3,Afundamentos intermitentes de tensão,L,IPPT (potência limitada),8,W_t,continuous_causal_within_experiment,False,False,7,129,258,False,False,20.02474594116211,5,0.8027094157228453,0.6163992548524728,0.27906976744186046,0.22788539662472923,0.33673664408095666,1.0,0.9710823800431216,1.0,0.6395348837209303,0.33806170189140666,0.43636363636363634,1.0,True,0.27906976744186046,0.0,129,0,186,72
transition,ae_lstm,AE-LSTM,71,False,F3L,3,Afundamentos intermitentes de tensão,L,IPPT (potência limitada),8,W_t,continuous_causal_within_experiment,False,False,7,129,7,False,False,20.02474594116211,5,0.03756683853147075,0.37652270210409744,0.0,5.551115123125783e-17,0.35433043506668743,1.0,0.9710823800431216,1.0,0.5,0.0,0.0,,False,0.0,0.0,129,0,7,0
sustained,ae_lstm,AE-LSTM,71,False,F3L,3,Afundamentos intermitentes de tensão,L,IPPT (potência limitada),8,W_t,continuous_causal_within_experiment,False,False,7,129,251,False,True,20.02474594116211,5,0.803337827465797,0.6230890391920689,0.2868525896414343,0.23444211838235018,0.34568899334823777,1.0,0.9710823800431216,1.0,0.6434262948207171,0.3466162220695528,0.4458204334365325,1.0,True,0.2868525896414343,0.0,129,0,179,72
post_fault_reset,ae_lstm,AE-LSTM,71,False,F3L,3,Afundamentos intermitentes de tensão,L,IPPT (potência limitada),8,W_t,continuous_causal_within_experiment,False,False,7,129,258,True,True,20.02474594116211,5,0.8024931036013636,0.6155880055285139,0.27906976744186046,0.22788539662472923,0.33673664408095666,1.0,0.9710823800431216,1.0,0.6395348837209303,0.33806170189140666,0.43636363636363634,1.0,True,0.27906976744186046,0.0,129,0,186,72
current_full,ae_lstm,AE-LSTM,101,False,F3L,3,Afundamentos intermitentes de tensão,L,IPPT (potência limitada),8,W_t,continuous_causal_within_experiment,False,False,7,129,258,False,False,20.34963035583496,5,0.8115481412276654,0.6307012799711555,0.27906976744186046,0.22788539662472923,0.33673664408095666,1.0,0.9710823800431216,1.0,0.6395348837209303,0.33806170189140666,0.43636363636363634,1.0,True,0.27906976744186046,0.0,129,0,186,72
transition,ae_lstm,AE-LSTM,101,False,F3L,3,Afundamentos intermitentes de tensão,L,IPPT (potência limitada),8,W_t,continuous_causal_within_experiment,False,False,7,129,7,False,False,20.34963035583496,5,0.03744571316438438,0.3698781838316722,0.0,5.551115123125783e-17,0.35433043506668743,1.0,0.9710823800431216,1.0,0.5,0.0,0.0,,False,0.0,0.0,129,0,7,0
sustained,ae_lstm,AE-LSTM,101,False,F3L,3,Afundamentos intermitentes de tensão,L,IPPT (potência limitada),8,W_t,continuous_causal_within_experiment,False,False,7,129,251,False,True,20.34963035583496,5,0.8126885204636757,0.6379752308595077,0.2868525896414343,0.23444211838235018,0.34568899334823777,1.0,0.9710823800431216,1.0,0.6434262948207171,0.3466162220695528,0.4458204334365325,1.0,True,0.2868525896414343,0.0,129,0,179,72
post_fault_reset,ae_lstm,AE-LSTM,101,False,F3L,3,Afundamentos intermitentes de tensão,L,IPPT (potência limitada),8,W_t,continuous_causal_within_experiment,False,False,7,129,258,True,True,20.34963035583496,5,0.8116364771170106,0.6303106784448049,0.27906976744186046,0.22788539662472923,0.33673664408095666,1.0,0.9710823800431216,1.0,0.6395348837209303,0.33806170189140666,0.43636363636363634,1.0,True,0.27906976744186046,0.0,129,0,186,72
current_full,ae_denso,Autoencoder Denso,13,False,F3M,3,Afundamentos intermitentes de tensão,M,MPPT (potência máxima),8,W_t,continuous_causal_within_experiment,False,False,7,87,174,False,False,3.5103249549865723,5,0.7235787305190995,0.5332936979785969,0.07471264367816093,0.04417947281230249,0.12361862679045275,1.0,0.9577124930558795,0.9999999999999999,0.5373563218390804,0.16189403145068332,0.13903743315508021,1.0,True,0.07471264367816093,0.0,87,0,161,13
transition,ae_denso,Autoencoder Denso,13,False,F3M,3,Afundamentos intermitentes de tensão,M,MPPT (potência máxima),8,W_t,continuous_causal_within_experiment,False,False,7,87,7,False,False,3.5103249549865723,5,0.05055420316010385,0.3251231527093596,0.0,5.551115123125783e-17,0.35433043506668743,1.0,0.9577124930558795,0.9999999999999999,0.5,0.0,0.0,,False,0.0,0.0,87,0,7,0
sustained,ae_denso,Autoencoder Denso,13,False,F3M,3,Afundamentos intermitentes de tensão,M,MPPT (potência máxima),8,W_t,continuous_causal_within_experiment,False,False,7,87,167,False,True,3.5103249549865723,5,0.7220710989416432,0.5420194094569483,0.07784431137724551,0.04605451531521136,0.12861888671897576,1.0,0.9577124930558795,0.9999999999999999,0.5389221556886228,0.16763494087374575,0.14444444444444443,1.0,True,0.07784431137724551,0.0,87,0,154,13
post_fault_reset,ae_denso,Autoencoder Denso,13,False,F3M,3,Afundamentos intermitentes de tensão,M,MPPT (potência máxima),8,W_t,continuous_causal_within_experiment,False,False,7,87,174,True,True,3.5103249549865723,5,0.7235787305190995,0.5332936979785969,0.07471264367816093,0.04417947281230249,0.12361862679045275,1.0,0.9577124930558795,0.9999999999999999,0.5373563218390804,0.16189403145068332,0.13903743315508021,1.0,True,0.07471264367816093,0.0,87,0,161,13
current_full,ae_denso,Autoencoder Denso,29,False,F3M,3,Afundamentos intermitentes de tensão,M,MPPT (potência máxima),8,W_t,continuous_causal_within_experiment,False,False,7,87,174,False,False,3.3771872520446777,5,0.7261507070766285,0.5390408244153785,0.07471264367816093,0.04417947281230249,0.12361862679045275,0.9885057471264368,0.9377280216427621,0.9979680922624077,0.5316091954022989,0.1322711693170675,0.13829787234042554,0.9285714285714286,True,0.07471264367816093,0.011494252873563218,86,1,161,13
transition,ae_denso,Autoencoder Denso,29,False,F3M,3,Afundamentos intermitentes de tensão,M,MPPT (potência máxima),8,W_t,continuous_causal_within_experiment,False,False,7,87,7,False,False,3.3771872520446777,5,0.06271008510123159,0.4548440065681445,0.0,5.551115123125783e-17,0.35433043506668743,0.9885057471264368,0.9377280216427621,0.9979680922624077,0.4942528735632184,-0.029413582210268817,0.0,0.0,True,0.0,0.011494252873563218,86,1,7,0
sustained,ae_denso,Autoencoder Denso,29,False,F3M,3,Afundamentos intermitentes de tensão,M,MPPT (potência máxima),8,W_t,continuous_causal_within_experiment,False,False,7,87,167,False,True,3.3771872520446777,5,0.7229043262103575,0.5425700323490948,0.07784431137724551,0.04605451531521136,0.12861888671897576,0.9885057471264368,0.9377280216427621,0.9979680922624077,0.5331750292518411,0.1379715468397959,0.143646408839779,0.9285714285714286,True,0.07784431137724551,0.011494252873563218,86,1,154,13
post_fault_reset,ae_denso,Autoencoder Denso,29,False,F3M,3,Afundamentos intermitentes de tensão,M,MPPT (potência máxima),8,W_t,continuous_causal_within_experiment,False,False,7,87,174,True,True,3.3771872520446777,5,0.7261507070766285,0.5390408244153785,0.07471264367816093,0.04417947281230249,0.12361862679045275,0.9885057471264368,0.9377280216427621,0.9979680922624077,0.5316091954022989,0.1322711693170675,0.13829787234042554,0.9285714285714286,True,0.07471264367816093,0.011494252873563218,86,1,161,13
current_full,ae_denso,Autoencoder Denso,42,True,F3M,3,Afundamentos intermitentes de tensão,M,MPPT (potência máxima),8,W_t,continuous_causal_within_experiment,False,False,7,87,174,False,False,3.461894989013672,5,0.727400814288732,0.537587528075043,0.07471264367816093,0.04417947281230249,0.12361862679045275,1.0,0.9577124930558795,0.9999999999999999,0.5373563218390804,0.16189403145068332,0.13903743315508021,1.0,True,0.07471264367816093,0.0,87,0,161,13
transition,ae_denso,Autoencoder Denso,42,True,F3M,3,Afundamentos intermitentes de tensão,M,MPPT (potência máxima),8,W_t,continuous_causal_within_experiment,False,False,7,87,7,False,False,3.461894989013672,5,0.050561457669678005,0.3251231527093596,0.0,5.551115123125783e-17,0.35433043506668743,1.0,0.9577124930558795,0.9999999999999999,0.5,0.0,0.0,,False,0.0,0.0,87,0,7,0
sustained,ae_denso,Autoencoder Denso,42,True,F3M,3,Afundamentos intermitentes de tensão,M,MPPT (potência máxima),8,W_t,continuous_causal_within_experiment,False,False,7,87,167,False,True,3.461894989013672,5,0.7260924520345948,0.5464932204556404,0.07784431137724551,0.04605451531521136,0.12861888671897576,1.0,0.9577124930558795,0.9999999999999999,0.5389221556886228,0.16763494087374575,0.14444444444444443,1.0,True,0.07784431137724551,0.0,87,0,154,13
post_fault_reset,ae_denso,Autoencoder Denso,42,True,F3M,3,Afundamentos intermitentes de tensão,M,MPPT (potência máxima),8,W_t,continuous_causal_within_experiment,False,False,7,87,174,True,True,3.461894989013672,5,0.727400814288732,0.537587528075043,0.07471264367816093,0.04417947281230249,0.12361862679045275,1.0,0.9577124930558795,0.9999999999999999,0.5373563218390804,0.16189403145068332,0.13903743315508021,1.0,True,0.07471264367816093,0.0,87,0,161,13
current_full,ae_denso,Autoencoder Denso,71,False,F3M,3,Afundamentos intermitentes de tensão,M,MPPT (potência máxima),8,W_t,continuous_causal_within_experiment,False,False,7,87,174,False,False,3.792628526687622,5,0.7297486853482766,0.5413528867750033,0.07471264367816093,0.04417947281230249,0.12361862679045275,1.0,0.9577124930558795,0.9999999999999999,0.5373563218390804,0.16189403145068332,0.13903743315508021,1.0,True,0.07471264367816093,0.0,87,0,161,13
transition,ae_denso,Autoencoder Denso,71,False,F3M,3,Afundamentos intermitentes de tensão,M,MPPT (potência máxima),8,W_t,continuous_causal_within_experiment,False,False,7,87,7,False,False,3.792628526687622,5,0.05051115548687367,0.32183908045977005,0.0,5.551115123125783e-17,0.35433043506668743,1.0,0.9577124930558795,0.9999999999999999,0.5,0.0,0.0,,False,0.0,0.0,87,0,7,0
sustained,ae_denso,Autoencoder Denso,71,False,F3M,3,Afundamentos intermitentes de tensão,M,MPPT (potência máxima),8,W_t,continuous_causal_within_experiment,False,False,7,87,167,False,True,3.792628526687622,5,0.7285364355989329,0.5505540642852227,0.07784431137724551,0.04605451531521136,0.12861888671897576,1.0,0.9577124930558795,0.9999999999999999,0.5389221556886228,0.16763494087374575,0.14444444444444443,1.0,True,0.07784431137724551,0.0,87,0,154,13
post_fault_reset,ae_denso,Autoencoder Denso,71,False,F3M,3,Afundamentos intermitentes de tensão,M,MPPT (potência máxima),8,W_t,continuous_causal_within_experiment,False,False,7,87,174,True,True,3.792628526687622,5,0.7297486853482766,0.5413528867750033,0.07471264367816093,0.04417947281230249,0.12361862679045275,1.0,0.9577124930558795,0.9999999999999999,0.5373563218390804,0.16189403145068332,0.13903743315508021,1.0,True,0.07471264367816093,0.0,87,0,161,13
current_full,ae_denso,Autoencoder Denso,101,False,F3M,3,Afundamentos intermitentes de tensão,M,MPPT (potência máxima),8,W_t,continuous_causal_within_experiment,False,False,7,87,174,False,False,3.144629955291748,5,0.732906958615461,0.5446558330030388,0.08620689655172414,0.05293752496662513,0.13735251789010972,1.0,0.9577124930558795,0.9999999999999999,0.5431034482758621,0.17460757394239454,0.15873015873015872,1.0,True,0.08620689655172414,0.0,87,0,159,15
transition,ae_denso,Autoencoder Denso,101,False,F3M,3,Afundamentos intermitentes de tensão,M,MPPT (potência máxima),8,W_t,continuous_causal_within_experiment,False,False,7,87,7,False,False,3.144629955291748,5,0.0559382844553652,0.38916256157635465,0.0,5.551115123125783e-17,0.35433043506668743,1.0,0.9577124930558795,0.9999999999999999,0.5,0.0,0.0,,False,0.0,0.0,87,0,7,0
sustained,ae_denso,Autoencoder Denso,101,False,F3M,3,Afundamentos intermitentes de tensão,M,MPPT (potência máxima),8,W_t,continuous_causal_within_experiment,False,False,7,87,167,False,True,3.144629955291748,5,0.7306539532311032,0.5511735150388877,0.08982035928143713,0.05518782731353631,0.14289909523031924,1.0,0.9577124930558795,0.9999999999999999,0.5449101796407185,0.18082066819933643,0.16483516483516483,1.0,True,0.08982035928143713,0.0,87,0,152,15
post_fault_reset,ae_denso,Autoencoder Denso,101,False,F3M,3,Afundamentos intermitentes de tensão,M,MPPT (potência máxima),8,W_t,continuous_causal_within_experiment,False,False,7,87,174,True,True,3.144629955291748,5,0.732906958615461,0.5446558330030388,0.08620689655172414,0.05293752496662513,0.13735251789010972,1.0,0.9577124930558795,0.9999999999999999,0.5431034482758621,0.17460757394239454,0.15873015873015872,1.0,True,0.08620689655172414,0.0,87,0,159,15
current_full,ae_lstm,AE-LSTM,13,False,F3M,3,Afundamentos intermitentes de tensão,M,MPPT (potência máxima),8,W_t,continuous_causal_within_experiment,False,False,7,87,174,False,False,23.392887115478516,5,0.7463990208144187,0.560443915973048,0.07471264367816093,0.04417947281230249,0.12361862679045275,1.0,0.9577124930558795,0.9999999999999999,0.5373563218390804,0.16189403145068332,0.13903743315508021,1.0,True,0.07471264367816093,0.0,87,0,161,13
transition,ae_lstm,AE-LSTM,13,False,F3M,3,Afundamentos intermitentes de tensão,M,MPPT (potência máxima),8,W_t,continuous_causal_within_experiment,False,False,7,87,7,False,False,23.392887115478516,5,0.05161512433008161,0.32512315270935965,0.0,5.551115123125783e-17,0.35433043506668743,1.0,0.9577124930558795,0.9999999999999999,0.5,0.0,0.0,,False,0.0,0.0,87,0,7,0
sustained,ae_lstm,AE-LSTM,13,False,F3M,3,Afundamentos intermitentes de tensão,M,MPPT (potência máxima),8,W_t,continuous_causal_within_experiment,False,False,7,87,167,False,True,23.392887115478516,5,0.746101865800989,0.5703076605409869,0.07784431137724551,0.04605451531521136,0.12861888671897576,1.0,0.9577124930558795,0.9999999999999999,0.5389221556886228,0.16763494087374575,0.14444444444444443,1.0,True,0.07784431137724551,0.0,87,0,154,13
post_fault_reset,ae_lstm,AE-LSTM,13,False,F3M,3,Afundamentos intermitentes de tensão,M,MPPT (potência máxima),8,W_t,continuous_causal_within_experiment,False,False,7,87,174,True,True,23.392887115478516,5,0.7464990826544217,0.5611705641432159,0.07471264367816093,0.04417947281230249,0.12361862679045275,1.0,0.9577124930558795,0.9999999999999999,0.5373563218390804,0.16189403145068332,0.13903743315508021,1.0,True,0.07471264367816093,0.0,87,0,161,13
current_full,ae_lstm,AE-LSTM,29,False,F3M,3,Afundamentos intermitentes de tensão,M,MPPT (potência máxima),8,W_t,continuous_causal_within_experiment,False,False,7,87,174,False,False,16.942502975463867,5,0.7348561456524723,0.5509314308363059,0.07471264367816093,0.04417947281230249,0.12361862679045275,1.0,0.9577124930558795,0.9999999999999999,0.5373563218390804,0.16189403145068332,0.13903743315508021,1.0,True,0.07471264367816093,0.0,87,0,161,13
transition,ae_lstm,AE-LSTM,29,False,F3M,3,Afundamentos intermitentes de tensão,M,MPPT (potência máxima),8,W_t,continuous_causal_within_experiment,False,False,7,87,7,False,False,16.942502975463867,5,0.050984281772066625,0.32019704433497537,0.0,5.551115123125783e-17,0.35433043506668743,1.0,0.9577124930558795,0.9999999999999999,0.5,0.0,0.0,,False,0.0,0.0,87,0,7,0
sustained,ae_lstm,AE-LSTM,29,False,F3M,3,Afundamentos intermitentes de tensão,M,MPPT (potência máxima),8,W_t,continuous_causal_within_experiment,False,False,7,87,167,False,True,16.942502975463867,5,0.7341196921108493,0.5606029320669007,0.07784431137724551,0.04605451531521136,0.12861888671897576,1.0,0.9577124930558795,0.9999999999999999,0.5389221556886228,0.16763494087374575,0.14444444444444443,1.0,True,0.07784431137724551,0.0,87,0,154,13
post_fault_reset,ae_lstm,AE-LSTM,29,False,F3M,3,Afundamentos intermitentes de tensão,M,MPPT (potência máxima),8,W_t,continuous_causal_within_experiment,False,False,7,87,174,True,True,16.942502975463867,5,0.7365609901715299,0.5558197912537984,0.07471264367816093,0.04417947281230249,0.12361862679045275,1.0,0.9577124930558795,0.9999999999999999,0.5373563218390804,0.16189403145068332,0.13903743315508021,1.0,True,0.07471264367816093,0.0,87,0,161,13
current_full,ae_lstm,AE-LSTM,42,True,F3M,3,Afundamentos intermitentes de tensão,M,MPPT (potência máxima),8,W_t,continuous_causal_within_experiment,False,False,7,87,174,False,False,17.381608963012695,5,0.7393727895855804,0.551393843308231,0.07471264367816093,0.04417947281230249,0.12361862679045275,1.0,0.9577124930558795,0.9999999999999999,0.5373563218390804,0.16189403145068332,0.13903743315508021,1.0,True,0.07471264367816093,0.0,87,0,161,13
transition,ae_lstm,AE-LSTM,42,True,F3M,3,Afundamentos intermitentes de tensão,M,MPPT (potência máxima),8,W_t,continuous_causal_within_experiment,False,False,7,87,7,False,False,17.381608963012695,5,0.05149436670610619,0.3284072249589491,0.0,5.551115123125783e-17,0.35433043506668743,1.0,0.9577124930558795,0.9999999999999999,0.5,0.0,0.0,,False,0.0,0.0,87,0,7,0
sustained,ae_lstm,AE-LSTM,42,True,F3M,3,Afundamentos intermitentes de tensão,M,MPPT (potência máxima),8,W_t,continuous_causal_within_experiment,False,False,7,87,167,False,True,17.381608963012695,5,0.7385939821093399,0.5607405877899374,0.07784431137724551,0.04605451531521136,0.12861888671897576,1.0,0.9577124930558795,0.9999999999999999,0.5389221556886228,0.16763494087374575,0.14444444444444443,1.0,True,0.07784431137724551,0.0,87,0,154,13
post_fault_reset,ae_lstm,AE-LSTM,42,True,F3M,3,Afundamentos intermitentes de tensão,M,MPPT (potência máxima),8,W_t,continuous_causal_within_experiment,False,False,7,87,174,True,True,17.381608963012695,5,0.7401931591341362,0.5539040824415378,0.07471264367816093,0.04417947281230249,0.12361862679045275,1.0,0.9577124930558795,0.9999999999999999,0.5373563218390804,0.16189403145068332,0.13903743315508021,1.0,True,0.07471264367816093,0.0,87,0,161,13
current_full,ae_lstm,AE-LSTM,71,False,F3M,3,Afundamentos intermitentes de tensão,M,MPPT (potência máxima),8,W_t,continuous_causal_within_experiment,False,False,7,87,174,False,False,20.02474594116211,5,0.7462679316962546,0.5582639714625446,0.07471264367816093,0.04417947281230249,0.12361862679045275,1.0,0.9577124930558795,0.9999999999999999,0.5373563218390804,0.16189403145068332,0.13903743315508021,1.0,True,0.07471264367816093,0.0,87,0,161,13
transition,ae_lstm,AE-LSTM,71,False,F3M,3,Afundamentos intermitentes de tensão,M,MPPT (potência máxima),8,W_t,continuous_causal_within_experiment,False,False,7,87,7,False,False,20.02474594116211,5,0.045047073731478524,0.2118226600985222,0.0,5.551115123125783e-17,0.35433043506668743,1.0,0.9577124930558795,0.9999999999999999,0.5,0.0,0.0,,False,0.0,0.0,87,0,7,0
sustained,ae_lstm,AE-LSTM,71,False,F3M,3,Afundamentos intermitentes de tensão,M,MPPT (potência máxima),8,W_t,continuous_causal_within_experiment,False,False,7,87,167,False,True,20.02474594116211,5,0.7474937855942334,0.5727854635556474,0.07784431137724551,0.04605451531521136,0.12861888671897576,1.0,0.9577124930558795,0.9999999999999999,0.5389221556886228,0.16763494087374575,0.14444444444444443,1.0,True,0.07784431137724551,0.0,87,0,154,13
post_fault_reset,ae_lstm,AE-LSTM,71,False,F3M,3,Afundamentos intermitentes de tensão,M,MPPT (potência máxima),8,W_t,continuous_causal_within_experiment,False,False,7,87,174,True,True,20.02474594116211,5,0.7492451095645952,0.5671819262782403,0.07471264367816093,0.04417947281230249,0.12361862679045275,1.0,0.9577124930558795,0.9999999999999999,0.5373563218390804,0.16189403145068332,0.13903743315508021,1.0,True,0.07471264367816093,0.0,87,0,161,13
current_full,ae_lstm,AE-LSTM,101,False,F3M,3,Afundamentos intermitentes de tensão,M,MPPT (potência máxima),8,W_t,continuous_causal_within_experiment,False,False,7,87,174,False,False,20.34963035583496,5,0.7295885934086386,0.5388426476416964,0.07471264367816093,0.04417947281230249,0.12361862679045275,1.0,0.9577124930558795,0.9999999999999999,0.5373563218390804,0.16189403145068332,0.13903743315508021,1.0,True,0.07471264367816093,0.0,87,0,161,13
transition,ae_lstm,AE-LSTM,101,False,F3M,3,Afundamentos intermitentes de tensão,M,MPPT (potência máxima),8,W_t,continuous_causal_within_experiment,False,False,7,87,7,False,False,20.34963035583496,5,0.04829288013765429,0.2561576354679803,0.0,5.551115123125783e-17,0.35433043506668743,1.0,0.9577124930558795,0.9999999999999999,0.5,0.0,0.0,,False,0.0,0.0,87,0,7,0
sustained,ae_lstm,AE-LSTM,101,False,F3M,3,Afundamentos intermitentes de tensão,M,MPPT (potência máxima),8,W_t,continuous_causal_within_experiment,False,False,7,87,167,False,True,20.34963035583496,5,0.7295933914250905,0.5506917200082595,0.07784431137724551,0.04605451531521136,0.12861888671897576,1.0,0.9577124930558795,0.9999999999999999,0.5389221556886228,0.16763494087374575,0.14444444444444443,1.0,True,0.07784431137724551,0.0,87,0,154,13
post_fault_reset,ae_lstm,AE-LSTM,101,False,F3M,3,Afundamentos intermitentes de tensão,M,MPPT (potência máxima),8,W_t,continuous_causal_within_experiment,False,False,7,87,174,True,True,20.34963035583496,5,0.7291252078401775,0.5372572334522394,0.07471264367816093,0.04417947281230249,0.12361862679045275,1.0,0.9577124930558795,0.9999999999999999,0.5373563218390804,0.16189403145068332,0.13903743315508021,1.0,True,0.07471264367816093,0.0,87,0,161,13
current_full,ae_denso,Autoencoder Denso,13,False,F4L,4,Sombreamento parcial não uniforme (10-20%),L,IPPT (potência limitada),8,W_t,continuous_causal_within_experiment,False,False,7,180,359,False,False,3.5103249549865723,5,0.6990759562717297,0.5560662333642835,0.0,0.0,0.010587155153602403,1.0,0.9791045020783868,1.0,0.5,0.0,0.0,,False,0.0,0.0,180,0,359,0
transition,ae_denso,Autoencoder Denso,13,False,F4L,4,Sombreamento parcial não uniforme (10-20%),L,IPPT (potência limitada),8,W_t,continuous_causal_within_experiment,False,False,7,180,7,False,False,3.5103249549865723,5,0.07203804747325376,0.7182539682539683,0.0,5.551115123125783e-17,0.35433043506668743,1.0,0.9791045020783868,1.0,0.5,0.0,0.0,,False,0.0,0.0,180,0,7,0
sustained,ae_denso,Autoencoder Denso,13,False,F4L,4,Sombreamento parcial não uniforme (10-20%),L,IPPT (potência limitada),8,W_t,continuous_causal_within_experiment,False,False,7,180,352,False,True,3.5103249549865723,5,0.692841173932958,0.5528409090909091,0.0,0.0,0.01079542230246366,1.0,0.9791045020783868,1.0,0.5,0.0,0.0,,False,0.0,0.0,180,0,352,0
post_fault_reset,ae_denso,Autoencoder Denso,13,False,F4L,4,Sombreamento parcial não uniforme (10-20%),L,IPPT (potência limitada),8,W_t,continuous_causal_within_experiment,False,False,7,180,359,True,True,3.5103249549865723,5,0.6990759562717297,0.5560662333642835,0.0,0.0,0.010587155153602403,1.0,0.9791045020783868,1.0,0.5,0.0,0.0,,False,0.0,0.0,180,0,359,0
current_full,ae_denso,Autoencoder Denso,29,False,F4L,4,Sombreamento parcial não uniforme (10-20%),L,IPPT (potência limitada),8,W_t,continuous_causal_within_experiment,False,False,7,180,359,False,False,3.3771872520446777,5,0.7072057200758455,0.5573351903435468,0.005571030640668524,0.0015291093879739055,0.020082144315449087,1.0,0.9791045020783868,1.0,0.5027855153203342,0.04321324533393813,0.0110803324099723,1.0,True,0.005571030640668524,0.0,180,0,357,2
transition,ae_denso,Autoencoder Denso,29,False,F4L,4,Sombreamento parcial não uniforme (10-20%),L,IPPT (potência limitada),8,W_t,continuous_causal_within_experiment,False,False,7,180,7,False,False,3.3771872520446777,5,0.06858460842125824,0.7023809523809524,0.0,5.551115123125783e-17,0.35433043506668743,1.0,0.9791045020783868,1.0,0.5,0.0,0.0,,False,0.0,0.0,180,0,7,0
sustained,ae_denso,Autoencoder Denso,29,False,F4L,4,Sombreamento parcial não uniforme (10-20%),L,IPPT (potência limitada),8,W_t,continuous_causal_within_experiment,False,False,7,180,352,False,True,3.3771872520446777,5,0.7014579261137921,0.5544507575757576,0.005681818181818182,0.0015595448755765084,0.020476838537086428,1.0,0.9791045020783868,1.0,0.5028409090909091,0.0439280559493067,0.011299435028248588,1.0,True,0.005681818181818182,0.0,180,0,350,2
post_fault_reset,ae_denso,Autoencoder Denso,29,False,F4L,4,Sombreamento parcial não uniforme (10-20%),L,IPPT (potência limitada),8,W_t,continuous_causal_within_experiment,False,False,7,180,359,True,True,3.3771872520446777,5,0.7072057200758455,0.5573351903435468,0.005571030640668524,0.0015291093879739055,0.020082144315449087,1.0,0.9791045020783868,1.0,0.5027855153203342,0.04321324533393813,0.0110803324099723,1.0,True,0.005571030640668524,0.0,180,0,357,2
current_full,ae_denso,Autoencoder Denso,42,True,F4L,4,Sombreamento parcial não uniforme (10-20%),L,IPPT (potência limitada),8,W_t,continuous_causal_within_experiment,False,False,7,180,359,False,False,3.461894989013672,5,0.7067564611820848,0.5702878365831012,0.0,0.0,0.010587155153602403,1.0,0.9791045020783868,1.0,0.5,0.0,0.0,,False,0.0,0.0,180,0,359,0
transition,ae_denso,Autoencoder Denso,42,True,F4L,4,Sombreamento parcial não uniforme (10-20%),L,IPPT (potência limitada),8,W_t,continuous_causal_within_experiment,False,False,7,180,7,False,False,3.461894989013672,5,0.07166848441869766,0.719047619047619,0.0,5.551115123125783e-17,0.35433043506668743,1.0,0.9791045020783868,1.0,0.5,0.0,0.0,,False,0.0,0.0,180,0,7,0
sustained,ae_denso,Autoencoder Denso,42,True,F4L,4,Sombreamento parcial não uniforme (10-20%),L,IPPT (potência limitada),8,W_t,continuous_causal_within_experiment,False,False,7,180,352,False,True,3.461894989013672,5,0.7007749125777375,0.5673295454545455,0.0,0.0,0.01079542230246366,1.0,0.9791045020783868,1.0,0.5,0.0,0.0,,False,0.0,0.0,180,0,352,0
post_fault_reset,ae_denso,Autoencoder Denso,42,True,F4L,4,Sombreamento parcial não uniforme (10-20%),L,IPPT (potência limitada),8,W_t,continuous_causal_within_experiment,False,False,7,180,359,True,True,3.461894989013672,5,0.7067564611820848,0.5702878365831012,0.0,0.0,0.010587155153602403,1.0,0.9791045020783868,1.0,0.5,0.0,0.0,,False,0.0,0.0,180,0,359,0
current_full,ae_denso,Autoencoder Denso,71,False,F4L,4,Sombreamento parcial não uniforme (10-20%),L,IPPT (potência limitada),8,W_t,continuous_causal_within_experiment,False,False,7,180,359,False,False,3.792628526687622,5,0.7094510727705319,0.5666202414113277,0.002785515320334262,0.0004918811981754609,0.015607323230337235,1.0,0.9791045020783868,1.0,0.5013927576601671,0.03052796748270094,0.005555555555555556,1.0,True,0.002785515320334262,0.0,180,0,358,1
transition,ae_denso,Autoencoder Denso,71,False,F4L,4,Sombreamento parcial não uniforme (10-20%),L,IPPT (potência limitada),8,W_t,continuous_causal_within_experiment,False,False,7,180,7,False,False,3.792628526687622,5,0.0787860606210223,0.7301587301587301,0.0,5.551115123125783e-17,0.35433043506668743,1.0,0.9791045020783868,1.0,0.5,0.0,0.0,,False,0.0,0.0,180,0,7,0
sustained,ae_denso,Autoencoder Denso,71,False,F4L,4,Sombreamento parcial não uniforme (10-20%),L,IPPT (potência limitada),8,W_t,continuous_causal_within_experiment,False,False,7,180,352,False,True,3.792628526687622,5,0.7032707890405534,0.5633680555555556,0.002840909090909091,0.0005016663636475682,0.01591423649391573,1.0,0.9791045020783868,1.0,0.5014204545454546,0.031032564038710065,0.0056657223796034,1.0,True,0.002840909090909091,0.0,180,0,351,1
post_fault_reset,ae_denso,Autoencoder Denso,71,False,F4L,4,Sombreamento parcial não uniforme (10-20%),L,IPPT (potência limitada),8,W_t,continuous_causal_within_experiment,False,False,7,180,359,True,True,3.792628526687622,5,0.7094510727705319,0.5666202414113277,0.002785515320334262,0.0004918811981754609,0.015607323230337235,1.0,0.9791045020783868,1.0,0.5013927576601671,0.03052796748270094,0.005555555555555556,1.0,True,0.002785515320334262,0.0,180,0,358,1
current_full,ae_denso,Autoencoder Denso,101,False,F4L,4,Sombreamento parcial não uniforme (10-20%),L,IPPT (potência limitada),8,W_t,continuous_causal_within_experiment,False,False,7,180,359,False,False,3.144629955291748,5,0.7086683263183337,0.560662333642835,0.005571030640668524,0.0015291093879739055,0.020082144315449087,1.0,0.9791045020783868,1.0,0.5027855153203342,0.04321324533393813,0.0110803324099723,1.0,True,0.005571030640668524,0.0,180,0,357,2
transition,ae_denso,Autoencoder Denso,101,False,F4L,4,Sombreamento parcial não uniforme (10-20%),L,IPPT (potência limitada),8,W_t,continuous_causal_within_experiment,False,False,7,180,7,False,False,3.144629955291748,5,0.07513403083443204,0.7063492063492063,0.0,5.551115123125783e-17,0.35433043506668743,1.0,0.9791045020783868,1.0,0.5,0.0,0.0,,False,0.0,0.0,180,0,7,0
sustained,ae_denso,Autoencoder Denso,101,False,F4L,4,Sombreamento parcial não uniforme (10-20%),L,IPPT (potência limitada),8,W_t,continuous_causal_within_experiment,False,False,7,180,352,False,True,3.144629955291748,5,0.7027227847676556,0.5577651515151516,0.005681818181818182,0.0015595448755765084,0.020476838537086428,1.0,0.9791045020783868,1.0,0.5028409090909091,0.0439280559493067,0.011299435028248588,1.0,True,0.005681818181818182,0.0,180,0,350,2
post_fault_reset,ae_denso,Autoencoder Denso,101,False,F4L,4,Sombreamento parcial não uniforme (10-20%),L,IPPT (potência limitada),8,W_t,continuous_causal_within_experiment,False,False,7,180,359,True,True,3.144629955291748,5,0.7086683263183337,0.560662333642835,0.005571030640668524,0.0015291093879739055,0.020082144315449087,1.0,0.9791045020783868,1.0,0.5027855153203342,0.04321324533393813,0.0110803324099723,1.0,True,0.005571030640668524,0.0,180,0,357,2
current_full,ae_lstm,AE-LSTM,13,False,F4L,4,Sombreamento parcial não uniforme (10-20%),L,IPPT (potência limitada),8,W_t,continuous_causal_within_experiment,False,False,7,180,359,False,False,23.392887115478516,5,0.7027259676843373,0.5555865057257815,0.0,0.0,0.010587155153602403,1.0,0.9791045020783868,1.0,0.5,0.0,0.0,,False,0.0,0.0,180,0,359,0
transition,ae_lstm,AE-LSTM,13,False,F4L,4,Sombreamento parcial não uniforme (10-20%),L,IPPT (potência limitada),8,W_t,continuous_causal_within_experiment,False,False,7,180,7,False,False,23.392887115478516,5,0.12734039023504692,0.7333333333333334,0.0,5.551115123125783e-17,0.35433043506668743,1.0,0.9791045020783868,1.0,0.5,0.0,0.0,,False,0.0,0.0,180,0,7,0
sustained,ae_lstm,AE-LSTM,13,False,F4L,4,Sombreamento parcial não uniforme (10-20%),L,IPPT (potência limitada),8,W_t,continuous_causal_within_experiment,False,False,7,180,352,False,True,23.392887115478516,5,0.6949574671827436,0.5520517676767677,0.0,0.0,0.01079542230246366,1.0,0.9791045020783868,1.0,0.5,0.0,0.0,,False,0.0,0.0,180,0,352,0
post_fault_reset,ae_lstm,AE-LSTM,13,False,F4L,4,Sombreamento parcial não uniforme (10-20%),L,IPPT (potência limitada),8,W_t,continuous_causal_within_experiment,False,False,7,180,359,True,True,23.392887115478516,5,0.7004022189561583,0.5546425255338905,0.0,0.0,0.010587155153602403,1.0,0.9791045020783868,1.0,0.5,0.0,0.0,,False,0.0,0.0,180,0,359,0
current_full,ae_lstm,AE-LSTM,29,False,F4L,4,Sombreamento parcial não uniforme (10-20%),L,IPPT (potência limitada),8,W_t,continuous_causal_within_experiment,False,False,7,180,359,False,False,16.942502975463867,5,0.6799348632690981,0.5447539461467038,0.0,0.0,0.010587155153602403,1.0,0.9791045020783868,1.0,0.5,0.0,0.0,,False,0.0,0.0,180,0,359,0
transition,ae_lstm,AE-LSTM,29,False,F4L,4,Sombreamento parcial não uniforme (10-20%),L,IPPT (potência limitada),8,W_t,continuous_causal_within_experiment,False,False,7,180,7,False,False,16.942502975463867,5,0.05029308598079149,0.6182539682539683,0.0,5.551115123125783e-17,0.35433043506668743,1.0,0.9791045020783868,1.0,0.5,0.0,0.0,,False,0.0,0.0,180,0,7,0
sustained,ae_lstm,AE-LSTM,29,False,F4L,4,Sombreamento parcial não uniforme (10-20%),L,IPPT (potência limitada),8,W_t,continuous_causal_within_experiment,False,False,7,180,352,False,True,16.942502975463867,5,0.6751432489901128,0.543292297979798,0.0,0.0,0.01079542230246366,1.0,0.9791045020783868,1.0,0.5,0.0,0.0,,False,0.0,0.0,180,0,352,0
post_fault_reset,ae_lstm,AE-LSTM,29,False,F4L,4,Sombreamento parcial não uniforme (10-20%),L,IPPT (potência limitada),8,W_t,continuous_causal_within_experiment,False,False,7,180,359,True,True,16.942502975463867,5,0.6799674666348312,0.5448777468276076,0.0,0.0,0.010587155153602403,1.0,0.9791045020783868,1.0,0.5,0.0,0.0,,False,0.0,0.0,180,0,359,0
current_full,ae_lstm,AE-LSTM,42,True,F4L,4,Sombreamento parcial não uniforme (10-20%),L,IPPT (potência limitada),8,W_t,continuous_causal_within_experiment,False,False,7,180,359,False,False,17.381608963012695,5,0.7100923768218814,0.5556948313215723,0.0,0.0,0.010587155153602403,1.0,0.9791045020783868,1.0,0.5,0.0,0.0,,False,0.0,0.0,180,0,359,0
transition,ae_lstm,AE-LSTM,42,True,F4L,4,Sombreamento parcial não uniforme (10-20%),L,IPPT (potência limitada),8,W_t,continuous_causal_within_experiment,False,False,7,180,7,False,False,17.381608963012695,5,0.12629677886805954,0.6626984126984127,0.0,5.551115123125783e-17,0.35433043506668743,1.0,0.9791045020783868,1.0,0.5,0.0,0.0,,False,0.0,0.0,180,0,7,0
sustained,ae_lstm,AE-LSTM,42,True,F4L,4,Sombreamento parcial não uniforme (10-20%),L,IPPT (potência limitada),8,W_t,continuous_causal_within_experiment,False,False,7,180,352,False,True,17.381608963012695,5,0.7030142285488512,0.5535669191919192,0.0,0.0,0.01079542230246366,1.0,0.9791045020783868,1.0,0.5,0.0,0.0,,False,0.0,0.0,180,0,352,0
post_fault_reset,ae_lstm,AE-LSTM,42,True,F4L,4,Sombreamento parcial não uniforme (10-20%),L,IPPT (potência limitada),8,W_t,continuous_causal_within_experiment,False,False,7,180,359,True,True,17.381608963012695,5,0.7069662342921821,0.5536675951717733,0.0,0.0,0.010587155153602403,1.0,0.9791045020783868,1.0,0.5,0.0,0.0,,False,0.0,0.0,180,0,359,0
current_full,ae_lstm,AE-LSTM,71,False,F4L,4,Sombreamento parcial não uniforme (10-20%),L,IPPT (potência limitada),8,W_t,continuous_causal_within_experiment,False,False,7,180,359,False,False,20.02474594116211,5,0.6705859226174913,0.5052305787681832,0.0,0.0,0.010587155153602403,1.0,0.9791045020783868,1.0,0.5,0.0,0.0,,False,0.0,0.0,180,0,359,0
transition,ae_lstm,AE-LSTM,71,False,F4L,4,Sombreamento parcial não uniforme (10-20%),L,IPPT (potência limitada),8,W_t,continuous_causal_within_experiment,False,False,7,180,7,False,False,20.02474594116211,5,0.03866075753374103,0.5365079365079365,0.0,5.551115123125783e-17,0.35433043506668743,1.0,0.9791045020783868,1.0,0.5,0.0,0.0,,False,0.0,0.0,180,0,7,0
sustained,ae_lstm,AE-LSTM,71,False,F4L,4,Sombreamento parcial não uniforme (10-20%),L,IPPT (potência limitada),8,W_t,continuous_causal_within_experiment,False,False,7,180,352,False,True,20.02474594116211,5,0.6663735900514074,0.5046085858585858,0.0,0.0,0.01079542230246366,1.0,0.9791045020783868,1.0,0.5,0.0,0.0,,False,0.0,0.0,180,0,352,0
post_fault_reset,ae_lstm,AE-LSTM,71,False,F4L,4,Sombreamento parcial não uniforme (10-20%),L,IPPT (potência limitada),8,W_t,continuous_causal_within_experiment,False,False,7,180,359,True,True,20.02474594116211,5,0.6724196060402271,0.5066697616836893,0.0,0.0,0.010587155153602403,1.0,0.9791045020783868,1.0,0.5,0.0,0.0,,False,0.0,0.0,180,0,359,0
current_full,ae_lstm,AE-LSTM,101,False,F4L,4,Sombreamento parcial não uniforme (10-20%),L,IPPT (potência limitada),8,W_t,continuous_causal_within_experiment,False,False,7,180,359,False,False,20.34963035583496,5,0.6793129621479165,0.5072423398328691,0.0,0.0,0.010587155153602403,1.0,0.9791045020783868,1.0,0.5,0.0,0.0,,False,0.0,0.0,180,0,359,0
transition,ae_lstm,AE-LSTM,101,False,F4L,4,Sombreamento parcial não uniforme (10-20%),L,IPPT (potência limitada),8,W_t,continuous_causal_within_experiment,False,False,7,180,7,False,False,20.34963035583496,5,0.05862852084611621,0.5738095238095238,0.0,5.551115123125783e-17,0.35433043506668743,1.0,0.9791045020783868,1.0,0.5,0.0,0.0,,False,0.0,0.0,180,0,7,0
sustained,ae_lstm,AE-LSTM,101,False,F4L,4,Sombreamento parcial não uniforme (10-20%),L,IPPT (potência limitada),8,W_t,continuous_causal_within_experiment,False,False,7,180,352,False,True,20.34963035583496,5,0.6739447628674033,0.5059185606060606,0.0,0.0,0.01079542230246366,1.0,0.9791045020783868,1.0,0.5,0.0,0.0,,False,0.0,0.0,180,0,352,0
post_fault_reset,ae_lstm,AE-LSTM,101,False,F4L,4,Sombreamento parcial não uniforme (10-20%),L,IPPT (potência limitada),8,W_t,continuous_causal_within_experiment,False,False,7,180,359,True,True,20.34963035583496,5,0.6791455536300418,0.5057876818322501,0.0,0.0,0.010587155153602403,1.0,0.9791045020783868,1.0,0.5,0.0,0.0,,False,0.0,0.0,180,0,359,0
current_full,ae_denso,Autoencoder Denso,13,False,F4M,4,Sombreamento parcial não uniforme (10-20%),M,MPPT (potência máxima),8,W_t,continuous_causal_within_experiment,False,False,7,180,359,False,False,3.5103249549865723,5,0.6987044135724669,0.544661095636026,0.016713091922005572,0.007681695415852265,0.0359777553872119,0.9888888888888889,0.9603989991004155,0.9969476251540074,0.5028009904054472,0.02184906414338086,0.0326975476839237,0.75,True,0.016713091922005572,0.011111111111111112,178,2,353,6
transition,ae_denso,Autoencoder Denso,13,False,F4M,4,Sombreamento parcial não uniforme (10-20%),M,MPPT (potência máxima),8,W_t,continuous_causal_within_experiment,False,False,7,180,7,False,False,3.5103249549865723,5,0.03206351712275474,0.4595238095238095,0.0,5.551115123125783e-17,0.35433043506668743,0.9888888888888889,0.9603989991004155,0.9969476251540074,0.49444444444444446,-0.020504156174308185,0.0,0.0,True,0.0,0.011111111111111112,178,2,7,0
sustained,ae_denso,Autoencoder Denso,13,False,F4M,4,Sombreamento parcial não uniforme (10-20%),M,MPPT (potência máxima),8,W_t,continuous_causal_within_experiment,False,False,7,180,352,False,True,3.5103249549865723,5,0.6961005463951537,0.5463541666666667,0.017045454545454544,0.007834904252637283,0.0366834013804242,0.9888888888888889,0.9603989991004155,0.9969476251540074,0.5029671717171718,0.0230711702310159,0.03333333333333333,0.75,True,0.017045454545454544,0.011111111111111112,178,2,346,6
post_fault_reset,ae_denso,Autoencoder Denso,13,False,F4M,4,Sombreamento parcial não uniforme (10-20%),M,MPPT (potência máxima),8,W_t,continuous_causal_within_experiment,False,False,7,180,359,True,True,3.5103249549865723,5,0.6987044135724669,0.544661095636026,0.016713091922005572,0.007681695415852265,0.0359777553872119,0.9888888888888889,0.9603989991004155,0.9969476251540074,0.5028009904054472,0.02184906414338086,0.0326975476839237,0.75,True,0.016713091922005572,0.011111111111111112,178,2,353,6
current_full,ae_denso,Autoencoder Denso,29,False,F4M,4,Sombreamento parcial não uniforme (10-20%),M,MPPT (potência máxima),8,W_t,continuous_causal_within_experiment,False,False,7,180,359,False,False,3.3771872520446777,5,0.7021680660319087,0.5548127514701331,0.027855153203342618,0.015199394956296637,0.0505082529464087,0.9833333333333333,0.952151771962928,0.9943159133795125,0.5055942432683379,0.034394600723628196,0.053763440860215055,0.7692307692307693,True,0.027855153203342618,0.016666666666666666,177,3,349,10
transition,ae_denso,Autoencoder Denso,29,False,F4M,4,Sombreamento parcial não uniforme (10-20%),M,MPPT (potência máxima),8,W_t,continuous_causal_within_experiment,False,False,7,180,7,False,False,3.3771872520446777,5,0.03315317319978088,0.4547619047619047,0.0,5.551115123125783e-17,0.35433043506668743,0.9833333333333333,0.952151771962928,0.9943159133795125,0.49166666666666664,-0.025180507759266745,0.0,0.0,True,0.0,0.016666666666666666,177,3,7,0
sustained,ae_denso,Autoencoder Denso,29,False,F4M,4,Sombreamento parcial não uniforme (10-20%),M,MPPT (potência máxima),8,W_t,continuous_causal_within_experiment,False,False,7,180,352,False,True,3.3771872520446777,5,0.6995617755517028,0.5568023989898989,0.028409090909090908,0.015503060893222734,0.05149716696023732,0.9833333333333333,0.952151771962928,0.9943159133795125,0.5058712121212121,0.03598404624092356,0.0547945205479452,0.7692307692307693,True,0.028409090909090908,0.016666666666666666,177,3,342,10
post_fault_reset,ae_denso,Autoencoder Denso,29,False,F4M,4,Sombreamento parcial não uniforme (10-20%),M,MPPT (potência máxima),8,W_t,continuous_causal_within_experiment,False,False,7,180,359,True,True,3.3771872520446777,5,0.7021680660319087,0.5548127514701331,0.027855153203342618,0.015199394956296637,0.0505082529464087,0.9833333333333333,0.952151771962928,0.9943159133795125,0.5055942432683379,0.034394600723628196,0.053763440860215055,0.7692307692307693,True,0.027855153203342618,0.016666666666666666,177,3,349,10
current_full,ae_denso,Autoencoder Denso,42,True,F4M,4,Sombreamento parcial não uniforme (10-20%),M,MPPT (potência máxima),8,W_t,continuous_causal_within_experiment,False,False,7,180,359,False,False,3.461894989013672,5,0.6926784382100537,0.5358557722067471,0.016713091922005572,0.007681695415852265,0.0359777553872119,0.9944444444444445,0.9692069292336208,0.9990186339327839,0.505578768183225,0.04647794864283248,0.03278688524590164,0.8571428571428571,True,0.016713091922005572,0.005555555555555556,179,1,353,6
transition,ae_denso,Autoencoder Denso,42,True,F4M,4,Sombreamento parcial não uniforme (10-20%),M,MPPT (potência máxima),8,W_t,continuous_causal_within_experiment,False,False,7,180,7,False,False,3.461894989013672,5,0.030612708884984352,0.44365079365079363,0.0,5.551115123125783e-17,0.35433043506668743,0.9944444444444445,0.9692069292336208,0.9990186339327839,0.49722222222222223,-0.01445960054046187,0.0,0.0,True,0.0,0.005555555555555556,179,1,7,0
sustained,ae_denso,Autoencoder Denso,42,True,F4M,4,Sombreamento parcial não uniforme (10-20%),M,MPPT (potência máxima),8,W_t,continuous_causal_within_experiment,False,False,7,180,352,False,True,3.461894989013672,5,0.6902203620469354,0.537689393939394,0.017045454545454544,0.007834904252637283,0.0366834013804242,0.9944444444444445,0.9692069292336208,0.9990186339327839,0.5057449494949495,0.047708429822142295,0.033426183844011144,0.8571428571428571,True,0.017045454545454544,0.005555555555555556,179,1,346,6
post_fault_reset,ae_denso,Autoencoder Denso,42,True,F4M,4,Sombreamento parcial não uniforme (10-20%),M,MPPT (potência máxima),8,W_t,continuous_causal_within_experiment,False,False,7,180,359,True,True,3.461894989013672,5,0.6926784382100537,0.5358557722067471,0.016713091922005572,0.007681695415852265,0.0359777553872119,0.9944444444444445,0.9692069292336208,0.9990186339327839,0.505578768183225,0.04647794864283248,0.03278688524590164,0.8571428571428571,True,0.016713091922005572,0.005555555555555556,179,1,353,6
current_full,ae_denso,Autoencoder Denso,71,False,F4M,4,Sombreamento parcial não uniforme (10-20%),M,MPPT (potência máxima),8,W_t,continuous_causal_within_experiment,False,False,7,180,359,False,False,3.792628526687622,5,0.6992148742183387,0.5443051686784277,0.016713091922005572,0.007681695415852265,0.0359777553872119,1.0,0.9791045020783868,1.0,0.5083565459610028,0.07512786531153602,0.03287671232876712,1.0,True,0.016713091922005572,0.0,180,0,353,6
transition,ae_denso,Autoencoder Denso,71,False,F4M,4,Sombreamento parcial não uniforme (10-20%),M,MPPT (potência máxima),8,W_t,continuous_causal_within_experiment,False,False,7,180,7,False,False,3.792628526687622,5,0.03713605861781199,0.461111111111111,0.0,5.551115123125783e-17,0.35433043506668743,1.0,0.9791045020783868,1.0,0.5,0.0,0.0,,False,0.0,0.0,180,0,7,0
sustained,ae_denso,Autoencoder Denso,71,False,F4M,4,Sombreamento parcial não uniforme (10-20%),M,MPPT (potência máxima),8,W_t,continuous_causal_within_experiment,False,False,7,180,352,False,True,3.792628526687622,5,0.696171546198515,0.545959595959596,0.017045454545454544,0.007834904252637283,0.0366834013804242,1.0,0.9791045020783868,1.0,0.5085227272727273,0.07637437581882082,0.0335195530726257,1.0,True,0.017045454545454544,0.0,180,0,346,6
post_fault_reset,ae_denso,Autoencoder Denso,71,False,F4M,4,Sombreamento parcial não uniforme (10-20%),M,MPPT (potência máxima),8,W_t,continuous_causal_within_experiment,False,False,7,180,359,True,True,3.792628526687622,5,0.6992148742183387,0.5443051686784277,0.016713091922005572,0.007681695415852265,0.0359777553872119,1.0,0.9791045020783868,1.0,0.5083565459610028,0.07512786531153602,0.03287671232876712,1.0,True,0.016713091922005572,0.0,180,0,353,6
current_full,ae_denso,Autoencoder Denso,101,False,F4M,4,Sombreamento parcial não uniforme (10-20%),M,MPPT (potência máxima),8,W_t,continuous_causal_within_experiment,False,False,7,180,359,False,False,3.144629955291748,5,0.691214929727424,0.535422469823584,0.03064066852367688,0.01719380923272017,0.05402588794489546,0.9722222222222222,0.936631929551566,0.9880778779669105,0.5014314453729496,0.007955682006842222,0.058666666666666666,0.6875,True,0.03064066852367688,0.027777777777777776,175,5,348,11
transition,ae_denso,Autoencoder Denso,101,False,F4M,4,Sombreamento parcial não uniforme (10-20%),M,MPPT (potência máxima),8,W_t,continuous_causal_within_experiment,False,False,7,180,7,False,False,3.144629955291748,5,0.03283435427895866,0.4587301587301587,0.0,5.551115123125783e-17,0.35433043506668743,0.9722222222222222,0.936631929551566,0.9880778779669105,0.4861111111111111,-0.03268602252303067,0.0,0.0,True,0.0,0.027777777777777776,175,5,7,0
sustained,ae_denso,Autoencoder Denso,101,False,F4M,4,Sombreamento parcial não uniforme (10-20%),M,MPPT (potência máxima),8,W_t,continuous_causal_within_experiment,False,False,7,180,352,False,True,3.144629955291748,5,0.6884152507517278,0.536947601010101,0.03125,0.01753745546613841,0.05508325294242128,0.9722222222222222,0.936631929551566,0.9880778779669105,0.5017361111111112,0.009619007301393163,0.059782608695652176,0.6875,True,0.03125,0.027777777777777776,175,5,341,11
post_fault_reset,ae_denso,Autoencoder Denso,101,False,F4M,4,Sombreamento parcial não uniforme (10-20%),M,MPPT (potência máxima),8,W_t,continuous_causal_within_experiment,False,False,7,180,359,True,True,3.144629955291748,5,0.691214929727424,0.535422469823584,0.03064066852367688,0.01719380923272017,0.05402588794489546,0.9722222222222222,0.936631929551566,0.9880778779669105,0.5014314453729496,0.007955682006842222,0.058666666666666666,0.6875,True,0.03064066852367688,0.027777777777777776,175,5,348,11
current_full,ae_lstm,AE-LSTM,13,False,F4M,4,Sombreamento parcial não uniforme (10-20%),M,MPPT (potência máxima),8,W_t,continuous_causal_within_experiment,False,False,7,180,359,False,False,23.392887115478516,5,0.6912672585305353,0.49535747446610956,0.0,0.0,0.010587155153602403,1.0,0.9791045020783868,1.0,0.5,0.0,0.0,,False,0.0,0.0,180,0,359,0
transition,ae_lstm,AE-LSTM,13,False,F4M,4,Sombreamento parcial não uniforme (10-20%),M,MPPT (potência máxima),8,W_t,continuous_causal_within_experiment,False,False,7,180,7,False,False,23.392887115478516,5,0.03050137865900273,0.43174603174603177,0.0,5.551115123125783e-17,0.35433043506668743,1.0,0.9791045020783868,1.0,0.5,0.0,0.0,,False,0.0,0.0,180,0,7,0
sustained,ae_lstm,AE-LSTM,13,False,F4M,4,Sombreamento parcial não uniforme (10-20%),M,MPPT (potência máxima),8,W_t,continuous_causal_within_experiment,False,False,7,180,352,False,True,23.392887115478516,5,0.6886998073373785,0.4966224747474748,0.0,0.0,0.01079542230246366,1.0,0.9791045020783868,1.0,0.5,0.0,0.0,,False,0.0,0.0,180,0,352,0
post_fault_reset,ae_lstm,AE-LSTM,13,False,F4M,4,Sombreamento parcial não uniforme (10-20%),M,MPPT (potência máxima),8,W_t,continuous_causal_within_experiment,False,False,7,180,359,True,True,23.392887115478516,5,0.6910822070740821,0.4948932219127206,0.0,0.0,0.010587155153602403,1.0,0.9791045020783868,1.0,0.5,0.0,0.0,,False,0.0,0.0,180,0,359,0
current_full,ae_lstm,AE-LSTM,29,False,F4M,4,Sombreamento parcial não uniforme (10-20%),M,MPPT (potência máxima),8,W_t,continuous_causal_within_experiment,False,False,7,180,359,False,False,16.942502975463867,5,0.6808966902632712,0.5240792324357784,0.0,0.0,0.010587155153602403,1.0,0.9791045020783868,1.0,0.5,0.0,0.0,,False,0.0,0.0,180,0,359,0
transition,ae_lstm,AE-LSTM,29,False,F4M,4,Sombreamento parcial não uniforme (10-20%),M,MPPT (potência máxima),8,W_t,continuous_causal_within_experiment,False,False,7,180,7,False,False,16.942502975463867,5,0.035378019827950045,0.5103174603174603,0.0,5.551115123125783e-17,0.35433043506668743,1.0,0.9791045020783868,1.0,0.5,0.0,0.0,,False,0.0,0.0,180,0,7,0
sustained,ae_lstm,AE-LSTM,29,False,F4M,4,Sombreamento parcial não uniforme (10-20%),M,MPPT (potência máxima),8,W_t,continuous_causal_within_experiment,False,False,7,180,352,False,True,16.942502975463867,5,0.6774771370094733,0.524352904040404,0.0,0.0,0.01079542230246366,1.0,0.9791045020783868,1.0,0.5,0.0,0.0,,False,0.0,0.0,180,0,352,0
post_fault_reset,ae_lstm,AE-LSTM,29,False,F4M,4,Sombreamento parcial não uniforme (10-20%),M,MPPT (potência máxima),8,W_t,continuous_causal_within_experiment,False,False,7,180,359,True,True,16.942502975463867,5,0.6812044776063779,0.523800680903745,0.0,0.0,0.010587155153602403,1.0,0.9791045020783868,1.0,0.5,0.0,0.0,,False,0.0,0.0,180,0,359,0
current_full,ae_lstm,AE-LSTM,42,True,F4M,4,Sombreamento parcial não uniforme (10-20%),M,MPPT (potência máxima),8,W_t,continuous_causal_within_experiment,False,False,7,180,359,False,False,17.381608963012695,5,0.696708609975746,0.5488857938718663,0.0,0.0,0.010587155153602403,1.0,0.9791045020783868,1.0,0.5,0.0,0.0,,False,0.0,0.0,180,0,359,0
transition,ae_lstm,AE-LSTM,42,True,F4M,4,Sombreamento parcial não uniforme (10-20%),M,MPPT (potência máxima),8,W_t,continuous_causal_within_experiment,False,False,7,180,7,False,False,17.381608963012695,5,0.03673003144534277,0.530952380952381,0.0,5.551115123125783e-17,0.35433043506668743,1.0,0.9791045020783868,1.0,0.5,0.0,0.0,,False,0.0,0.0,180,0,7,0
sustained,ae_lstm,AE-LSTM,42,True,F4M,4,Sombreamento parcial não uniforme (10-20%),M,MPPT (potência máxima),8,W_t,continuous_causal_within_experiment,False,False,7,180,352,False,True,17.381608963012695,5,0.6934814316339548,0.5492424242424243,0.0,0.0,0.01079542230246366,1.0,0.9791045020783868,1.0,0.5,0.0,0.0,,False,0.0,0.0,180,0,352,0
post_fault_reset,ae_lstm,AE-LSTM,42,True,F4M,4,Sombreamento parcial não uniforme (10-20%),M,MPPT (potência máxima),8,W_t,continuous_causal_within_experiment,False,False,7,180,359,True,True,17.381608963012695,5,0.6962191534340696,0.5478489631692974,0.0,0.0,0.010587155153602403,1.0,0.9791045020783868,1.0,0.5,0.0,0.0,,False,0.0,0.0,180,0,359,0
current_full,ae_lstm,AE-LSTM,71,False,F4M,4,Sombreamento parcial não uniforme (10-20%),M,MPPT (potência máxima),8,W_t,continuous_causal_within_experiment,False,False,7,180,359,False,False,20.02474594116211,5,0.6847656258214615,0.5115289384091612,0.0,0.0,0.010587155153602403,1.0,0.9791045020783868,1.0,0.5,0.0,0.0,,False,0.0,0.0,180,0,359,0
transition,ae_lstm,AE-LSTM,71,False,F4M,4,Sombreamento parcial não uniforme (10-20%),M,MPPT (potência máxima),8,W_t,continuous_causal_within_experiment,False,False,7,180,7,False,False,20.02474594116211,5,0.03292935834212643,0.47698412698412695,0.0,5.551115123125783e-17,0.35433043506668743,1.0,0.9791045020783868,1.0,0.5,0.0,0.0,,False,0.0,0.0,180,0,7,0
sustained,ae_lstm,AE-LSTM,71,False,F4M,4,Sombreamento parcial não uniforme (10-20%),M,MPPT (potência máxima),8,W_t,continuous_causal_within_experiment,False,False,7,180,352,False,True,20.02474594116211,5,0.6819594065010499,0.5122159090909091,0.0,0.0,0.01079542230246366,1.0,0.9791045020783868,1.0,0.5,0.0,0.0,,False,0.0,0.0,180,0,352,0
post_fault_reset,ae_lstm,AE-LSTM,71,False,F4M,4,Sombreamento parcial não uniforme (10-20%),M,MPPT (potência máxima),8,W_t,continuous_causal_within_experiment,False,False,7,180,359,True,True,20.02474594116211,5,0.6840679353863092,0.509671928195605,0.0,0.0,0.010587155153602403,1.0,0.9791045020783868,1.0,0.5,0.0,0.0,,False,0.0,0.0,180,0,359,0
current_full,ae_lstm,AE-LSTM,101,False,F4M,4,Sombreamento parcial não uniforme (10-20%),M,MPPT (potência máxima),8,W_t,continuous_causal_within_experiment,False,False,7,180,359,False,False,20.34963035583496,5,0.6855573233631944,0.534432064376354,0.0,0.0,0.010587155153602403,1.0,0.9791045020783868,1.0,0.5,0.0,0.0,,False,0.0,0.0,180,0,359,0
transition,ae_lstm,AE-LSTM,101,False,F4M,4,Sombreamento parcial não uniforme (10-20%),M,MPPT (potência máxima),8,W_t,continuous_causal_within_experiment,False,False,7,180,7,False,False,20.34963035583496,5,0.044274783300432406,0.6190476190476191,0.0,5.551115123125783e-17,0.35433043506668743,1.0,0.9791045020783868,1.0,0.5,0.0,0.0,,False,0.0,0.0,180,0,7,0
sustained,ae_lstm,AE-LSTM,101,False,F4M,4,Sombreamento parcial não uniforme (10-20%),M,MPPT (potência máxima),8,W_t,continuous_causal_within_experiment,False,False,7,180,352,False,True,20.34963035583496,5,0.6814376404148138,0.5327493686868686,0.0,0.0,0.01079542230246366,1.0,0.9791045020783868,1.0,0.5,0.0,0.0,,False,0.0,0.0,180,0,352,0
post_fault_reset,ae_lstm,AE-LSTM,101,False,F4M,4,Sombreamento parcial não uniforme (10-20%),M,MPPT (potência máxima),8,W_t,continuous_causal_within_experiment,False,False,7,180,359,True,True,20.34963035583496,5,0.6845645156065069,0.5325750541627979,0.0,0.0,0.010587155153602403,1.0,0.9791045020783868,1.0,0.5,0.0,0.0,,False,0.0,0.0,180,0,359,0
current_full,ae_denso,Autoencoder Denso,13,False,F5L,5,Circuito aberto em 15% do arranjo PV,L,IPPT (potência limitada),8,W_t,continuous_causal_within_experiment,False,False,7,179,357,False,False,3.5103249549865723,5,1.0,1.0,1.0,0.9893541644764191,1.0,0.9832402234636871,0.9518908366308748,0.9942840687534379,0.9916201117318435,0.9874444566327887,0.99581589958159,0.9916666666666667,True,1.0,0.01675977653631285,176,3,0,357
transition,ae_denso,Autoencoder Denso,13,False,F5L,5,Circuito aberto em 15% do arranjo PV,L,IPPT (potência limitada),8,W_t,continuous_causal_within_experiment,False,False,7,179,7,False,False,3.5103249549865723,5,1.0,1.0,1.0,0.6456695649333126,1.0,0.9832402234636871,0.9518908366308748,0.9942840687534379,0.9916201117318435,0.8296192840240523,0.8235294117647058,0.7,True,1.0,0.01675977653631285,176,3,0,7
sustained,ae_denso,Autoencoder Denso,13,False,F5L,5,Circuito aberto em 15% do arranjo PV,L,IPPT (potência limitada),8,W_t,continuous_causal_within_experiment,False,False,7,179,350,False,True,3.5103249549865723,5,1.0,1.0,1.0,0.9891435592835921,0.9999999999999999,0.9832402234636871,0.9518908366308748,0.9942840687534379,0.9916201117318435,0.9873621798791872,0.9957325746799431,0.9915014164305949,True,1.0,0.01675977653631285,176,3,0,350
post_fault_reset,ae_denso,Autoencoder Denso,13,False,F5L,5,Circuito aberto em 15% do arranjo PV,L,IPPT (potência limitada),8,W_t,continuous_causal_within_experiment,False,False,7,179,357,True,True,3.5103249549865723,5,1.0,1.0,1.0,0.9893541644764191,1.0,0.9832402234636871,0.9518908366308748,0.9942840687534379,0.9916201117318435,0.9874444566327887,0.99581589958159,0.9916666666666667,True,1.0,0.01675977653631285,176,3,0,357
current_full,ae_denso,Autoencoder Denso,29,False,F5L,5,Circuito aberto em 15% do arranjo PV,L,IPPT (potência limitada),8,W_t,continuous_causal_within_experiment,False,False,7,179,357,False,False,3.3771872520446777,5,1.0,1.0,1.0,0.9893541644764191,1.0,0.9720670391061452,0.9362870793666515,0.9880109495925905,0.9860335195530726,0.9791019858967704,0.9930458970792768,0.9861878453038674,True,1.0,0.027932960893854747,174,5,0,357
transition,ae_denso,Autoencoder Denso,29,False,F5L,5,Circuito aberto em 15% do arranjo PV,L,IPPT (potência limitada),8,W_t,continuous_causal_within_experiment,False,False,7,179,7,False,False,3.3771872520446777,5,1.0,1.0,1.0,0.6456695649333126,1.0,0.9720670391061452,0.9362870793666515,0.9880109495925905,0.9860335195530726,0.7530199905349468,0.7368421052631579,0.5833333333333334,True,1.0,0.027932960893854747,174,5,0,7
sustained,ae_denso,Autoencoder Denso,29,False,F5L,5,Circuito aberto em 15% do arranjo PV,L,IPPT (potência limitada),8,W_t,continuous_causal_within_experiment,False,False,7,179,350,False,True,3.3771872520446777,5,1.0,1.0,1.0,0.9891435592835921,0.9999999999999999,0.9720670391061452,0.9362870793666515,0.9880109495925905,0.9860335195530726,0.978966778827715,0.9929078014184397,0.9859154929577465,True,1.0,0.027932960893854747,174,5,0,350
post_fault_reset,ae_denso,Autoencoder Denso,29,False,F5L,5,Circuito aberto em 15% do arranjo PV,L,IPPT (potência limitada),8,W_t,continuous_causal_within_experiment,False,False,7,179,357,True,True,3.3771872520446777,5,1.0,1.0,1.0,0.9893541644764191,1.0,0.9720670391061452,0.9362870793666515,0.9880109495925905,0.9860335195530726,0.9791019858967704,0.9930458970792768,0.9861878453038674,True,1.0,0.027932960893854747,174,5,0,357
current_full,ae_denso,Autoencoder Denso,42,True,F5L,5,Circuito aberto em 15% do arranjo PV,L,IPPT (potência limitada),8,W_t,continuous_causal_within_experiment,False,False,7,179,357,False,False,3.461894989013672,5,1.0,1.0,1.0,0.9893541644764191,1.0,0.9720670391061452,0.9362870793666515,0.9880109495925905,0.9860335195530726,0.9791019858967704,0.9930458970792768,0.9861878453038674,True,1.0,0.027932960893854747,174,5,0,357
transition,ae_denso,Autoencoder Denso,42,True,F5L,5,Circuito aberto em 15% do arranjo PV,L,IPPT (potência limitada),8,W_t,continuous_causal_within_experiment,False,False,7,179,7,False,False,3.461894989013672,5,1.0,1.0,1.0,0.6456695649333126,1.0,0.9720670391061452,0.9362870793666515,0.9880109495925905,0.9860335195530726,0.7530199905349468,0.7368421052631579,0.5833333333333334,True,1.0,0.027932960893854747,174,5,0,7
sustained,ae_denso,Autoencoder Denso,42,True,F5L,5,Circuito aberto em 15% do arranjo PV,L,IPPT (potência limitada),8,W_t,continuous_causal_within_experiment,False,False,7,179,350,False,True,3.461894989013672,5,1.0,1.0,1.0,0.9891435592835921,0.9999999999999999,0.9720670391061452,0.9362870793666515,0.9880109495925905,0.9860335195530726,0.978966778827715,0.9929078014184397,0.9859154929577465,True,1.0,0.027932960893854747,174,5,0,350
post_fault_reset,ae_denso,Autoencoder Denso,42,True,F5L,5,Circuito aberto em 15% do arranjo PV,L,IPPT (potência limitada),8,W_t,continuous_causal_within_experiment,False,False,7,179,357,True,True,3.461894989013672,5,1.0,1.0,1.0,0.9893541644764191,1.0,0.9720670391061452,0.9362870793666515,0.9880109495925905,0.9860335195530726,0.9791019858967704,0.9930458970792768,0.9861878453038674,True,1.0,0.027932960893854747,174,5,0,357
current_full,ae_denso,Autoencoder Denso,71,False,F5L,5,Circuito aberto em 15% do arranjo PV,L,IPPT (potência limitada),8,W_t,continuous_causal_within_experiment,False,False,7,179,357,False,False,3.792628526687622,5,1.0,1.0,1.0,0.9893541644764191,1.0,0.9776536312849162,0.9439600415761618,0.9912764255956157,0.9888268156424581,0.9832705141864383,0.9944289693593314,0.9889196675900277,True,1.0,0.0223463687150838,175,4,0,357
transition,ae_denso,Autoencoder Denso,71,False,F5L,5,Circuito aberto em 15% do arranjo PV,L,IPPT (potência limitada),8,W_t,continuous_causal_within_experiment,False,False,7,179,7,False,False,3.792628526687622,5,1.0,1.0,1.0,0.6456695649333126,1.0,0.9776536312849162,0.9439600415761618,0.9912764255956157,0.9888268156424581,0.7887605593008458,0.7777777777777778,0.6363636363636364,True,1.0,0.0223463687150838,175,4,0,7
sustained,ae_denso,Autoencoder Denso,71,False,F5L,5,Circuito aberto em 15% do arranjo PV,L,IPPT (potência limitada),8,W_t,continuous_causal_within_experiment,False,False,7,179,350,False,True,3.792628526687622,5,1.0,1.0,1.0,0.9891435592835921,0.9999999999999999,0.9776536312849162,0.9439600415761618,0.9912764255956157,0.9888268156424581,0.9831615826496075,0.9943181818181818,0.9887005649717514,True,1.0,0.0223463687150838,175,4,0,350
post_fault_reset,ae_denso,Autoencoder Denso,71,False,F5L,5,Circuito aberto em 15% do arranjo PV,L,IPPT (potência limitada),8,W_t,continuous_causal_within_experiment,False,False,7,179,357,True,True,3.792628526687622,5,1.0,1.0,1.0,0.9893541644764191,1.0,0.9776536312849162,0.9439600415761618,0.9912764255956157,0.9888268156424581,0.9832705141864383,0.9944289693593314,0.9889196675900277,True,1.0,0.0223463687150838,175,4,0,357
current_full,ae_denso,Autoencoder Denso,101,False,F5L,5,Circuito aberto em 15% do arranjo PV,L,IPPT (potência limitada),8,W_t,continuous_causal_within_experiment,False,False,7,179,357,False,False,3.144629955291748,5,1.0,1.0,1.0,0.9893541644764191,1.0,0.9664804469273743,0.9288107184545821,0.9845488722921246,0.9832402234636872,0.9749387485924883,0.9916666666666667,0.9834710743801653,True,1.0,0.0335195530726257,173,6,0,357
transition,ae_denso,Autoencoder Denso,101,False,F5L,5,Circuito aberto em 15% do arranjo PV,L,IPPT (potência limitada),8,W_t,continuous_causal_within_experiment,False,False,7,179,7,False,False,3.144629955291748,5,1.0,1.0,1.0,0.6456695649333126,1.0,0.9664804469273743,0.9288107184545821,0.9845488722921246,0.9832402234636872,0.7213962491900753,0.7,0.5384615384615384,True,1.0,0.0335195530726257,173,6,0,7
sustained,ae_denso,Autoencoder Denso,101,False,F5L,5,Circuito aberto em 15% do arranjo PV,L,IPPT (potência limitada),8,W_t,continuous_causal_within_experiment,False,False,7,179,350,False,True,3.144629955291748,5,1.0,1.0,1.0,0.9891435592835921,0.9999999999999999,0.9664804469273743,0.9288107184545821,0.9845488722921246,0.9832402234636872,0.9747776416346682,0.9915014164305949,0.9831460674157303,True,1.0,0.0335195530726257,173,6,0,350
post_fault_reset,ae_denso,Autoencoder Denso,101,False,F5L,5,Circuito aberto em 15% do arranjo PV,L,IPPT (potência limitada),8,W_t,continuous_causal_within_experiment,False,False,7,179,357,True,True,3.144629955291748,5,1.0,1.0,1.0,0.9893541644764191,1.0,0.9664804469273743,0.9288107184545821,0.9845488722921246,0.9832402234636872,0.9749387485924883,0.9916666666666667,0.9834710743801653,True,1.0,0.0335195530726257,173,6,0,357
current_full,ae_lstm,AE-LSTM,13,False,F5L,5,Circuito aberto em 15% do arranjo PV,L,IPPT (potência limitada),8,W_t,continuous_causal_within_experiment,False,False,7,179,357,False,False,23.392887115478516,5,0.9999999999999999,1.0,1.0,0.9893541644764191,1.0,1.0,0.978990220021919,0.9999999999999999,1.0,1.0,1.0,1.0,True,1.0,0.0,179,0,0,357
transition,ae_lstm,AE-LSTM,13,False,F5L,5,Circuito aberto em 15% do arranjo PV,L,IPPT (potência limitada),8,W_t,continuous_causal_within_experiment,False,False,7,179,7,False,False,23.392887115478516,5,1.0,1.0,1.0,0.6456695649333126,1.0,1.0,0.978990220021919,0.9999999999999999,1.0,1.0,1.0,1.0,True,1.0,0.0,179,0,0,7
sustained,ae_lstm,AE-LSTM,13,False,F5L,5,Circuito aberto em 15% do arranjo PV,L,IPPT (potência limitada),8,W_t,continuous_causal_within_experiment,False,False,7,179,350,False,True,23.392887115478516,5,1.0,1.0,1.0,0.9891435592835921,0.9999999999999999,1.0,0.978990220021919,0.9999999999999999,1.0,1.0,1.0,1.0,True,1.0,0.0,179,0,0,350
post_fault_reset,ae_lstm,AE-LSTM,13,False,F5L,5,Circuito aberto em 15% do arranjo PV,L,IPPT (potência limitada),8,W_t,continuous_causal_within_experiment,False,False,7,179,357,True,True,23.392887115478516,5,0.9999999999999999,1.0,1.0,0.9893541644764191,1.0,1.0,0.978990220021919,0.9999999999999999,1.0,1.0,1.0,1.0,True,1.0,0.0,179,0,0,357
current_full,ae_lstm,AE-LSTM,29,False,F5L,5,Circuito aberto em 15% do arranjo PV,L,IPPT (potência limitada),8,W_t,continuous_causal_within_experiment,False,False,7,179,357,False,False,16.942502975463867,5,1.0,1.0,1.0,0.9893541644764191,1.0,1.0,0.978990220021919,0.9999999999999999,1.0,1.0,1.0,1.0,True,1.0,0.0,179,0,0,357
transition,ae_lstm,AE-LSTM,29,False,F5L,5,Circuito aberto em 15% do arranjo PV,L,IPPT (potência limitada),8,W_t,continuous_causal_within_experiment,False,False,7,179,7,False,False,16.942502975463867,5,1.0,1.0,1.0,0.6456695649333126,1.0,1.0,0.978990220021919,0.9999999999999999,1.0,1.0,1.0,1.0,True,1.0,0.0,179,0,0,7
sustained,ae_lstm,AE-LSTM,29,False,F5L,5,Circuito aberto em 15% do arranjo PV,L,IPPT (potência limitada),8,W_t,continuous_causal_within_experiment,False,False,7,179,350,False,True,16.942502975463867,5,1.0,1.0,1.0,0.9891435592835921,0.9999999999999999,1.0,0.978990220021919,0.9999999999999999,1.0,1.0,1.0,1.0,True,1.0,0.0,179,0,0,350
post_fault_reset,ae_lstm,AE-LSTM,29,False,F5L,5,Circuito aberto em 15% do arranjo PV,L,IPPT (potência limitada),8,W_t,continuous_causal_within_experiment,False,False,7,179,357,True,True,16.942502975463867,5,1.0,1.0,1.0,0.9893541644764191,1.0,1.0,0.978990220021919,0.9999999999999999,1.0,1.0,1.0,1.0,True,1.0,0.0,179,0,0,357
current_full,ae_lstm,AE-LSTM,42,True,F5L,5,Circuito aberto em 15% do arranjo PV,L,IPPT (potência limitada),8,W_t,continuous_causal_within_experiment,False,False,7,179,357,False,False,17.381608963012695,5,0.9999999999999999,1.0,1.0,0.9893541644764191,1.0,1.0,0.978990220021919,0.9999999999999999,1.0,1.0,1.0,1.0,True,1.0,0.0,179,0,0,357
transition,ae_lstm,AE-LSTM,42,True,F5L,5,Circuito aberto em 15% do arranjo PV,L,IPPT (potência limitada),8,W_t,continuous_causal_within_experiment,False,False,7,179,7,False,False,17.381608963012695,5,1.0,1.0,1.0,0.6456695649333126,1.0,1.0,0.978990220021919,0.9999999999999999,1.0,1.0,1.0,1.0,True,1.0,0.0,179,0,0,7
sustained,ae_lstm,AE-LSTM,42,True,F5L,5,Circuito aberto em 15% do arranjo PV,L,IPPT (potência limitada),8,W_t,continuous_causal_within_experiment,False,False,7,179,350,False,True,17.381608963012695,5,1.0,1.0,1.0,0.9891435592835921,0.9999999999999999,1.0,0.978990220021919,0.9999999999999999,1.0,1.0,1.0,1.0,True,1.0,0.0,179,0,0,350
post_fault_reset,ae_lstm,AE-LSTM,42,True,F5L,5,Circuito aberto em 15% do arranjo PV,L,IPPT (potência limitada),8,W_t,continuous_causal_within_experiment,False,False,7,179,357,True,True,17.381608963012695,5,0.9999999999999999,1.0,1.0,0.9893541644764191,1.0,1.0,0.978990220021919,0.9999999999999999,1.0,1.0,1.0,1.0,True,1.0,0.0,179,0,0,357
current_full,ae_lstm,AE-LSTM,71,False,F5L,5,Circuito aberto em 15% do arranjo PV,L,IPPT (potência limitada),8,W_t,continuous_causal_within_experiment,False,False,7,179,357,False,False,20.02474594116211,5,1.0,1.0,1.0,0.9893541644764191,1.0,1.0,0.978990220021919,0.9999999999999999,1.0,1.0,1.0,1.0,True,1.0,0.0,179,0,0,357
transition,ae_lstm,AE-LSTM,71,False,F5L,5,Circuito aberto em 15% do arranjo PV,L,IPPT (potência limitada),8,W_t,continuous_causal_within_experiment,False,False,7,179,7,False,False,20.02474594116211,5,1.0,1.0,1.0,0.6456695649333126,1.0,1.0,0.978990220021919,0.9999999999999999,1.0,1.0,1.0,1.0,True,1.0,0.0,179,0,0,7
sustained,ae_lstm,AE-LSTM,71,False,F5L,5,Circuito aberto em 15% do arranjo PV,L,IPPT (potência limitada),8,W_t,continuous_causal_within_experiment,False,False,7,179,350,False,True,20.02474594116211,5,1.0,1.0,1.0,0.9891435592835921,0.9999999999999999,1.0,0.978990220021919,0.9999999999999999,1.0,1.0,1.0,1.0,True,1.0,0.0,179,0,0,350
post_fault_reset,ae_lstm,AE-LSTM,71,False,F5L,5,Circuito aberto em 15% do arranjo PV,L,IPPT (potência limitada),8,W_t,continuous_causal_within_experiment,False,False,7,179,357,True,True,20.02474594116211,5,1.0,1.0,1.0,0.9893541644764191,1.0,1.0,0.978990220021919,0.9999999999999999,1.0,1.0,1.0,1.0,True,1.0,0.0,179,0,0,357
current_full,ae_lstm,AE-LSTM,101,False,F5L,5,Circuito aberto em 15% do arranjo PV,L,IPPT (potência limitada),8,W_t,continuous_causal_within_experiment,False,False,7,179,357,False,False,20.34963035583496,5,1.0,1.0,1.0,0.9893541644764191,1.0,1.0,0.978990220021919,0.9999999999999999,1.0,1.0,1.0,1.0,True,1.0,0.0,179,0,0,357
transition,ae_lstm,AE-LSTM,101,False,F5L,5,Circuito aberto em 15% do arranjo PV,L,IPPT (potência limitada),8,W_t,continuous_causal_within_experiment,False,False,7,179,7,False,False,20.34963035583496,5,1.0,1.0,1.0,0.6456695649333126,1.0,1.0,0.978990220021919,0.9999999999999999,1.0,1.0,1.0,1.0,True,1.0,0.0,179,0,0,7
sustained,ae_lstm,AE-LSTM,101,False,F5L,5,Circuito aberto em 15% do arranjo PV,L,IPPT (potência limitada),8,W_t,continuous_causal_within_experiment,False,False,7,179,350,False,True,20.34963035583496,5,1.0,1.0,1.0,0.9891435592835921,0.9999999999999999,1.0,0.978990220021919,0.9999999999999999,1.0,1.0,1.0,1.0,True,1.0,0.0,179,0,0,350
post_fault_reset,ae_lstm,AE-LSTM,101,False,F5L,5,Circuito aberto em 15% do arranjo PV,L,IPPT (potência limitada),8,W_t,continuous_causal_within_experiment,False,False,7,179,357,True,True,20.34963035583496,5,1.0,1.0,1.0,0.9893541644764191,1.0,1.0,0.978990220021919,0.9999999999999999,1.0,1.0,1.0,1.0,True,1.0,0.0,179,0,0,357
current_full,ae_denso,Autoencoder Denso,13,False,F5M,5,Circuito aberto em 15% do arranjo PV,M,MPPT (potência máxima),8,W_t,continuous_causal_within_experiment,False,False,7,180,359,False,False,3.5103249549865723,5,0.997929969701786,0.9952800990405447,0.9805013927576601,0.9603050272381884,0.9905234726838371,0.9722222222222222,0.936631929551566,0.9880778779669105,0.9763618074899412,0.950124692354746,0.9832402234636871,0.9859943977591037,True,0.9805013927576601,0.027777777777777776,175,5,7,352
transition,ae_denso,Autoencoder Denso,13,False,F5M,5,Circuito aberto em 15% do arranjo PV,M,MPPT (potência máxima),8,W_t,continuous_causal_within_experiment,False,False,7,180,7,False,False,3.5103249549865723,5,0.0987792761282443,0.7619047619047619,0.14285714285714285,0.02567962434474355,0.5131278292743189,0.9722222222222222,0.936631929551566,0.9880778779669105,0.5575396825396826,0.12395607527327086,0.15384615384615385,0.16666666666666666,True,0.14285714285714285,0.027777777777777776,175,5,6,1
sustained,ae_denso,Autoencoder Denso,13,False,F5M,5,Circuito aberto em 15% do arranjo PV,M,MPPT (potência máxima),8,W_t,continuous_causal_within_experiment,False,False,7,180,352,False,True,3.5103249549865723,5,0.999960155474345,0.9999210858585859,0.9971590909090909,0.9840857635060843,0.9994983336363524,0.9722222222222222,0.936631929551566,0.9880778779669105,0.9846906565656566,0.9748120632603722,0.9915254237288136,0.9859550561797753,True,0.9971590909090909,0.027777777777777776,175,5,1,351
post_fault_reset,ae_denso,Autoencoder Denso,13,False,F5M,5,Circuito aberto em 15% do arranjo PV,M,MPPT (potência máxima),8,W_t,continuous_causal_within_experiment,False,False,7,180,359,True,True,3.5103249549865723,5,0.997929969701786,0.9952800990405447,0.9805013927576601,0.9603050272381884,0.9905234726838371,0.9722222222222222,0.936631929551566,0.9880778779669105,0.9763618074899412,0.950124692354746,0.9832402234636871,0.9859943977591037,True,0.9805013927576601,0.027777777777777776,175,5,7,352
current_full,ae_denso,Autoencoder Denso,29,False,F5M,5,Circuito aberto em 15% do arranjo PV,M,MPPT (potência máxima),8,W_t,continuous_causal_within_experiment,False,False,7,180,359,False,False,3.3771872520446777,5,0.9978074376249568,0.9949551222531724,0.9805013927576601,0.9603050272381884,0.9905234726838371,0.9833333333333333,0.952151771962928,0.9943159133795125,0.9819173630454967,0.958656360981119,0.9859943977591037,0.9915492957746479,True,0.9805013927576601,0.016666666666666666,177,3,7,352
transition,ae_denso,Autoencoder Denso,29,False,F5M,5,Circuito aberto em 15% do arranjo PV,M,MPPT (potência máxima),8,W_t,continuous_causal_within_experiment,False,False,7,180,7,False,False,3.3771872520446777,5,0.09484083087107395,0.7452380952380953,0.14285714285714285,0.02567962434474355,0.5131278292743189,0.9833333333333333,0.952151771962928,0.9943159133795125,0.5630952380952381,0.16556034061826588,0.18181818181818182,0.25,True,0.14285714285714285,0.016666666666666666,177,3,6,1
sustained,ae_denso,Autoencoder Denso,29,False,F5M,5,Circuito aberto em 15% do arranjo PV,M,MPPT (potência máxima),8,W_t,continuous_causal_within_experiment,False,False,7,180,352,False,True,3.3771872520446777,5,0.999960155474345,0.9999210858585859,0.9971590909090909,0.9840857635060843,0.9994983336363524,0.9833333333333333,0.952151771962928,0.9943159133795125,0.9902462121212121,0.9831962072770648,0.9943342776203966,0.9915254237288136,True,0.9971590909090909,0.016666666666666666,177,3,1,351
post_fault_reset,ae_denso,Autoencoder Denso,29,False,F5M,5,Circuito aberto em 15% do arranjo PV,M,MPPT (potência máxima),8,W_t,continuous_causal_within_experiment,False,False,7,180,359,True,True,3.3771872520446777,5,0.9978074376249568,0.9949551222531724,0.9805013927576601,0.9603050272381884,0.9905234726838371,0.9833333333333333,0.952151771962928,0.9943159133795125,0.9819173630454967,0.958656360981119,0.9859943977591037,0.9915492957746479,True,0.9805013927576601,0.016666666666666666,177,3,7,352
current_full,ae_denso,Autoencoder Denso,42,True,F5M,5,Circuito aberto em 15% do arranjo PV,M,MPPT (potência máxima),8,W_t,continuous_causal_within_experiment,False,False,7,180,359,False,False,3.461894989013672,5,0.9978276697672654,0.9950324976787372,0.9805013927576601,0.9603050272381884,0.9905234726838371,0.9722222222222222,0.936631929551566,0.9880778779669105,0.9763618074899412,0.950124692354746,0.9832402234636871,0.9859943977591037,True,0.9805013927576601,0.027777777777777776,175,5,7,352
transition,ae_denso,Autoencoder Denso,42,True,F5M,5,Circuito aberto em 15% do arranjo PV,M,MPPT (potência máxima),8,W_t,continuous_causal_within_experiment,False,False,7,180,7,False,False,3.461894989013672,5,0.09463548243679493,0.7492063492063492,0.14285714285714285,0.02567962434474355,0.5131278292743189,0.9722222222222222,0.936631929551566,0.9880778779669105,0.5575396825396826,0.12395607527327086,0.15384615384615385,0.16666666666666666,True,0.14285714285714285,0.027777777777777776,175,5,6,1
sustained,ae_denso,Autoencoder Denso,42,True,F5M,5,Circuito aberto em 15% do arranjo PV,M,MPPT (potência máxima),8,W_t,continuous_causal_within_experiment,False,False,7,180,352,False,True,3.461894989013672,5,0.999960155474345,0.9999210858585859,0.9971590909090909,0.9840857635060843,0.9994983336363524,0.9722222222222222,0.936631929551566,0.9880778779669105,0.9846906565656566,0.9748120632603722,0.9915254237288136,0.9859550561797753,True,0.9971590909090909,0.027777777777777776,175,5,1,351
post_fault_reset,ae_denso,Autoencoder Denso,42,True,F5M,5,Circuito aberto em 15% do arranjo PV,M,MPPT (potência máxima),8,W_t,continuous_causal_within_experiment,False,False,7,180,359,True,True,3.461894989013672,5,0.9978276697672654,0.9950324976787372,0.9805013927576601,0.9603050272381884,0.9905234726838371,0.9722222222222222,0.936631929551566,0.9880778779669105,0.9763618074899412,0.950124692354746,0.9832402234636871,0.9859943977591037,True,0.9805013927576601,0.027777777777777776,175,5,7,352
current_full,ae_denso,Autoencoder Denso,71,False,F5M,5,Circuito aberto em 15% do arranjo PV,M,MPPT (potência máxima),8,W_t,continuous_causal_within_experiment,False,False,7,180,359,False,False,3.792628526687622,5,0.9977436805945693,0.9947848963169298,0.9805013927576601,0.9603050272381884,0.9905234726838371,0.9777777777777777,0.944263669857449,0.9913250765730094,0.9791395852677189,0.9543880245720281,0.9846153846153847,0.9887640449438202,True,0.9805013927576601,0.022222222222222223,176,4,7,352
transition,ae_denso,Autoencoder Denso,71,False,F5M,5,Circuito aberto em 15% do arranjo PV,M,MPPT (potência máxima),8,W_t,continuous_causal_within_experiment,False,False,7,180,7,False,False,3.792628526687622,5,0.09202024717148749,0.7357142857142858,0.14285714285714285,0.02567962434474355,0.5131278292743189,0.9777777777777777,0.944263669857449,0.9913250765730094,0.5603174603174603,0.1419507263857332,0.16666666666666666,0.2,True,0.14285714285714285,0.022222222222222223,176,4,6,1
sustained,ae_denso,Autoencoder Denso,71,False,F5M,5,Circuito aberto em 15% do arranjo PV,M,MPPT (potência máxima),8,W_t,continuous_causal_within_experiment,False,False,7,180,352,False,True,3.792628526687622,5,0.999968034714929,0.9999368686868687,0.9971590909090909,0.9840857635060843,0.9994983336363524,0.9777777777777777,0.944263669857449,0.9913250765730094,0.9874684343434343,0.9790013006275655,0.9929278642149929,0.9887323943661972,True,0.9971590909090909,0.022222222222222223,176,4,1,351
post_fault_reset,ae_denso,Autoencoder Denso,71,False,F5M,5,Circuito aberto em 15% do arranjo PV,M,MPPT (potência máxima),8,W_t,continuous_causal_within_experiment,False,False,7,180,359,True,True,3.792628526687622,5,0.9977436805945693,0.9947848963169298,0.9805013927576601,0.9603050272381884,0.9905234726838371,0.9777777777777777,0.944263669857449,0.9913250765730094,0.9791395852677189,0.9543880245720281,0.9846153846153847,0.9887640449438202,True,0.9805013927576601,0.022222222222222223,176,4,7,352
current_full,ae_denso,Autoencoder Denso,101,False,F5M,5,Circuito aberto em 15% do arranjo PV,M,MPPT (potência máxima),8,W_t,continuous_causal_within_experiment,False,False,7,180,359,False,False,3.144629955291748,5,0.9979346195157737,0.9952955741256577,0.9832869080779945,0.9640222446127882,0.9923183045841477,0.9833333333333333,0.952151771962928,0.9943159133795125,0.9833101207056638,0.9626952260648955,0.9874125874125874,0.9915730337078652,True,0.9832869080779945,0.016666666666666666,177,3,6,353
transition,ae_denso,Autoencoder Denso,101,False,F5M,5,Circuito aberto em 15% do arranjo PV,M,MPPT (potência máxima),8,W_t,continuous_causal_within_experiment,False,False,7,180,7,False,False,3.144629955291748,5,0.09764717923604135,0.7611111111111111,0.14285714285714285,0.02567962434474355,0.5131278292743189,0.9833333333333333,0.952151771962928,0.9943159133795125,0.5630952380952381,0.16556034061826588,0.18181818181818182,0.25,True,0.14285714285714285,0.016666666666666666,177,3,6,1
sustained,ae_denso,Autoencoder Denso,101,False,F5M,5,Circuito aberto em 15% do arranjo PV,M,MPPT (potência máxima),8,W_t,continuous_causal_within_experiment,False,False,7,180,352,False,True,3.144629955291748,5,0.9999759584083856,0.9999526515151514,1.0,0.9892045776975366,1.0,0.9833333333333333,0.952151771962928,0.9943159133795125,0.9916666666666667,0.9874327694473198,0.9957567185289957,0.9915492957746479,True,1.0,0.016666666666666666,177,3,0,352
post_fault_reset,ae_denso,Autoencoder Denso,101,False,F5M,5,Circuito aberto em 15% do arranjo PV,M,MPPT (potência máxima),8,W_t,continuous_causal_within_experiment,False,False,7,180,359,True,True,3.144629955291748,5,0.9979346195157737,0.9952955741256577,0.9832869080779945,0.9640222446127882,0.9923183045841477,0.9833333333333333,0.952151771962928,0.9943159133795125,0.9833101207056638,0.9626952260648955,0.9874125874125874,0.9915730337078652,True,0.9832869080779945,0.016666666666666666,177,3,6,353
current_full,ae_lstm,AE-LSTM,13,False,F5M,5,Circuito aberto em 15% do arranjo PV,M,MPPT (potência máxima),8,W_t,continuous_causal_within_experiment,False,False,7,180,359,False,False,23.392887115478516,5,0.9965910706626316,0.9915815536985454,0.9777158774373259,0.9566504798232399,0.9886659708238755,1.0,0.9791045020783868,1.0,0.9888579387186629,0.9675282665031271,0.9887323943661972,1.0,True,0.9777158774373259,0.0,180,0,8,351
transition,ae_lstm,AE-LSTM,13,False,F5M,5,Circuito aberto em 15% do arranjo PV,M,MPPT (potência máxima),8,W_t,continuous_causal_within_experiment,False,False,7,180,7,False,False,23.392887115478516,5,0.0517416453077382,0.5928571428571429,0.0,5.551115123125783e-17,0.35433043506668743,1.0,0.9791045020783868,1.0,0.5,0.0,0.0,,False,0.0,0.0,180,0,7,0
sustained,ae_lstm,AE-LSTM,13,False,F5M,5,Circuito aberto em 15% do arranjo PV,M,MPPT (potência máxima),8,W_t,continuous_causal_within_experiment,False,False,7,180,352,False,True,23.392887115478516,5,0.9997697559939753,0.9995107323232323,0.9971590909090909,0.9840857635060843,0.9994983336363524,1.0,0.9791045020783868,1.0,0.9985795454545454,0.9958162102822862,0.9985775248933144,1.0,True,0.9971590909090909,0.0,180,0,1,351
post_fault_reset,ae_lstm,AE-LSTM,13,False,F5M,5,Circuito aberto em 15% do arranjo PV,M,MPPT (potência máxima),8,W_t,continuous_causal_within_experiment,False,False,7,180,359,True,True,23.392887115478516,5,0.9971857505995669,0.9933611884865367,0.9777158774373259,0.9566504798232399,0.9886659708238755,1.0,0.9791045020783868,1.0,0.9888579387186629,0.9675282665031271,0.9887323943661972,1.0,True,0.9777158774373259,0.0,180,0,8,351
current_full,ae_lstm,AE-LSTM,29,False,F5M,5,Circuito aberto em 15% do arranjo PV,M,MPPT (potência máxima),8,W_t,continuous_causal_within_experiment,False,False,7,180,359,False,False,16.942502975463867,5,0.99707395790645,0.9930052615289384,0.9777158774373259,0.9566504798232399,0.9886659708238755,0.9944444444444445,0.9692069292336208,0.9990186339327839,0.9860801609408851,0.963228299207852,0.9873417721518988,0.9971590909090909,True,0.9777158774373259,0.005555555555555556,179,1,8,351
transition,ae_lstm,AE-LSTM,29,False,F5M,5,Circuito aberto em 15% do arranjo PV,M,MPPT (potência máxima),8,W_t,continuous_causal_within_experiment,False,False,7,180,7,False,False,16.942502975463867,5,0.06578551223918691,0.6476190476190476,0.0,5.551115123125783e-17,0.35433043506668743,0.9944444444444445,0.9692069292336208,0.9990186339327839,0.49722222222222223,-0.01445960054046187,0.0,0.0,True,0.0,0.005555555555555556,179,1,7,0
sustained,ae_lstm,AE-LSTM,29,False,F5M,5,Circuito aberto em 15% do arranjo PV,M,MPPT (potência máxima),8,W_t,continuous_causal_within_experiment,False,False,7,180,352,False,True,16.942502975463867,5,0.9999367807602487,0.9998737373737374,0.9971590909090909,0.9840857635060843,0.9994983336363524,0.9944444444444445,0.9692069292336208,0.9990186339327839,0.9958017676767676,0.9916035353535354,0.9971590909090909,0.9971590909090909,True,0.9971590909090909,0.005555555555555556,179,1,1,351
post_fault_reset,ae_lstm,AE-LSTM,29,False,F5M,5,Circuito aberto em 15% do arranjo PV,M,MPPT (potência máxima),8,W_t,continuous_causal_within_experiment,False,False,7,180,359,True,True,16.942502975463867,5,0.9967124359634913,0.9919529557412566,0.9777158774373259,0.9566504798232399,0.9886659708238755,0.9944444444444445,0.9692069292336208,0.9990186339327839,0.9860801609408851,0.963228299207852,0.9873417721518988,0.9971590909090909,True,0.9777158774373259,0.005555555555555556,179,1,8,351
current_full,ae_lstm,AE-LSTM,42,True,F5M,5,Circuito aberto em 15% do arranjo PV,M,MPPT (potência máxima),8,W_t,continuous_causal_within_experiment,False,False,7,180,359,False,False,17.381608963012695,5,0.9977593387392444,0.9948777468276075,0.9777158774373259,0.9566504798232399,0.9886659708238755,0.9944444444444445,0.9692069292336208,0.9990186339327839,0.9860801609408851,0.963228299207852,0.9873417721518988,0.9971590909090909,True,0.9777158774373259,0.005555555555555556,179,1,8,351
transition,ae_lstm,AE-LSTM,42,True,F5M,5,Circuito aberto em 15% do arranjo PV,M,MPPT (potência máxima),8,W_t,continuous_causal_within_experiment,False,False,7,180,7,False,False,17.381608963012695,5,0.08394714462684143,0.7507936507936507,0.0,5.551115123125783e-17,0.35433043506668743,0.9944444444444445,0.9692069292336208,0.9990186339327839,0.49722222222222223,-0.01445960054046187,0.0,0.0,True,0.0,0.005555555555555556,179,1,7,0
sustained,ae_lstm,AE-LSTM,42,True,F5M,5,Circuito aberto em 15% do arranjo PV,M,MPPT (potência máxima),8,W_t,continuous_causal_within_experiment,False,False,7,180,352,False,True,17.381608963012695,5,0.9998689401805703,0.9997316919191919,0.9971590909090909,0.9840857635060843,0.9994983336363524,0.9944444444444445,0.9692069292336208,0.9990186339327839,0.9958017676767676,0.9916035353535354,0.9971590909090909,0.9971590909090909,True,0.9971590909090909,0.005555555555555556,179,1,1,351
post_fault_reset,ae_lstm,AE-LSTM,42,True,F5M,5,Circuito aberto em 15% do arranjo PV,M,MPPT (potência máxima),8,W_t,continuous_causal_within_experiment,False,False,7,180,359,True,True,17.381608963012695,5,0.9983918219108188,0.9964871556793562,0.9777158774373259,0.9566504798232399,0.9886659708238755,0.9944444444444445,0.9692069292336208,0.9990186339327839,0.9860801609408851,0.963228299207852,0.9873417721518988,0.9971590909090909,True,0.9777158774373259,0.005555555555555556,179,1,8,351
current_full,ae_lstm,AE-LSTM,71,False,F5M,5,Circuito aberto em 15% do arranjo PV,M,MPPT (potência máxima),8,W_t,continuous_causal_within_experiment,False,False,7,180,359,False,False,20.02474594116211,5,0.9971571589636403,0.9932373878056329,0.9777158774373259,0.9566504798232399,0.9886659708238755,1.0,0.9791045020783868,1.0,0.9888579387186629,0.9675282665031271,0.9887323943661972,1.0,True,0.9777158774373259,0.0,180,0,8,351
transition,ae_lstm,AE-LSTM,71,False,F5M,5,Circuito aberto em 15% do arranjo PV,M,MPPT (potência máxima),8,W_t,continuous_causal_within_experiment,False,False,7,180,7,False,False,20.02474594116211,5,0.06896782284261577,0.6674603174603174,0.0,5.551115123125783e-17,0.35433043506668743,1.0,0.9791045020783868,1.0,0.5,0.0,0.0,,False,0.0,0.0,180,0,7,0
sustained,ae_lstm,AE-LSTM,71,False,F5M,5,Circuito aberto em 15% do arranjo PV,M,MPPT (potência máxima),8,W_t,continuous_causal_within_experiment,False,False,7,180,352,False,True,20.02474594116211,5,0.9998616063402649,0.9997159090909091,0.9971590909090909,0.9840857635060843,0.9994983336363524,1.0,0.9791045020783868,1.0,0.9985795454545454,0.9958162102822862,0.9985775248933144,1.0,True,0.9971590909090909,0.0,180,0,1,351
post_fault_reset,ae_lstm,AE-LSTM,71,False,F5M,5,Circuito aberto em 15% do arranjo PV,M,MPPT (potência máxima),8,W_t,continuous_causal_within_experiment,False,False,7,180,359,True,True,20.02474594116211,5,0.9980694954883879,0.9957288765088208,0.9777158774373259,0.9566504798232399,0.9886659708238755,1.0,0.9791045020783868,1.0,0.9888579387186629,0.9675282665031271,0.9887323943661972,1.0,True,0.9777158774373259,0.0,180,0,8,351
current_full,ae_lstm,AE-LSTM,101,False,F5M,5,Circuito aberto em 15% do arranjo PV,M,MPPT (potência máxima),8,W_t,continuous_causal_within_experiment,False,False,7,180,359,False,False,20.34963035583496,5,0.997916537184068,0.9950943980191891,0.9777158774373259,0.9566504798232399,0.9886659708238755,1.0,0.9791045020783868,1.0,0.9888579387186629,0.9675282665031271,0.9887323943661972,1.0,True,0.9777158774373259,0.0,180,0,8,351
transition,ae_lstm,AE-LSTM,101,False,F5M,5,Circuito aberto em 15% do arranjo PV,M,MPPT (potência máxima),8,W_t,continuous_causal_within_experiment,False,False,7,180,7,False,False,20.34963035583496,5,0.09397446072104904,0.7603174603174603,0.0,5.551115123125783e-17,0.35433043506668743,1.0,0.9791045020783868,1.0,0.5,0.0,0.0,,False,0.0,0.0,180,0,7,0
sustained,ae_lstm,AE-LSTM,101,False,F5M,5,Circuito aberto em 15% do arranjo PV,M,MPPT (potência máxima),8,W_t,continuous_causal_within_experiment,False,False,7,180,352,False,True,20.34963035583496,5,0.9998837279244854,0.9997632575757576,0.9971590909090909,0.9840857635060843,0.9994983336363524,1.0,0.9791045020783868,1.0,0.9985795454545454,0.9958162102822862,0.9985775248933144,1.0,True,0.9971590909090909,0.0,180,0,1,351
post_fault_reset,ae_lstm,AE-LSTM,101,False,F5M,5,Circuito aberto em 15% do arranjo PV,M,MPPT (potência máxima),8,W_t,continuous_causal_within_experiment,False,False,7,180,359,True,True,20.34963035583496,5,0.9982518145837594,0.996131228721758,0.9777158774373259,0.9566504798232399,0.9886659708238755,1.0,0.9791045020783868,1.0,0.9888579387186629,0.9675282665031271,0.9887323943661972,1.0,True,0.9777158774373259,0.0,180,0,8,351
current_full,ae_denso,Autoencoder Denso,13,False,F6L,6,Ganho do controlador PI reduzido em 20%,L,IPPT (potência limitada),8,W_t,continuous_causal_within_experiment,False,False,7,180,359,False,False,3.5103249549865723,5,0.7472304432120692,0.664577530176416,0.036211699164345405,0.021282388592558817,0.060961407134877396,0.9777777777777777,0.944263669857449,0.9913250765730094,0.5069947384710616,0.03775072020214794,0.06914893617021277,0.7647058823529411,True,0.036211699164345405,0.022222222222222223,176,4,346,13
transition,ae_denso,Autoencoder Denso,13,False,F6L,6,Ganho do controlador PI reduzido em 20%,L,IPPT (potência limitada),8,W_t,continuous_causal_within_experiment,False,False,7,180,7,False,False,3.5103249549865723,5,0.04209165609370129,0.6047619047619047,0.0,5.551115123125783e-17,0.35433043506668743,0.9777777777777777,0.944263669857449,0.9913250765730094,0.4888888888888889,-0.02915528010887701,0.0,0.0,True,0.0,0.022222222222222223,176,4,7,0
sustained,ae_denso,Autoencoder Denso,13,False,F6L,6,Ganho do controlador PI reduzido em 20%,L,IPPT (potência limitada),8,W_t,continuous_causal_within_experiment,False,False,7,180,352,False,True,3.5103249549865723,5,0.7450188923350286,0.6657670454545455,0.036931818181818184,0.02170806974298304,0.062153599775775926,0.9777777777777777,0.944263669857449,0.9913250765730094,0.507354797979798,0.03957129406566371,0.07046070460704607,0.7647058823529411,True,0.036931818181818184,0.022222222222222223,176,4,339,13
post_fault_reset,ae_denso,Autoencoder Denso,13,False,F6L,6,Ganho do controlador PI reduzido em 20%,L,IPPT (potência limitada),8,W_t,continuous_causal_within_experiment,False,False,7,180,359,True,True,3.5103249549865723,5,0.7472304432120692,0.664577530176416,0.036211699164345405,0.021282388592558817,0.060961407134877396,0.9777777777777777,0.944263669857449,0.9913250765730094,0.5069947384710616,0.03775072020214794,0.06914893617021277,0.7647058823529411,True,0.036211699164345405,0.022222222222222223,176,4,346,13
current_full,ae_denso,Autoencoder Denso,29,False,F6L,6,Ganho do controlador PI reduzido em 20%,L,IPPT (potência limitada),8,W_t,continuous_causal_within_experiment,False,False,7,180,359,False,False,3.3771872520446777,5,0.7495040649566849,0.6603837821108016,0.022284122562674095,0.011334029176124538,0.04334952017676022,0.9722222222222222,0.936631929551566,0.9880778779669105,0.49725317239244815,-0.016888081959734454,0.043010752688172046,0.6153846153846154,True,0.022284122562674095,0.027777777777777776,175,5,351,8
transition,ae_denso,Autoencoder Denso,29,False,F6L,6,Ganho do controlador PI reduzido em 20%,L,IPPT (potência limitada),8,W_t,continuous_causal_within_experiment,False,False,7,180,7,False,False,3.3771872520446777,5,0.04845838158953297,0.65,0.0,5.551115123125783e-17,0.35433043506668743,0.9722222222222222,0.936631929551566,0.9880778779669105,0.4861111111111111,-0.03268602252303067,0.0,0.0,True,0.0,0.027777777777777776,175,5,7,0
sustained,ae_denso,Autoencoder Denso,29,False,F6L,6,Ganho do controlador PI reduzido em 20%,L,IPPT (potência limitada),8,W_t,continuous_causal_within_experiment,False,False,7,180,352,False,True,3.3771872520446777,5,0.7465746578254481,0.6605902777777777,0.022727272727272728,0.011560283531633821,0.04419898321162695,0.9722222222222222,0.936631929551566,0.9880778779669105,0.49747474747474746,-0.0154770091358811,0.043835616438356165,0.6153846153846154,True,0.022727272727272728,0.027777777777777776,175,5,344,8
post_fault_reset,ae_denso,Autoencoder Denso,29,False,F6L,6,Ganho do controlador PI reduzido em 20%,L,IPPT (potência limitada),8,W_t,continuous_causal_within_experiment,False,False,7,180,359,True,True,3.3771872520446777,5,0.7495040649566849,0.6603837821108016,0.022284122562674095,0.011334029176124538,0.04334952017676022,0.9722222222222222,0.936631929551566,0.9880778779669105,0.49725317239244815,-0.016888081959734454,0.043010752688172046,0.6153846153846154,True,0.022284122562674095,0.027777777777777776,175,5,351,8
current_full,ae_denso,Autoencoder Denso,42,True,F6L,6,Ganho do controlador PI reduzido em 20%,L,IPPT (potência limitada),8,W_t,continuous_causal_within_experiment,False,False,7,180,359,False,False,3.461894989013672,5,0.7521760371748502,0.6584648715567935,0.04178272980501393,0.025481842413870158,0.06778605186338665,0.9833333333333333,0.952151771962928,0.9943159133795125,0.5125580315691736,0.06592952226355647,0.07957559681697612,0.8333333333333334,True,0.04178272980501393,0.016666666666666666,177,3,344,15
transition,ae_denso,Autoencoder Denso,42,True,F6L,6,Ganho do controlador PI reduzido em 20%,L,IPPT (potência limitada),8,W_t,continuous_causal_within_experiment,False,False,7,180,7,False,False,3.461894989013672,5,0.04183378839335691,0.5952380952380952,0.0,5.551115123125783e-17,0.35433043506668743,0.9833333333333333,0.952151771962928,0.9943159133795125,0.49166666666666664,-0.025180507759266745,0.0,0.0,True,0.0,0.016666666666666666,177,3,7,0
sustained,ae_denso,Autoencoder Denso,42,True,F6L,6,Ganho do controlador PI reduzido em 20%,L,IPPT (potência limitada),8,W_t,continuous_causal_within_experiment,False,False,7,180,352,False,True,3.461894989013672,5,0.7500205815405634,0.6597222222222223,0.04261363636363636,0.02599188051419439,0.06911075011476385,0.9833333333333333,0.952151771962928,0.9943159133795125,0.5129734848484848,0.06790103854616888,0.08108108108108109,0.8333333333333334,True,0.04261363636363636,0.016666666666666666,177,3,337,15
post_fault_reset,ae_denso,Autoencoder Denso,42,True,F6L,6,Ganho do controlador PI reduzido em 20%,L,IPPT (potência limitada),8,W_t,continuous_causal_within_experiment,False,False,7,180,359,True,True,3.461894989013672,5,0.7521760371748502,0.6584648715567935,0.04178272980501393,0.025481842413870158,0.06778605186338665,0.9833333333333333,0.952151771962928,0.9943159133795125,0.5125580315691736,0.06592952226355647,0.07957559681697612,0.8333333333333334,True,0.04178272980501393,0.016666666666666666,177,3,344,15
current_full,ae_denso,Autoencoder Denso,71,False,F6L,6,Ganho do controlador PI reduzido em 20%,L,IPPT (potência limitada),8,W_t,continuous_causal_within_experiment,False,False,7,180,359,False,False,3.792628526687622,5,0.74202214027553,0.6532807180439493,0.013927576601671309,0.0059633102448628204,0.03218409128329104,0.9777777777777777,0.944263669857449,0.9913250765730094,0.49585267718972453,-0.03052967093953293,0.02717391304347826,0.5555555555555556,True,0.013927576601671309,0.022222222222222223,176,4,354,5
transition,ae_denso,Autoencoder Denso,71,False,F6L,6,Ganho do controlador PI reduzido em 20%,L,IPPT (potência limitada),8,W_t,continuous_causal_within_experiment,False,False,7,180,7,False,False,3.792628526687622,5,0.0586375901551486,0.7134920634920634,0.0,5.551115123125783e-17,0.35433043506668743,0.9777777777777777,0.944263669857449,0.9913250765730094,0.4888888888888889,-0.02915528010887701,0.0,0.0,True,0.0,0.022222222222222223,176,4,7,0
sustained,ae_denso,Autoencoder Denso,71,False,F6L,6,Ganho do controlador PI reduzido em 20%,L,IPPT (potência limitada),8,W_t,continuous_causal_within_experiment,False,False,7,180,352,False,True,3.792628526687622,5,0.7381506747981422,0.6520833333333333,0.014204545454545454,0.006082190048195265,0.03281563502976659,0.9777777777777777,0.944263669857449,0.9913250765730094,0.4959911616161616,-0.029416027904528647,0.027700831024930747,0.5555555555555556,True,0.014204545454545454,0.022222222222222223,176,4,347,5
post_fault_reset,ae_denso,Autoencoder Denso,71,False,F6L,6,Ganho do controlador PI reduzido em 20%,L,IPPT (potência limitada),8,W_t,continuous_causal_within_experiment,False,False,7,180,359,True,True,3.792628526687622,5,0.74202214027553,0.6532807180439493,0.013927576601671309,0.0059633102448628204,0.03218409128329104,0.9777777777777777,0.944263669857449,0.9913250765730094,0.49585267718972453,-0.03052967093953293,0.02717391304347826,0.5555555555555556,True,0.013927576601671309,0.022222222222222223,176,4,354,5
current_full,ae_denso,Autoencoder Denso,101,False,F6L,6,Ganho do controlador PI reduzido em 20%,L,IPPT (potência limitada),8,W_t,continuous_causal_within_experiment,False,False,7,180,359,False,False,3.144629955291748,5,0.7486512192014017,0.6623491179201486,0.036211699164345405,0.021282388592558817,0.060961407134877396,0.9777777777777777,0.944263669857449,0.9913250765730094,0.5069947384710616,0.03775072020214794,0.06914893617021277,0.7647058823529411,True,0.036211699164345405,0.022222222222222223,176,4,346,13
transition,ae_denso,Autoencoder Denso,101,False,F6L,6,Ganho do controlador PI reduzido em 20%,L,IPPT (potência limitada),8,W_t,continuous_causal_within_experiment,False,False,7,180,7,False,False,3.144629955291748,5,0.04533044157342963,0.6095238095238096,0.0,5.551115123125783e-17,0.35433043506668743,0.9777777777777777,0.944263669857449,0.9913250765730094,0.4888888888888889,-0.02915528010887701,0.0,0.0,True,0.0,0.022222222222222223,176,4,7,0
sustained,ae_denso,Autoencoder Denso,101,False,F6L,6,Ganho do controlador PI reduzido em 20%,L,IPPT (potência limitada),8,W_t,continuous_causal_within_experiment,False,False,7,180,352,False,True,3.144629955291748,5,0.7459988212900304,0.6633996212121211,0.036931818181818184,0.02170806974298304,0.062153599775775926,0.9777777777777777,0.944263669857449,0.9913250765730094,0.507354797979798,0.03957129406566371,0.07046070460704607,0.7647058823529411,True,0.036931818181818184,0.022222222222222223,176,4,339,13
post_fault_reset,ae_denso,Autoencoder Denso,101,False,F6L,6,Ganho do controlador PI reduzido em 20%,L,IPPT (potência limitada),8,W_t,continuous_causal_within_experiment,False,False,7,180,359,True,True,3.144629955291748,5,0.7486512192014017,0.6623491179201486,0.036211699164345405,0.021282388592558817,0.060961407134877396,0.9777777777777777,0.944263669857449,0.9913250765730094,0.5069947384710616,0.03775072020214794,0.06914893617021277,0.7647058823529411,True,0.036211699164345405,0.022222222222222223,176,4,346,13
current_full,ae_lstm,AE-LSTM,13,False,F6L,6,Ganho do controlador PI reduzido em 20%,L,IPPT (potência limitada),8,W_t,continuous_causal_within_experiment,False,False,7,180,359,False,False,23.392887115478516,5,0.6665230135437514,0.5641906530485917,0.013927576601671309,0.0059633102448628204,0.03218409128329104,0.9722222222222222,0.936631929551566,0.9880778779669105,0.49307489941194677,-0.04840739615373608,0.02710027100271003,0.5,True,0.013927576601671309,0.027777777777777776,175,5,354,5
transition,ae_lstm,AE-LSTM,13,False,F6L,6,Ganho do controlador PI reduzido em 20%,L,IPPT (potência limitada),8,W_t,continuous_causal_within_experiment,False,False,7,180,7,False,False,23.392887115478516,5,0.046573750789580835,0.6301587301587301,0.0,5.551115123125783e-17,0.35433043506668743,0.9722222222222222,0.936631929551566,0.9880778779669105,0.4861111111111111,-0.03268602252303067,0.0,0.0,True,0.0,0.027777777777777776,175,5,7,0
sustained,ae_lstm,AE-LSTM,13,False,F6L,6,Ganho do controlador PI reduzido em 20%,L,IPPT (potência limitada),8,W_t,continuous_causal_within_experiment,False,False,7,180,352,False,True,23.392887115478516,5,0.6616966009383488,0.5628787878787879,0.014204545454545454,0.006082190048195265,0.03281563502976659,0.9722222222222222,0.936631929551566,0.9880778779669105,0.4932133838383838,-0.04728850839720906,0.027624309392265192,0.5,True,0.014204545454545454,0.027777777777777776,175,5,347,5
post_fault_reset,ae_lstm,AE-LSTM,13,False,F6L,6,Ganho do controlador PI reduzido em 20%,L,IPPT (potência limitada),8,W_t,continuous_causal_within_experiment,False,False,7,180,359,True,True,23.392887115478516,5,0.6658211972101449,0.564051377282575,0.013927576601671309,0.0059633102448628204,0.03218409128329104,0.9722222222222222,0.936631929551566,0.9880778779669105,0.49307489941194677,-0.04840739615373608,0.02710027100271003,0.5,True,0.013927576601671309,0.027777777777777776,175,5,354,5
current_full,ae_lstm,AE-LSTM,29,False,F6L,6,Ganho do controlador PI reduzido em 20%,L,IPPT (potência limitada),8,W_t,continuous_causal_within_experiment,False,False,7,180,359,False,False,16.942502975463867,5,0.6762403522435663,0.5674094707520891,0.15877437325905291,0.12460967287584797,0.20016429094764115,0.8,0.735571436314231,0.8518912649328011,0.4793871866295265,-0.05145668924796009,0.252212389380531,0.6129032258064516,True,0.15877437325905291,0.2,144,36,302,57
transition,ae_lstm,AE-LSTM,29,False,F6L,6,Ganho do controlador PI reduzido em 20%,L,IPPT (potência limitada),8,W_t,continuous_causal_within_experiment,False,False,7,180,7,False,False,16.942502975463867,5,0.0917926023760238,0.7753968253968253,0.42857142857142855,0.15821985525146975,0.7495416354723428,0.8,0.735571436314231,0.8518912649328011,0.6142857142857143,0.1067933116108467,0.13043478260869565,0.07692307692307693,True,0.42857142857142855,0.2,144,36,4,3
sustained,ae_lstm,AE-LSTM,29,False,F6L,6,Ganho do controlador PI reduzido em 20%,L,IPPT (potência limitada),8,W_t,continuous_causal_within_experiment,False,False,7,180,352,False,True,16.942502975463867,5,0.6682747102768269,0.5632733585858587,0.1534090909090909,0.11952021685773426,0.1947811554201099,0.8,0.735571436314231,0.8518912649328011,0.4767045454545455,-0.05879987183670695,0.24434389140271492,0.6,True,0.1534090909090909,0.2,144,36,298,54
post_fault_reset,ae_lstm,AE-LSTM,29,False,F6L,6,Ganho do controlador PI reduzido em 20%,L,IPPT (potência limitada),8,W_t,continuous_causal_within_experiment,False,False,7,180,359,True,True,16.942502975463867,5,0.6736442706465673,0.5663262147941813,0.1532033426183844,0.11963282990363638,0.19411703537003216,0.8,0.735571436314231,0.8518912649328011,0.47660167130919223,-0.05891672623249703,0.24444444444444444,0.6043956043956044,True,0.1532033426183844,0.2,144,36,304,55
current_full,ae_lstm,AE-LSTM,42,True,F6L,6,Ganho do controlador PI reduzido em 20%,L,IPPT (potência limitada),8,W_t,continuous_causal_within_experiment,False,False,7,180,359,False,False,17.381608963012695,5,0.6907284074579989,0.5866604766326216,0.07242339832869081,0.049899919626298465,0.10400051667497157,0.8888888888888888,0.83461326608738,0.9269124577513652,0.48065614360878983,-0.0653061612542875,0.12839506172839507,0.5652173913043478,True,0.07242339832869081,0.1111111111111111,160,20,333,26
transition,ae_lstm,AE-LSTM,42,True,F6L,6,Ganho do controlador PI reduzido em 20%,L,IPPT (potência limitada),8,W_t,continuous_causal_within_experiment,False,False,7,180,7,False,False,17.381608963012695,5,0.05673220330152513,0.6912698412698413,0.14285714285714285,0.02567962434474355,0.5131278292743189,0.8888888888888888,0.83461326608738,0.9269124577513652,0.5158730158730158,0.019085828953719103,0.07142857142857142,0.047619047619047616,True,0.14285714285714285,0.1111111111111111,160,20,6,1
sustained,ae_lstm,AE-LSTM,42,True,F6L,6,Ganho do controlador PI reduzido em 20%,L,IPPT (potência limitada),8,W_t,continuous_causal_within_experiment,False,False,7,180,352,False,True,17.381608963012695,5,0.6854120157166301,0.5845801767676768,0.07102272727272728,0.048566602319626194,0.10274083386032845,0.8888888888888888,0.83461326608738,0.9269124577513652,0.47995580808080807,-0.06816405133289387,0.12594458438287154,0.5555555555555556,True,0.07102272727272728,0.1111111111111111,160,20,327,25
post_fault_reset,ae_lstm,AE-LSTM,42,True,F6L,6,Ganho do controlador PI reduzido em 20%,L,IPPT (potência limitada),8,W_t,continuous_causal_within_experiment,False,False,7,180,359,True,True,17.381608963012695,5,0.6889372792051424,0.5852212937171155,0.06963788300835655,0.047610639964229026,0.1007777470621307,0.8888888888888888,0.83461326608738,0.9269124577513652,0.4792633859486227,-0.07071012188311054,0.12376237623762376,0.5555555555555556,True,0.06963788300835655,0.1111111111111111,160,20,334,25
current_full,ae_lstm,AE-LSTM,71,False,F6L,6,Ganho do controlador PI reduzido em 20%,L,IPPT (potência limitada),8,W_t,continuous_causal_within_experiment,False,False,7,180,359,False,False,20.02474594116211,5,0.6740106990940965,0.5627669452181987,0.09192200557103064,0.06620240971577014,0.12628237150987195,0.8611111111111112,0.8030084994918879,0.9041225297869472,0.4765165583410709,-0.07148068136269994,0.15827338129496402,0.5689655172413793,True,0.09192200557103064,0.1388888888888889,155,25,326,33
transition,ae_lstm,AE-LSTM,71,False,F6L,6,Ganho do controlador PI reduzido em 20%,L,IPPT (potência limitada),8,W_t,continuous_causal_within_experiment,False,False,7,180,7,False,False,20.02474594116211,5,0.10395550827933334,0.7492063492063492,0.42857142857142855,0.15821985525146975,0.7495416354723428,0.8611111111111112,0.8030084994918879,0.9041225297869472,0.6448412698412699,0.15410971385603967,0.17142857142857143,0.10714285714285714,True,0.42857142857142855,0.1388888888888889,155,25,4,3
sustained,ae_lstm,AE-LSTM,71,False,F6L,6,Ganho do controlador PI reduzido em 20%,L,IPPT (potência limitada),8,W_t,continuous_causal_within_experiment,False,False,7,180,352,False,True,20.02474594116211,5,0.6655073489476899,0.5590593434343434,0.08522727272727272,0.06035020705215108,0.11905963190330174,0.8611111111111112,0.8030084994918879,0.9041225297869472,0.47316919191919193,-0.08339323060643178,0.14742014742014742,0.5454545454545454,True,0.08522727272727272,0.1388888888888889,155,25,322,30
post_fault_reset,ae_lstm,AE-LSTM,71,False,F6L,6,Ganho do controlador PI reduzido em 20%,L,IPPT (potência limitada),8,W_t,continuous_causal_within_experiment,False,False,7,180,359,True,True,20.02474594116211,5,0.6697529896390728,0.5608016094088517,0.08356545961002786,0.05916066658202963,0.11678796681888158,0.8611111111111112,0.8030084994918879,0.9041225297869472,0.4723382853605695,-0.08619628406505642,0.14492753623188406,0.5454545454545454,True,0.08356545961002786,0.1388888888888889,155,25,329,30
current_full,ae_lstm,AE-LSTM,101,False,F6L,6,Ganho do controlador PI reduzido em 20%,L,IPPT (potência limitada),8,W_t,continuous_causal_within_experiment,False,False,7,180,359,False,False,20.34963035583496,5,0.6816915249122606,0.5657381615598885,0.052924791086350974,0.03414056926230104,0.08117552211459693,0.9444444444444444,0.9007683865825439,0.9695467263760221,0.4986846177653977,-0.005498970090828169,0.0979381443298969,0.6551724137931034,True,0.052924791086350974,0.05555555555555555,170,10,340,19
transition,ae_lstm,AE-LSTM,101,False,F6L,6,Ganho do controlador PI reduzido em 20%,L,IPPT (potência limitada),8,W_t,continuous_causal_within_experiment,False,False,7,180,7,False,False,20.34963035583496,5,0.0876370958194112,0.6944444444444444,0.2857142857142857,0.08221892400405678,0.6410655481673808,0.9444444444444444,0.9007683865825439,0.9695467263760221,0.6150793650793651,0.17828018577780172,0.21052631578947367,0.16666666666666666,True,0.2857142857142857,0.05555555555555555,170,10,5,2
sustained,ae_lstm,AE-LSTM,101,False,F6L,6,Ganho do controlador PI reduzido em 20%,L,IPPT (potência limitada),8,W_t,continuous_causal_within_experiment,False,False,7,180,352,False,True,20.34963035583496,5,0.6745178594563124,0.5631786616161616,0.048295454545454544,0.03036897281999707,0.07597461891916044,0.9444444444444444,0.9007683865825439,0.9695467263760221,0.4963699494949495,-0.015650300335695387,0.08970976253298153,0.6296296296296297,True,0.048295454545454544,0.05555555555555555,170,10,335,17
post_fault_reset,ae_lstm,AE-LSTM,101,False,F6L,6,Ganho do controlador PI reduzido em 20%,L,IPPT (potência limitada),8,W_t,continuous_causal_within_experiment,False,False,7,180,359,True,True,20.34963035583496,5,0.679197123704309,0.5654596100278552,0.04735376044568245,0.029772647892024464,0.07451934493505293,0.9444444444444444,0.9007683865825439,0.9695467263760221,0.4958991024450634,-0.017732727087804063,0.08808290155440414,0.6296296296296297,True,0.04735376044568245,0.05555555555555555,170,10,342,17
current_full,ae_denso,Autoencoder Denso,13,False,F6M,6,Ganho do controlador PI reduzido em 20%,M,MPPT (potência máxima),8,W_t,continuous_causal_within_experiment,False,False,7,180,359,False,False,3.5103249549865723,5,0.8218264374237145,0.7142835035592696,0.025069637883008356,0.013244174581490527,0.04695142404630452,0.9888888888888889,0.9603989991004155,0.9969476251540074,0.5069792633859487,0.04655965534925724,0.04864864864864865,0.8181818181818182,True,0.025069637883008356,0.011111111111111112,178,2,350,9
transition,ae_denso,Autoencoder Denso,13,False,F6M,6,Ganho do controlador PI reduzido em 20%,M,MPPT (potência máxima),8,W_t,continuous_causal_within_experiment,False,False,7,180,7,False,False,3.5103249549865723,5,0.03408466050579636,0.5055555555555555,0.0,5.551115123125783e-17,0.35433043506668743,0.9888888888888889,0.9603989991004155,0.9969476251540074,0.49444444444444446,-0.020504156174308185,0.0,0.0,True,0.0,0.011111111111111112,178,2,7,0
sustained,ae_denso,Autoencoder Denso,13,False,F6M,6,Ganho do controlador PI reduzido em 20%,M,MPPT (potência máxima),8,W_t,continuous_causal_within_experiment,False,False,7,180,352,False,True,3.5103249549865723,5,0.8219100713909658,0.7184343434343434,0.02556818181818182,0.013508670685472984,0.04787107661288743,0.9888888888888889,0.9603989991004155,0.9969476251540074,0.5072285353535354,0.04806984094770729,0.049586776859504134,0.8181818181818182,True,0.02556818181818182,0.011111111111111112,178,2,343,9
post_fault_reset,ae_denso,Autoencoder Denso,13,False,F6M,6,Ganho do controlador PI reduzido em 20%,M,MPPT (potência máxima),8,W_t,continuous_causal_within_experiment,False,False,7,180,359,True,True,3.5103249549865723,5,0.8218264374237145,0.7142835035592696,0.025069637883008356,0.013244174581490527,0.04695142404630452,0.9888888888888889,0.9603989991004155,0.9969476251540074,0.5069792633859487,0.04655965534925724,0.04864864864864865,0.8181818181818182,True,0.025069637883008356,0.011111111111111112,178,2,350,9
current_full,ae_denso,Autoencoder Denso,29,False,F6M,6,Ganho do controlador PI reduzido em 20%,M,MPPT (potência máxima),8,W_t,continuous_causal_within_experiment,False,False,7,180,359,False,False,3.3771872520446777,5,0.8215516570976845,0.7128443206437635,0.025069637883008356,0.013244174581490527,0.04695142404630452,0.9888888888888889,0.9603989991004155,0.9969476251540074,0.5069792633859487,0.04655965534925724,0.04864864864864865,0.8181818181818182,True,0.025069637883008356,0.011111111111111112,178,2,350,9
transition,ae_denso,Autoencoder Denso,29,False,F6M,6,Ganho do controlador PI reduzido em 20%,M,MPPT (potência máxima),8,W_t,continuous_causal_within_experiment,False,False,7,180,7,False,False,3.3771872520446777,5,0.03239722474360637,0.4753968253968254,0.0,5.551115123125783e-17,0.35433043506668743,0.9888888888888889,0.9603989991004155,0.9969476251540074,0.49444444444444446,-0.020504156174308185,0.0,0.0,True,0.0,0.011111111111111112,178,2,7,0
sustained,ae_denso,Autoencoder Denso,29,False,F6M,6,Ganho do controlador PI reduzido em 20%,M,MPPT (potência máxima),8,W_t,continuous_causal_within_experiment,False,False,7,180,352,False,True,3.3771872520446777,5,0.8218104886511362,0.7175662878787878,0.02556818181818182,0.013508670685472984,0.04787107661288743,0.9888888888888889,0.9603989991004155,0.9969476251540074,0.5072285353535354,0.04806984094770729,0.049586776859504134,0.8181818181818182,True,0.02556818181818182,0.011111111111111112,178,2,343,9
post_fault_reset,ae_denso,Autoencoder Denso,29,False,F6M,6,Ganho do controlador PI reduzido em 20%,M,MPPT (potência máxima),8,W_t,continuous_causal_within_experiment,False,False,7,180,359,True,True,3.3771872520446777,5,0.8215516570976845,0.7128443206437635,0.025069637883008356,0.013244174581490527,0.04695142404630452,0.9888888888888889,0.9603989991004155,0.9969476251540074,0.5069792633859487,0.04655965534925724,0.04864864864864865,0.8181818181818182,True,0.025069637883008356,0.011111111111111112,178,2,350,9
current_full,ae_denso,Autoencoder Denso,42,True,F6M,6,Ganho do controlador PI reduzido em 20%,M,MPPT (potência máxima),8,W_t,continuous_causal_within_experiment,False,False,7,180,359,False,False,3.461894989013672,5,0.8118632547741833,0.7062674094707522,0.027855153203342618,0.015199394956296637,0.0505082529464087,0.9888888888888889,0.9603989991004155,0.9969476251540074,0.5083720210461158,0.05352391265382189,0.05390835579514825,0.8333333333333334,True,0.027855153203342618,0.011111111111111112,178,2,349,10
transition,ae_denso,Autoencoder Denso,42,True,F6M,6,Ganho do controlador PI reduzido em 20%,M,MPPT (potência máxima),8,W_t,continuous_causal_within_experiment,False,False,7,180,7,False,False,3.461894989013672,5,0.03246644718283032,0.47777777777777775,0.0,5.551115123125783e-17,0.35433043506668743,0.9888888888888889,0.9603989991004155,0.9969476251540074,0.49444444444444446,-0.020504156174308185,0.0,0.0,True,0.0,0.011111111111111112,178,2,7,0
sustained,ae_denso,Autoencoder Denso,42,True,F6M,6,Ganho do controlador PI reduzido em 20%,M,MPPT (potência máxima),8,W_t,continuous_causal_within_experiment,False,False,7,180,352,False,True,3.461894989013672,5,0.8118893305486867,0.7108112373737374,0.028409090909090908,0.015503060893222734,0.05149716696023732,0.9888888888888889,0.9603989991004155,0.9969476251540074,0.5086489898989899,0.05512018607765138,0.054945054945054944,0.8333333333333334,True,0.028409090909090908,0.011111111111111112,178,2,342,10
post_fault_reset,ae_denso,Autoencoder Denso,42,True,F6M,6,Ganho do controlador PI reduzido em 20%,M,MPPT (potência máxima),8,W_t,continuous_causal_within_experiment,False,False,7,180,359,True,True,3.461894989013672,5,0.8118632547741833,0.7062674094707522,0.027855153203342618,0.015199394956296637,0.0505082529464087,0.9888888888888889,0.9603989991004155,0.9969476251540074,0.5083720210461158,0.05352391265382189,0.05390835579514825,0.8333333333333334,True,0.027855153203342618,0.011111111111111112,178,2,349,10
current_full,ae_denso,Autoencoder Denso,71,False,F6M,6,Ganho do controlador PI reduzido em 20%,M,MPPT (potência máxima),8,W_t,continuous_causal_within_experiment,False,False,7,180,359,False,False,3.792628526687622,5,0.8186316708362209,0.7064531104921077,0.011142061281337047,0.004341225376932932,0.028294126876310645,0.9944444444444445,0.9692069292336208,0.9990186339327839,0.5027932528628908,0.02748325037752135,0.02197802197802198,0.8,True,0.011142061281337047,0.005555555555555556,179,1,355,4
transition,ae_denso,Autoencoder Denso,71,False,F6M,6,Ganho do controlador PI reduzido em 20%,M,MPPT (potência máxima),8,W_t,continuous_causal_within_experiment,False,False,7,180,7,False,False,3.792628526687622,5,0.032594552349696854,0.4761904761904762,0.0,5.551115123125783e-17,0.35433043506668743,0.9944444444444445,0.9692069292336208,0.9990186339327839,0.49722222222222223,-0.01445960054046187,0.0,0.0,True,0.0,0.005555555555555556,179,1,7,0
sustained,ae_denso,Autoencoder Denso,71,False,F6M,6,Ganho do controlador PI reduzido em 20%,M,MPPT (potência máxima),8,W_t,continuous_causal_within_experiment,False,False,7,180,352,False,True,3.792628526687622,5,0.8187848124481139,0.7110321969696969,0.011363636363636364,0.0044277255254390815,0.02884961899742313,0.9944444444444445,0.9692069292336208,0.9990186339327839,0.5029040404040405,0.028480651825670715,0.022408963585434174,0.8,True,0.011363636363636364,0.005555555555555556,179,1,348,4
post_fault_reset,ae_denso,Autoencoder Denso,71,False,F6M,6,Ganho do controlador PI reduzido em 20%,M,MPPT (potência máxima),8,W_t,continuous_causal_within_experiment,False,False,7,180,359,True,True,3.792628526687622,5,0.8186316708362209,0.7064531104921077,0.011142061281337047,0.004341225376932932,0.028294126876310645,0.9944444444444445,0.9692069292336208,0.9990186339327839,0.5027932528628908,0.02748325037752135,0.02197802197802198,0.8,True,0.011142061281337047,0.005555555555555556,179,1,355,4
current_full,ae_denso,Autoencoder Denso,101,False,F6M,6,Ganho do controlador PI reduzido em 20%,M,MPPT (potência máxima),8,W_t,continuous_causal_within_experiment,False,False,7,180,359,False,False,3.144629955291748,5,0.8179361722701931,0.7057567316620241,0.03899721448467967,0.02336962885561688,0.06438621614672962,0.9888888888888889,0.9603989991004155,0.9969476251540074,0.5139430516867843,0.07749264311529558,0.07466666666666667,0.875,True,0.03899721448467967,0.011111111111111112,178,2,345,14
transition,ae_denso,Autoencoder Denso,101,False,F6M,6,Ganho do controlador PI reduzido em 20%,M,MPPT (potência máxima),8,W_t,continuous_causal_within_experiment,False,False,7,180,7,False,False,3.144629955291748,5,0.03193215280096952,0.47063492063492063,0.0,5.551115123125783e-17,0.35433043506668743,0.9888888888888889,0.9603989991004155,0.9969476251540074,0.49444444444444446,-0.020504156174308185,0.0,0.0,True,0.0,0.011111111111111112,178,2,7,0
sustained,ae_denso,Autoencoder Denso,101,False,F6M,6,Ganho do controlador PI reduzido em 20%,M,MPPT (potência máxima),8,W_t,continuous_causal_within_experiment,False,False,7,180,352,False,True,3.144629955291748,5,0.8181505773577868,0.7104324494949494,0.03977272727272727,0.023837225782721957,0.06564492429113665,0.9888888888888889,0.9603989991004155,0.9969476251540074,0.5143308080808081,0.07940053299695446,0.07608695652173914,0.875,True,0.03977272727272727,0.011111111111111112,178,2,338,14
post_fault_reset,ae_denso,Autoencoder Denso,101,False,F6M,6,Ganho do controlador PI reduzido em 20%,M,MPPT (potência máxima),8,W_t,continuous_causal_within_experiment,False,False,7,180,359,True,True,3.144629955291748,5,0.8179361722701931,0.7057567316620241,0.03899721448467967,0.02336962885561688,0.06438621614672962,0.9888888888888889,0.9603989991004155,0.9969476251540074,0.5139430516867843,0.07749264311529558,0.07466666666666667,0.875,True,0.03899721448467967,0.011111111111111112,178,2,345,14
current_full,ae_lstm,AE-LSTM,13,False,F6M,6,Ganho do controlador PI reduzido em 20%,M,MPPT (potência máxima),8,W_t,continuous_causal_within_experiment,False,False,7,180,359,False,False,23.392887115478516,5,0.7546024927165561,0.6574589910244506,0.0,0.0,0.010587155153602403,1.0,0.9791045020783868,1.0,0.5,0.0,0.0,,False,0.0,0.0,180,0,359,0
transition,ae_lstm,AE-LSTM,13,False,F6M,6,Ganho do controlador PI reduzido em 20%,M,MPPT (potência máxima),8,W_t,continuous_causal_within_experiment,False,False,7,180,7,False,False,23.392887115478516,5,0.08047141166972269,0.7380952380952381,0.0,5.551115123125783e-17,0.35433043506668743,1.0,0.9791045020783868,1.0,0.5,0.0,0.0,,False,0.0,0.0,180,0,7,0
sustained,ae_lstm,AE-LSTM,13,False,F6M,6,Ganho do controlador PI reduzido em 20%,M,MPPT (potência máxima),8,W_t,continuous_causal_within_experiment,False,False,7,180,352,False,True,23.392887115478516,5,0.7499939345381401,0.6558554292929293,0.0,0.0,0.01079542230246366,1.0,0.9791045020783868,1.0,0.5,0.0,0.0,,False,0.0,0.0,180,0,352,0
post_fault_reset,ae_lstm,AE-LSTM,13,False,F6M,6,Ganho do controlador PI reduzido em 20%,M,MPPT (potência máxima),8,W_t,continuous_causal_within_experiment,False,False,7,180,359,True,True,23.392887115478516,5,0.7524804324458002,0.6547818012999072,0.0,0.0,0.010587155153602403,1.0,0.9791045020783868,1.0,0.5,0.0,0.0,,False,0.0,0.0,180,0,359,0
current_full,ae_lstm,AE-LSTM,29,False,F6M,6,Ganho do controlador PI reduzido em 20%,M,MPPT (potência máxima),8,W_t,continuous_causal_within_experiment,False,False,7,180,359,False,False,16.942502975463867,5,0.7559170014445863,0.6562519343856392,0.0,0.0,0.010587155153602403,1.0,0.9791045020783868,1.0,0.5,0.0,0.0,,False,0.0,0.0,180,0,359,0
transition,ae_lstm,AE-LSTM,29,False,F6M,6,Ganho do controlador PI reduzido em 20%,M,MPPT (potência máxima),8,W_t,continuous_causal_within_experiment,False,False,7,180,7,False,False,16.942502975463867,5,0.038539567244009976,0.5595238095238095,0.0,5.551115123125783e-17,0.35433043506668743,1.0,0.9791045020783868,1.0,0.5,0.0,0.0,,False,0.0,0.0,180,0,7,0
sustained,ae_lstm,AE-LSTM,29,False,F6M,6,Ganho do controlador PI reduzido em 20%,M,MPPT (potência máxima),8,W_t,continuous_causal_within_experiment,False,False,7,180,352,False,True,16.942502975463867,5,0.7543677257563566,0.6581755050505049,0.0,0.0,0.01079542230246366,1.0,0.9791045020783868,1.0,0.5,0.0,0.0,,False,0.0,0.0,180,0,352,0
post_fault_reset,ae_lstm,AE-LSTM,29,False,F6M,6,Ganho do controlador PI reduzido em 20%,M,MPPT (potência máxima),8,W_t,continuous_causal_within_experiment,False,False,7,180,359,True,True,16.942502975463867,5,0.7551523308587167,0.6538997214484679,0.0,0.0,0.010587155153602403,1.0,0.9791045020783868,1.0,0.5,0.0,0.0,,False,0.0,0.0,180,0,359,0
current_full,ae_lstm,AE-LSTM,42,True,F6M,6,Ganho do controlador PI reduzido em 20%,M,MPPT (potência máxima),8,W_t,continuous_causal_within_experiment,False,False,7,180,359,False,False,17.381608963012695,5,0.7962253671054215,0.6972609099350047,0.0,0.0,0.010587155153602403,1.0,0.9791045020783868,1.0,0.5,0.0,0.0,,False,0.0,0.0,180,0,359,0
transition,ae_lstm,AE-LSTM,42,True,F6M,6,Ganho do controlador PI reduzido em 20%,M,MPPT (potência máxima),8,W_t,continuous_causal_within_experiment,False,False,7,180,7,False,False,17.381608963012695,5,0.04810118194395375,0.623015873015873,0.0,5.551115123125783e-17,0.35433043506668743,1.0,0.9791045020783868,1.0,0.5,0.0,0.0,,False,0.0,0.0,180,0,7,0
sustained,ae_lstm,AE-LSTM,42,True,F6M,6,Ganho do controlador PI reduzido em 20%,M,MPPT (potência máxima),8,W_t,continuous_causal_within_experiment,False,False,7,180,352,False,True,17.381608963012695,5,0.7944893475208212,0.6987373737373737,0.0,0.0,0.01079542230246366,1.0,0.9791045020783868,1.0,0.5,0.0,0.0,,False,0.0,0.0,180,0,352,0
post_fault_reset,ae_lstm,AE-LSTM,42,True,F6M,6,Ganho do controlador PI reduzido em 20%,M,MPPT (potência máxima),8,W_t,continuous_causal_within_experiment,False,False,7,180,359,True,True,17.381608963012695,5,0.7946554702576265,0.6942432683379759,0.0,0.0,0.010587155153602403,1.0,0.9791045020783868,1.0,0.5,0.0,0.0,,False,0.0,0.0,180,0,359,0
current_full,ae_lstm,AE-LSTM,71,False,F6M,6,Ganho do controlador PI reduzido em 20%,M,MPPT (potência máxima),8,W_t,continuous_causal_within_experiment,False,False,7,180,359,False,False,20.02474594116211,5,0.7807371249497148,0.684911792014856,0.0,0.0,0.010587155153602403,1.0,0.9791045020783868,1.0,0.5,0.0,0.0,,False,0.0,0.0,180,0,359,0
transition,ae_lstm,AE-LSTM,71,False,F6M,6,Ganho do controlador PI reduzido em 20%,M,MPPT (potência máxima),8,W_t,continuous_causal_within_experiment,False,False,7,180,7,False,False,20.02474594116211,5,0.028683280142004206,0.39761904761904765,0.0,5.551115123125783e-17,0.35433043506668743,1.0,0.9791045020783868,1.0,0.5,0.0,0.0,,False,0.0,0.0,180,0,7,0
sustained,ae_lstm,AE-LSTM,71,False,F6M,6,Ganho do controlador PI reduzido em 20%,M,MPPT (potência máxima),8,W_t,continuous_causal_within_experiment,False,False,7,180,352,False,True,20.02474594116211,5,0.780885664166213,0.6906249999999999,0.0,0.0,0.01079542230246366,1.0,0.9791045020783868,1.0,0.5,0.0,0.0,,False,0.0,0.0,180,0,352,0
post_fault_reset,ae_lstm,AE-LSTM,71,False,F6M,6,Ganho do controlador PI reduzido em 20%,M,MPPT (potência máxima),8,W_t,continuous_causal_within_experiment,False,False,7,180,359,True,True,20.02474594116211,5,0.7804759334135236,0.6837821108016093,0.0,0.0,0.010587155153602403,1.0,0.9791045020783868,1.0,0.5,0.0,0.0,,False,0.0,0.0,180,0,359,0
current_full,ae_lstm,AE-LSTM,101,False,F6M,6,Ganho do controlador PI reduzido em 20%,M,MPPT (potência máxima),8,W_t,continuous_causal_within_experiment,False,False,7,180,359,False,False,20.34963035583496,5,0.7510543320291759,0.6431600123800681,0.0,0.0,0.010587155153602403,1.0,0.9791045020783868,1.0,0.5,0.0,0.0,,False,0.0,0.0,180,0,359,0
transition,ae_lstm,AE-LSTM,101,False,F6M,6,Ganho do controlador PI reduzido em 20%,M,MPPT (potência máxima),8,W_t,continuous_causal_within_experiment,False,False,7,180,7,False,False,20.34963035583496,5,0.039496870072696116,0.5698412698412698,0.0,5.551115123125783e-17,0.35433043506668743,1.0,0.9791045020783868,1.0,0.5,0.0,0.0,,False,0.0,0.0,180,0,7,0
sustained,ae_lstm,AE-LSTM,101,False,F6M,6,Ganho do controlador PI reduzido em 20%,M,MPPT (potência máxima),8,W_t,continuous_causal_within_experiment,False,False,7,180,352,False,True,20.34963035583496,5,0.749133759508801,0.6446180555555556,0.0,0.0,0.01079542230246366,1.0,0.9791045020783868,1.0,0.5,0.0,0.0,,False,0.0,0.0,180,0,352,0
post_fault_reset,ae_lstm,AE-LSTM,101,False,F6M,6,Ganho do controlador PI reduzido em 20%,M,MPPT (potência máxima),8,W_t,continuous_causal_within_experiment,False,False,7,180,359,True,True,20.34963035583496,5,0.7496897986692447,0.6398638192510059,0.0,0.0,0.010587155153602403,1.0,0.9791045020783868,1.0,0.5,0.0,0.0,,False,0.0,0.0,180,0,359,0
current_full,ae_denso,Autoencoder Denso,13,False,F7L,7,Constante de tempo do controlador PI elevada em 20%,L,IPPT (potência limitada),8,W_t,continuous_causal_within_experiment,False,False,7,180,359,False,False,3.5103249549865723,5,0.8491345240150054,0.8031569173630455,0.033426183844011144,0.01922273884624874,0.05750900760627718,0.9722222222222222,0.936631929551566,0.9880778779669105,0.5028242030331167,0.015242270878079644,0.06382978723404255,0.7058823529411765,True,0.033426183844011144,0.027777777777777776,175,5,347,12
transition,ae_denso,Autoencoder Denso,13,False,F7L,7,Constante de tempo do controlador PI elevada em 20%,L,IPPT (potência limitada),8,W_t,continuous_causal_within_experiment,False,False,7,180,7,False,False,3.5103249549865723,5,0.041790862796769405,0.5753968253968254,0.0,5.551115123125783e-17,0.35433043506668743,0.9722222222222222,0.936631929551566,0.9880778779669105,0.4861111111111111,-0.03268602252303067,0.0,0.0,True,0.0,0.027777777777777776,175,5,7,0
sustained,ae_denso,Autoencoder Denso,13,False,F7L,7,Constante de tempo do controlador PI elevada em 20%,L,IPPT (potência limitada),8,W_t,continuous_causal_within_experiment,False,False,7,180,352,False,True,3.5103249549865723,5,0.8492523640475635,0.8076862373737373,0.03409090909090909,0.01960708217099702,0.0586341067926623,0.9722222222222222,0.936631929551566,0.9880778779669105,0.5031565656565656,0.01698338801101447,0.06504065040650407,0.7058823529411765,True,0.03409090909090909,0.027777777777777776,175,5,340,12
post_fault_reset,ae_denso,Autoencoder Denso,13,False,F7L,7,Constante de tempo do controlador PI elevada em 20%,L,IPPT (potência limitada),8,W_t,continuous_causal_within_experiment,False,False,7,180,359,True,True,3.5103249549865723,5,0.8491345240150054,0.8031569173630455,0.033426183844011144,0.01922273884624874,0.05750900760627718,0.9722222222222222,0.936631929551566,0.9880778779669105,0.5028242030331167,0.015242270878079644,0.06382978723404255,0.7058823529411765,True,0.033426183844011144,0.027777777777777776,175,5,347,12
current_full,ae_denso,Autoencoder Denso,29,False,F7L,7,Constante de tempo do controlador PI elevada em 20%,L,IPPT (potência limitada),8,W_t,continuous_causal_within_experiment,False,False,7,180,359,False,False,3.3771872520446777,5,0.8464316368274518,0.7984060662333643,0.03899721448467967,0.02336962885561688,0.06438621614672962,0.9611111111111111,0.9219152218849264,0.981036707809586,0.5000541627978954,0.000264021950979375,0.07368421052631578,0.6666666666666666,True,0.03899721448467967,0.03888888888888889,173,7,345,14
transition,ae_denso,Autoencoder Denso,29,False,F7L,7,Constante de tempo do controlador PI elevada em 20%,L,IPPT (potência limitada),8,W_t,continuous_causal_within_experiment,False,False,7,180,7,False,False,3.3771872520446777,5,0.0368047069184735,0.5174603174603174,0.0,5.551115123125783e-17,0.35433043506668743,0.9611111111111111,0.9219152218849264,0.981036707809586,0.48055555555555557,-0.03888888888888889,0.0,0.0,True,0.0,0.03888888888888889,173,7,7,0
sustained,ae_denso,Autoencoder Denso,29,False,F7L,7,Constante de tempo do controlador PI elevada em 20%,L,IPPT (potência limitada),8,W_t,continuous_causal_within_experiment,False,False,7,180,352,False,True,3.3771872520446777,5,0.846910792000489,0.8039930555555556,0.03977272727272727,0.023837225782721957,0.06564492429113665,0.9611111111111111,0.9219152218849264,0.981036707809586,0.5004419191919192,0.0021476343681960082,0.07506702412868632,0.6666666666666666,True,0.03977272727272727,0.03888888888888889,173,7,338,14
post_fault_reset,ae_denso,Autoencoder Denso,29,False,F7L,7,Constante de tempo do controlador PI elevada em 20%,L,IPPT (potência limitada),8,W_t,continuous_causal_within_experiment,False,False,7,180,359,True,True,3.3771872520446777,5,0.8464316368274518,0.7984060662333643,0.03899721448467967,0.02336962885561688,0.06438621614672962,0.9611111111111111,0.9219152218849264,0.981036707809586,0.5000541627978954,0.000264021950979375,0.07368421052631578,0.6666666666666666,True,0.03899721448467967,0.03888888888888889,173,7,345,14
current_full,ae_denso,Autoencoder Denso,42,True,F7L,7,Constante de tempo do controlador PI elevada em 20%,L,IPPT (potência limitada),8,W_t,continuous_causal_within_experiment,False,False,7,180,359,False,False,3.461894989013672,5,0.8458290813768743,0.8011142061281338,0.05013927576601671,0.03194770799639833,0.07785633410558934,0.9555555555555556,0.9147630842357073,0.9773099065468231,0.5028474156607862,0.012534845497744132,0.09350649350649351,0.6923076923076923,True,0.05013927576601671,0.044444444444444446,172,8,341,18
transition,ae_denso,Autoencoder Denso,42,True,F7L,7,Constante de tempo do controlador PI elevada em 20%,L,IPPT (potência limitada),8,W_t,continuous_causal_within_experiment,False,False,7,180,7,False,False,3.461894989013672,5,0.043700862795290236,0.5888888888888888,0.0,5.551115123125783e-17,0.35433043506668743,0.9555555555555556,0.9147630842357073,0.9773099065468231,0.4777777777777778,-0.04168993763562226,0.0,0.0,True,0.0,0.044444444444444446,172,8,7,0
sustained,ae_denso,Autoencoder Denso,42,True,F7L,7,Constante de tempo do controlador PI elevada em 20%,L,IPPT (potência limitada),8,W_t,continuous_causal_within_experiment,False,False,7,180,352,False,True,3.461894989013672,5,0.8457797463367235,0.8053345959595959,0.05113636363636364,0.03258780750226329,0.07937626479199389,0.9555555555555556,0.9147630842357073,0.9773099065468231,0.5033459595959596,0.01468575707039815,0.09523809523809523,0.6923076923076923,True,0.05113636363636364,0.044444444444444446,172,8,334,18
post_fault_reset,ae_denso,Autoencoder Denso,42,True,F7L,7,Constante de tempo do controlador PI elevada em 20%,L,IPPT (potência limitada),8,W_t,continuous_causal_within_experiment,False,False,7,180,359,True,True,3.461894989013672,5,0.8458290813768743,0.8011142061281338,0.05013927576601671,0.03194770799639833,0.07785633410558934,0.9555555555555556,0.9147630842357073,0.9773099065468231,0.5028474156607862,0.012534845497744132,0.09350649350649351,0.6923076923076923,True,0.05013927576601671,0.044444444444444446,172,8,341,18
current_full,ae_denso,Autoencoder Denso,71,False,F7L,7,Constante de tempo do controlador PI elevada em 20%,L,IPPT (potência limitada),8,W_t,continuous_causal_within_experiment,False,False,7,180,359,False,False,3.792628526687622,5,0.8449303677103952,0.796146703806871,0.03899721448467967,0.02336962885561688,0.06438621614672962,0.9722222222222222,0.936631929551566,0.9880778779669105,0.5056097183534509,0.028693006547717427,0.07407407407407407,0.7368421052631579,True,0.03899721448467967,0.027777777777777776,175,5,345,14
transition,ae_denso,Autoencoder Denso,71,False,F7L,7,Constante de tempo do controlador PI elevada em 20%,L,IPPT (potência limitada),8,W_t,continuous_causal_within_experiment,False,False,7,180,7,False,False,3.792628526687622,5,0.04472630351512312,0.5865079365079365,0.0,5.551115123125783e-17,0.35433043506668743,0.9722222222222222,0.936631929551566,0.9880778779669105,0.4861111111111111,-0.03268602252303067,0.0,0.0,True,0.0,0.027777777777777776,175,5,7,0
sustained,ae_denso,Autoencoder Denso,71,False,F7L,7,Constante de tempo do controlador PI elevada em 20%,L,IPPT (potência limitada),8,W_t,continuous_causal_within_experiment,False,False,7,180,352,False,True,3.792628526687622,5,0.8448412869159483,0.8003156565656566,0.03977272727272727,0.023837225782721957,0.06564492429113665,0.9722222222222222,0.936631929551566,0.9880778779669105,0.5059974747474747,0.03058232680906557,0.07547169811320754,0.7368421052631579,True,0.03977272727272727,0.027777777777777776,175,5,338,14
post_fault_reset,ae_denso,Autoencoder Denso,71,False,F7L,7,Constante de tempo do controlador PI elevada em 20%,L,IPPT (potência limitada),8,W_t,continuous_causal_within_experiment,False,False,7,180,359,True,True,3.792628526687622,5,0.8449303677103952,0.796146703806871,0.03899721448467967,0.02336962885561688,0.06438621614672962,0.9722222222222222,0.936631929551566,0.9880778779669105,0.5056097183534509,0.028693006547717427,0.07407407407407407,0.7368421052631579,True,0.03899721448467967,0.027777777777777776,175,5,345,14
current_full,ae_denso,Autoencoder Denso,101,False,F7L,7,Constante de tempo do controlador PI elevada em 20%,L,IPPT (potência limitada),8,W_t,continuous_causal_within_experiment,False,False,7,180,359,False,False,3.144629955291748,5,0.8489376603399201,0.8023676880222842,0.06128133704735376,0.04081417021791123,0.09103806898371763,0.9611111111111111,0.9219152218849264,0.981036707809586,0.5111962240792325,0.04680593953781389,0.1134020618556701,0.7586206896551724,True,0.06128133704735376,0.03888888888888889,173,7,337,22
transition,ae_denso,Autoencoder Denso,101,False,F7L,7,Constante de tempo do controlador PI elevada em 20%,L,IPPT (potência limitada),8,W_t,continuous_causal_within_experiment,False,False,7,180,7,False,False,3.144629955291748,5,0.044189976508115354,0.5904761904761905,0.0,5.551115123125783e-17,0.35433043506668743,0.9611111111111111,0.9219152218849264,0.981036707809586,0.48055555555555557,-0.03888888888888889,0.0,0.0,True,0.0,0.03888888888888889,173,7,7,0
sustained,ae_denso,Autoencoder Denso,101,False,F7L,7,Constante de tempo do controlador PI elevada em 20%,L,IPPT (potência limitada),8,W_t,continuous_causal_within_experiment,False,False,7,180,352,False,True,3.144629955291748,5,0.8489221742791675,0.8065814393939393,0.0625,0.04163294101222151,0.09281305350243421,0.9611111111111111,0.9219152218849264,0.981036707809586,0.5118055555555556,0.04920860094767108,0.11548556430446194,0.7586206896551724,True,0.0625,0.03888888888888889,173,7,330,22
post_fault_reset,ae_denso,Autoencoder Denso,101,False,F7L,7,Constante de tempo do controlador PI elevada em 20%,L,IPPT (potência limitada),8,W_t,continuous_causal_within_experiment,False,False,7,180,359,True,True,3.144629955291748,5,0.8489376603399201,0.8023676880222842,0.06128133704735376,0.04081417021791123,0.09103806898371763,0.9611111111111111,0.9219152218849264,0.981036707809586,0.5111962240792325,0.04680593953781389,0.1134020618556701,0.7586206896551724,True,0.06128133704735376,0.03888888888888889,173,7,337,22
current_full,ae_lstm,AE-LSTM,13,False,F7L,7,Constante de tempo do controlador PI elevada em 20%,L,IPPT (potência limitada),8,W_t,continuous_causal_within_experiment,False,False,7,180,359,False,False,23.392887115478516,5,0.8007053428951983,0.7536521200866604,0.0,0.0,0.010587155153602403,1.0,0.9791045020783868,1.0,0.5,0.0,0.0,,False,0.0,0.0,180,0,359,0
transition,ae_lstm,AE-LSTM,13,False,F7L,7,Constante de tempo do controlador PI elevada em 20%,L,IPPT (potência limitada),8,W_t,continuous_causal_within_experiment,False,False,7,180,7,False,False,23.392887115478516,5,0.041951516215688864,0.5833333333333334,0.0,5.551115123125783e-17,0.35433043506668743,1.0,0.9791045020783868,1.0,0.5,0.0,0.0,,False,0.0,0.0,180,0,7,0
sustained,ae_lstm,AE-LSTM,13,False,F7L,7,Constante de tempo do controlador PI elevada em 20%,L,IPPT (potência limitada),8,W_t,continuous_causal_within_experiment,False,False,7,180,352,False,True,23.392887115478516,5,0.7998544016723623,0.7570391414141414,0.0,0.0,0.01079542230246366,1.0,0.9791045020783868,1.0,0.5,0.0,0.0,,False,0.0,0.0,180,0,352,0
post_fault_reset,ae_lstm,AE-LSTM,13,False,F7L,7,Constante de tempo do controlador PI elevada em 20%,L,IPPT (potência limitada),8,W_t,continuous_causal_within_experiment,False,False,7,180,359,True,True,23.392887115478516,5,0.8008693454290056,0.7541163726400495,0.0,0.0,0.010587155153602403,1.0,0.9791045020783868,1.0,0.5,0.0,0.0,,False,0.0,0.0,180,0,359,0
current_full,ae_lstm,AE-LSTM,29,False,F7L,7,Constante de tempo do controlador PI elevada em 20%,L,IPPT (potência limitada),8,W_t,continuous_causal_within_experiment,False,False,7,180,359,False,False,16.942502975463867,5,0.8178480706936306,0.7670999690498299,0.002785515320334262,0.0004918811981754609,0.015607323230337235,1.0,0.9791045020783868,1.0,0.5013927576601671,0.03052796748270094,0.005555555555555556,1.0,True,0.002785515320334262,0.0,180,0,358,1
transition,ae_lstm,AE-LSTM,29,False,F7L,7,Constante de tempo do controlador PI elevada em 20%,L,IPPT (potência limitada),8,W_t,continuous_causal_within_experiment,False,False,7,180,7,False,False,16.942502975463867,5,0.0410182367116643,0.5888888888888889,0.0,5.551115123125783e-17,0.35433043506668743,1.0,0.9791045020783868,1.0,0.5,0.0,0.0,,False,0.0,0.0,180,0,7,0
sustained,ae_lstm,AE-LSTM,29,False,F7L,7,Constante de tempo do controlador PI elevada em 20%,L,IPPT (potência limitada),8,W_t,continuous_causal_within_experiment,False,False,7,180,352,False,True,16.942502975463867,5,0.817337788950149,0.7706439393939394,0.002840909090909091,0.0005016663636475682,0.01591423649391573,1.0,0.9791045020783868,1.0,0.5014204545454546,0.031032564038710065,0.0056657223796034,1.0,True,0.002840909090909091,0.0,180,0,351,1
post_fault_reset,ae_lstm,AE-LSTM,29,False,F7L,7,Constante de tempo do controlador PI elevada em 20%,L,IPPT (potência limitada),8,W_t,continuous_causal_within_experiment,False,False,7,180,359,True,True,16.942502975463867,5,0.817917281009098,0.7672547199009594,0.002785515320334262,0.0004918811981754609,0.015607323230337235,1.0,0.9791045020783868,1.0,0.5013927576601671,0.03052796748270094,0.005555555555555556,1.0,True,0.002785515320334262,0.0,180,0,358,1
current_full,ae_lstm,AE-LSTM,42,True,F7L,7,Constante de tempo do controlador PI elevada em 20%,L,IPPT (potência limitada),8,W_t,continuous_causal_within_experiment,False,False,7,180,359,False,False,17.381608963012695,5,0.8059705941305357,0.7579232435778397,0.002785515320334262,0.0004918811981754609,0.015607323230337235,1.0,0.9791045020783868,1.0,0.5013927576601671,0.03052796748270094,0.005555555555555556,1.0,True,0.002785515320334262,0.0,180,0,358,1
transition,ae_lstm,AE-LSTM,42,True,F7L,7,Constante de tempo do controlador PI elevada em 20%,L,IPPT (potência limitada),8,W_t,continuous_causal_within_experiment,False,False,7,180,7,False,False,17.381608963012695,5,0.043169801660845254,0.5880952380952381,0.0,5.551115123125783e-17,0.35433043506668743,1.0,0.9791045020783868,1.0,0.5,0.0,0.0,,False,0.0,0.0,180,0,7,0
sustained,ae_lstm,AE-LSTM,42,True,F7L,7,Constante de tempo do controlador PI elevada em 20%,L,IPPT (potência limitada),8,W_t,continuous_causal_within_experiment,False,False,7,180,352,False,True,17.381608963012695,5,0.805155265440799,0.7613005050505051,0.002840909090909091,0.0005016663636475682,0.01591423649391573,1.0,0.9791045020783868,1.0,0.5014204545454546,0.031032564038710065,0.0056657223796034,1.0,True,0.002840909090909091,0.0,180,0,351,1
post_fault_reset,ae_lstm,AE-LSTM,42,True,F7L,7,Constante de tempo do controlador PI elevada em 20%,L,IPPT (potência limitada),8,W_t,continuous_causal_within_experiment,False,False,7,180,359,True,True,17.381608963012695,5,0.8063035503067864,0.7588207985143918,0.002785515320334262,0.0004918811981754609,0.015607323230337235,1.0,0.9791045020783868,1.0,0.5013927576601671,0.03052796748270094,0.005555555555555556,1.0,True,0.002785515320334262,0.0,180,0,358,1
current_full,ae_lstm,AE-LSTM,71,False,F7L,7,Constante de tempo do controlador PI elevada em 20%,L,IPPT (potência limitada),8,W_t,continuous_causal_within_experiment,False,False,7,180,359,False,False,20.02474594116211,5,0.8134206931228964,0.7594088517486846,0.0,0.0,0.010587155153602403,1.0,0.9791045020783868,1.0,0.5,0.0,0.0,,False,0.0,0.0,180,0,359,0
transition,ae_lstm,AE-LSTM,71,False,F7L,7,Constante de tempo do controlador PI elevada em 20%,L,IPPT (potência limitada),8,W_t,continuous_causal_within_experiment,False,False,7,180,7,False,False,20.02474594116211,5,0.03935661011053158,0.5619047619047619,0.0,5.551115123125783e-17,0.35433043506668743,1.0,0.9791045020783868,1.0,0.5,0.0,0.0,,False,0.0,0.0,180,0,7,0
sustained,ae_lstm,AE-LSTM,71,False,F7L,7,Constante de tempo do controlador PI elevada em 20%,L,IPPT (potência limitada),8,W_t,continuous_causal_within_experiment,False,False,7,180,352,False,True,20.02474594116211,5,0.8129801727280924,0.7633364898989898,0.0,0.0,0.01079542230246366,1.0,0.9791045020783868,1.0,0.5,0.0,0.0,,False,0.0,0.0,180,0,352,0
post_fault_reset,ae_lstm,AE-LSTM,71,False,F7L,7,Constante de tempo do controlador PI elevada em 20%,L,IPPT (potência limitada),8,W_t,continuous_causal_within_experiment,False,False,7,180,359,True,True,20.02474594116211,5,0.8134375713370015,0.7594552770040235,0.0,0.0,0.010587155153602403,1.0,0.9791045020783868,1.0,0.5,0.0,0.0,,False,0.0,0.0,180,0,359,0
current_full,ae_lstm,AE-LSTM,101,False,F7L,7,Constante de tempo do controlador PI elevada em 20%,L,IPPT (potência limitada),8,W_t,continuous_causal_within_experiment,False,False,7,180,359,False,False,20.34963035583496,5,0.8236845670067612,0.7607861343237388,0.002785515320334262,0.0004918811981754609,0.015607323230337235,1.0,0.9791045020783868,1.0,0.5013927576601671,0.03052796748270094,0.005555555555555556,1.0,True,0.002785515320334262,0.0,180,0,358,1
transition,ae_lstm,AE-LSTM,101,False,F7L,7,Constante de tempo do controlador PI elevada em 20%,L,IPPT (potência limitada),8,W_t,continuous_causal_within_experiment,False,False,7,180,7,False,False,20.34963035583496,5,0.040661403296218535,0.5658730158730159,0.0,5.551115123125783e-17,0.35433043506668743,1.0,0.9791045020783868,1.0,0.5,0.0,0.0,,False,0.0,0.0,180,0,7,0
sustained,ae_lstm,AE-LSTM,101,False,F7L,7,Constante de tempo do controlador PI elevada em 20%,L,IPPT (potência limitada),8,W_t,continuous_causal_within_experiment,False,False,7,180,352,False,True,20.34963035583496,5,0.8234137638999661,0.7646622474747474,0.002840909090909091,0.0005016663636475682,0.01591423649391573,1.0,0.9791045020783868,1.0,0.5014204545454546,0.031032564038710065,0.0056657223796034,1.0,True,0.002840909090909091,0.0,180,0,351,1
post_fault_reset,ae_lstm,AE-LSTM,101,False,F7L,7,Constante de tempo do controlador PI elevada em 20%,L,IPPT (potência limitada),8,W_t,continuous_causal_within_experiment,False,False,7,180,359,True,True,20.34963035583496,5,0.8254723543517744,0.764500154750851,0.002785515320334262,0.0004918811981754609,0.015607323230337235,1.0,0.9791045020783868,1.0,0.5013927576601671,0.03052796748270094,0.005555555555555556,1.0,True,0.002785515320334262,0.0,180,0,358,1
current_full,ae_denso,Autoencoder Denso,13,False,F7M,7,Constante de tempo do controlador PI elevada em 20%,M,MPPT (potência máxima),8,W_t,continuous_causal_within_experiment,False,False,7,180,359,False,False,3.5103249549865723,5,0.880239841179524,0.7804394924172083,0.18662952646239556,0.1497212896125914,0.23017316696000073,0.9888888888888889,0.9603989991004155,0.9969476251540074,0.5877592076756423,0.24776085540557105,0.3130841121495327,0.9710144927536232,True,0.18662952646239556,0.011111111111111112,178,2,292,67
transition,ae_denso,Autoencoder Denso,13,False,F7M,7,Constante de tempo do controlador PI elevada em 20%,M,MPPT (potência máxima),8,W_t,continuous_causal_within_experiment,False,False,7,180,7,False,False,3.5103249549865723,5,0.04000394396839078,0.5539682539682539,0.0,5.551115123125783e-17,0.35433043506668743,0.9888888888888889,0.9603989991004155,0.9969476251540074,0.49444444444444446,-0.020504156174308185,0.0,0.0,True,0.0,0.011111111111111112,178,2,7,0
sustained,ae_denso,Autoencoder Denso,13,False,F7M,7,Constante de tempo do controlador PI elevada em 20%,M,MPPT (potência máxima),8,W_t,continuous_causal_within_experiment,False,False,7,180,352,False,True,3.5103249549865723,5,0.8810429787980977,0.7849431818181818,0.1903409090909091,0.15275862212102734,0.2346089973731121,0.9888888888888889,0.9603989991004155,0.9969476251540074,0.589614898989899,0.25240779254677326,0.3182897862232779,0.9710144927536232,True,0.1903409090909091,0.011111111111111112,178,2,285,67
post_fault_reset,ae_denso,Autoencoder Denso,13,False,F7M,7,Constante de tempo do controlador PI elevada em 20%,M,MPPT (potência máxima),8,W_t,continuous_causal_within_experiment,False,False,7,180,359,True,True,3.5103249549865723,5,0.880239841179524,0.7804394924172083,0.18662952646239556,0.1497212896125914,0.23017316696000073,0.9888888888888889,0.9603989991004155,0.9969476251540074,0.5877592076756423,0.24776085540557105,0.3130841121495327,0.9710144927536232,True,0.18662952646239556,0.011111111111111112,178,2,292,67
current_full,ae_denso,Autoencoder Denso,29,False,F7M,7,Constante de tempo do controlador PI elevada em 20%,M,MPPT (potência máxima),8,W_t,continuous_causal_within_experiment,False,False,7,180,359,False,False,3.3771872520446777,5,0.8901417070234973,0.7909161250386878,0.20055710306406685,0.16240507061167006,0.24504963233547347,0.9888888888888889,0.9603989991004155,0.9969476251540074,0.5947229959764779,0.25961307546702306,0.3325635103926097,0.972972972972973,True,0.20055710306406685,0.011111111111111112,178,2,287,72
transition,ae_denso,Autoencoder Denso,29,False,F7M,7,Constante de tempo do controlador PI elevada em 20%,M,MPPT (potência máxima),8,W_t,continuous_causal_within_experiment,False,False,7,180,7,False,False,3.3771872520446777,5,0.04153290014218257,0.5658730158730159,0.0,5.551115123125783e-17,0.35433043506668743,0.9888888888888889,0.9603989991004155,0.9969476251540074,0.49444444444444446,-0.020504156174308185,0.0,0.0,True,0.0,0.011111111111111112,178,2,7,0
sustained,ae_denso,Autoencoder Denso,29,False,F7M,7,Constante de tempo do controlador PI elevada em 20%,M,MPPT (potência máxima),8,W_t,continuous_causal_within_experiment,False,False,7,180,352,False,True,3.3771872520446777,5,0.8910811082707759,0.7953914141414142,0.20454545454545456,0.16570335812734716,0.24976666414229054,0.9888888888888889,0.9603989991004155,0.9969476251540074,0.5967171717171718,0.2644798373412701,0.3380281690140845,0.972972972972973,True,0.20454545454545456,0.011111111111111112,178,2,280,72
post_fault_reset,ae_denso,Autoencoder Denso,29,False,F7M,7,Constante de tempo do controlador PI elevada em 20%,M,MPPT (potência máxima),8,W_t,continuous_causal_within_experiment,False,False,7,180,359,True,True,3.3771872520446777,5,0.8901417070234973,0.7909161250386878,0.20055710306406685,0.16240507061167006,0.24504963233547347,0.9888888888888889,0.9603989991004155,0.9969476251540074,0.5947229959764779,0.25961307546702306,0.3325635103926097,0.972972972972973,True,0.20055710306406685,0.011111111111111112,178,2,287,72
current_full,ae_denso,Autoencoder Denso,42,True,F7M,7,Constante de tempo do controlador PI elevada em 20%,M,MPPT (potência máxima),8,W_t,continuous_causal_within_experiment,False,False,7,180,359,False,False,3.461894989013672,5,0.8830443179612766,0.7881151346332406,0.19498607242339833,0.15732206734811766,0.23910853704920532,0.9833333333333333,0.952151771962928,0.9943159133795125,0.5891597028783658,0.24576933628284797,0.32407407407407407,0.958904109589041,True,0.19498607242339833,0.016666666666666666,177,3,289,70
transition,ae_denso,Autoencoder Denso,42,True,F7M,7,Constante de tempo do controlador PI elevada em 20%,M,MPPT (potência máxima),8,W_t,continuous_causal_within_experiment,False,False,7,180,7,False,False,3.461894989013672,5,0.03993024150589444,0.5452380952380953,0.0,5.551115123125783e-17,0.35433043506668743,0.9833333333333333,0.952151771962928,0.9943159133795125,0.49166666666666664,-0.025180507759266745,0.0,0.0,True,0.0,0.016666666666666666,177,3,7,0
sustained,ae_denso,Autoencoder Denso,42,True,F7M,7,Constante de tempo do controlador PI elevada em 20%,M,MPPT (potência máxima),8,W_t,continuous_causal_within_experiment,False,False,7,180,352,False,True,3.461894989013672,5,0.8839524266052975,0.7929450757575758,0.19886363636363635,0.16051571537997567,0.2437133457794627,0.9833333333333333,0.952151771962928,0.9943159133795125,0.5910984848484848,0.25054224288700583,0.32941176470588235,0.958904109589041,True,0.19886363636363635,0.016666666666666666,177,3,282,70
post_fault_reset,ae_denso,Autoencoder Denso,42,True,F7M,7,Constante de tempo do controlador PI elevada em 20%,M,MPPT (potência máxima),8,W_t,continuous_causal_within_experiment,False,False,7,180,359,True,True,3.461894989013672,5,0.8830443179612766,0.7881151346332406,0.19498607242339833,0.15732206734811766,0.23910853704920532,0.9833333333333333,0.952151771962928,0.9943159133795125,0.5891597028783658,0.24576933628284797,0.32407407407407407,0.958904109589041,True,0.19498607242339833,0.016666666666666666,177,3,289,70
current_full,ae_denso,Autoencoder Denso,71,False,F7M,7,Constante de tempo do controlador PI elevada em 20%,M,MPPT (potência máxima),8,W_t,continuous_causal_within_experiment,False,False,7,180,359,False,False,3.792628526687622,5,0.8866411127844747,0.7882853605694832,0.17548746518105848,0.13963348268191403,0.21821277679103687,0.9888888888888889,0.9603989991004155,0.9969476251540074,0.5821881770349737,0.2380548155239139,0.2971698113207547,0.9692307692307692,True,0.17548746518105848,0.011111111111111112,178,2,296,63
transition,ae_denso,Autoencoder Denso,71,False,F7M,7,Constante de tempo do controlador PI elevada em 20%,M,MPPT (potência máxima),8,W_t,continuous_causal_within_experiment,False,False,7,180,7,False,False,3.792628526687622,5,0.04366251621077519,0.5761904761904761,0.0,5.551115123125783e-17,0.35433043506668743,0.9888888888888889,0.9603989991004155,0.9969476251540074,0.49444444444444446,-0.020504156174308185,0.0,0.0,True,0.0,0.011111111111111112,178,2,7,0
sustained,ae_denso,Autoencoder Denso,71,False,F7M,7,Constante de tempo do controlador PI elevada em 20%,M,MPPT (potência máxima),8,W_t,continuous_causal_within_experiment,False,False,7,180,352,False,True,3.792628526687622,5,0.8873573353834517,0.7925031565656566,0.17897727272727273,0.1424636395159864,0.22242205775775453,0.9888888888888889,0.9603989991004155,0.9969476251540074,0.5839330808080808,0.2425245043937034,0.302158273381295,0.9692307692307692,True,0.17897727272727273,0.011111111111111112,178,2,289,63
post_fault_reset,ae_denso,Autoencoder Denso,71,False,F7M,7,Constante de tempo do controlador PI elevada em 20%,M,MPPT (potência máxima),8,W_t,continuous_causal_within_experiment,False,False,7,180,359,True,True,3.792628526687622,5,0.8866411127844747,0.7882853605694832,0.17548746518105848,0.13963348268191403,0.21821277679103687,0.9888888888888889,0.9603989991004155,0.9969476251540074,0.5821881770349737,0.2380548155239139,0.2971698113207547,0.9692307692307692,True,0.17548746518105848,0.011111111111111112,178,2,296,63
current_full,ae_denso,Autoencoder Denso,101,False,F7M,7,Constante de tempo do controlador PI elevada em 20%,M,MPPT (potência máxima),8,W_t,continuous_causal_within_experiment,False,False,7,180,359,False,False,3.144629955291748,5,0.8830453308434962,0.7917982048901269,0.2785515320334262,0.2347105725897343,0.3270815100548975,0.9777777777777777,0.944263669857449,0.9913250765730094,0.6281646549056019,0.306351807369744,0.4319654427645788,0.9615384615384616,True,0.2785515320334262,0.022222222222222223,176,4,259,100
transition,ae_denso,Autoencoder Denso,101,False,F7M,7,Constante de tempo do controlador PI elevada em 20%,M,MPPT (potência máxima),8,W_t,continuous_causal_within_experiment,False,False,7,180,7,False,False,3.144629955291748,5,0.03903446355457309,0.5531746031746032,0.0,5.551115123125783e-17,0.35433043506668743,0.9777777777777777,0.944263669857449,0.9913250765730094,0.4888888888888889,-0.02915528010887701,0.0,0.0,True,0.0,0.022222222222222223,176,4,7,0
sustained,ae_denso,Autoencoder Denso,101,False,F7M,7,Constante de tempo do controlador PI elevada em 20%,M,MPPT (potência máxima),8,W_t,continuous_causal_within_experiment,False,False,7,180,352,False,True,3.144629955291748,5,0.8839724246344587,0.7965435606060606,0.2840909090909091,0.2395064855576748,0.3333369922547527,0.9777777777777777,0.944263669857449,0.9913250765730094,0.6309343434343434,0.3124299077584922,0.43859649122807015,0.9615384615384616,True,0.2840909090909091,0.022222222222222223,176,4,252,100
post_fault_reset,ae_denso,Autoencoder Denso,101,False,F7M,7,Constante de tempo do controlador PI elevada em 20%,M,MPPT (potência máxima),8,W_t,continuous_causal_within_experiment,False,False,7,180,359,True,True,3.144629955291748,5,0.8830453308434962,0.7917982048901269,0.2785515320334262,0.2347105725897343,0.3270815100548975,0.9777777777777777,0.944263669857449,0.9913250765730094,0.6281646549056019,0.306351807369744,0.4319654427645788,0.9615384615384616,True,0.2785515320334262,0.022222222222222223,176,4,259,100
current_full,ae_lstm,AE-LSTM,13,False,F7M,7,Constante de tempo do controlador PI elevada em 20%,M,MPPT (potência máxima),8,W_t,continuous_causal_within_experiment,False,False,7,180,359,False,False,23.392887115478516,5,0.7965366007940974,0.7199473847106159,0.0,0.0,0.010587155153602403,1.0,0.9791045020783868,1.0,0.5,0.0,0.0,,False,0.0,0.0,180,0,359,0
transition,ae_lstm,AE-LSTM,13,False,F7M,7,Constante de tempo do controlador PI elevada em 20%,M,MPPT (potência máxima),8,W_t,continuous_causal_within_experiment,False,False,7,180,7,False,False,23.392887115478516,5,0.02798220355400948,0.3817460317460317,0.0,5.551115123125783e-17,0.35433043506668743,1.0,0.9791045020783868,1.0,0.5,0.0,0.0,,False,0.0,0.0,180,0,7,0
sustained,ae_lstm,AE-LSTM,13,False,F7M,7,Constante de tempo do controlador PI elevada em 20%,M,MPPT (potência máxima),8,W_t,continuous_causal_within_experiment,False,False,7,180,352,False,True,23.392887115478516,5,0.7971151657796933,0.7266729797979798,0.0,0.0,0.01079542230246366,1.0,0.9791045020783868,1.0,0.5,0.0,0.0,,False,0.0,0.0,180,0,352,0
post_fault_reset,ae_lstm,AE-LSTM,13,False,F7M,7,Constante de tempo do controlador PI elevada em 20%,M,MPPT (potência máxima),8,W_t,continuous_causal_within_experiment,False,False,7,180,359,True,True,23.392887115478516,5,0.7963933671720234,0.7194057567316621,0.0,0.0,0.010587155153602403,1.0,0.9791045020783868,1.0,0.5,0.0,0.0,,False,0.0,0.0,180,0,359,0
current_full,ae_lstm,AE-LSTM,29,False,F7M,7,Constante de tempo do controlador PI elevada em 20%,M,MPPT (potência máxima),8,W_t,continuous_causal_within_experiment,False,False,7,180,359,False,False,16.942502975463867,5,0.8394081862507545,0.7530640668523677,0.0,0.0,0.010587155153602403,1.0,0.9791045020783868,1.0,0.5,0.0,0.0,,False,0.0,0.0,180,0,359,0
transition,ae_lstm,AE-LSTM,29,False,F7M,7,Constante de tempo do controlador PI elevada em 20%,M,MPPT (potência máxima),8,W_t,continuous_causal_within_experiment,False,False,7,180,7,False,False,16.942502975463867,5,0.026798794334116388,0.3555555555555555,0.0,5.551115123125783e-17,0.35433043506668743,1.0,0.9791045020783868,1.0,0.5,0.0,0.0,,False,0.0,0.0,180,0,7,0
sustained,ae_lstm,AE-LSTM,29,False,F7M,7,Constante de tempo do controlador PI elevada em 20%,M,MPPT (potência máxima),8,W_t,continuous_causal_within_experiment,False,False,7,180,352,False,True,16.942502975463867,5,0.8409849244429821,0.7609690656565655,0.0,0.0,0.01079542230246366,1.0,0.9791045020783868,1.0,0.5,0.0,0.0,,False,0.0,0.0,180,0,352,0
post_fault_reset,ae_lstm,AE-LSTM,29,False,F7M,7,Constante de tempo do controlador PI elevada em 20%,M,MPPT (potência máxima),8,W_t,continuous_causal_within_experiment,False,False,7,180,359,True,True,16.942502975463867,5,0.8397329311049595,0.7539925719591457,0.0,0.0,0.010587155153602403,1.0,0.9791045020783868,1.0,0.5,0.0,0.0,,False,0.0,0.0,180,0,359,0
current_full,ae_lstm,AE-LSTM,42,True,F7M,7,Constante de tempo do controlador PI elevada em 20%,M,MPPT (potência máxima),8,W_t,continuous_causal_within_experiment,False,False,7,180,359,False,False,17.381608963012695,5,0.800703340378051,0.7305942432683379,0.0,0.0,0.010587155153602403,1.0,0.9791045020783868,1.0,0.5,0.0,0.0,,False,0.0,0.0,180,0,359,0
transition,ae_lstm,AE-LSTM,42,True,F7M,7,Constante de tempo do controlador PI elevada em 20%,M,MPPT (potência máxima),8,W_t,continuous_causal_within_experiment,False,False,7,180,7,False,False,17.381608963012695,5,0.02940412579864548,0.4182539682539682,0.0,5.551115123125783e-17,0.35433043506668743,1.0,0.9791045020783868,1.0,0.5,0.0,0.0,,False,0.0,0.0,180,0,7,0
sustained,ae_lstm,AE-LSTM,42,True,F7M,7,Constante de tempo do controlador PI elevada em 20%,M,MPPT (potência máxima),8,W_t,continuous_causal_within_experiment,False,False,7,180,352,False,True,17.381608963012695,5,0.8010879555350303,0.7368055555555555,0.0,0.0,0.01079542230246366,1.0,0.9791045020783868,1.0,0.5,0.0,0.0,,False,0.0,0.0,180,0,352,0
post_fault_reset,ae_lstm,AE-LSTM,42,True,F7M,7,Constante de tempo do controlador PI elevada em 20%,M,MPPT (potência máxima),8,W_t,continuous_causal_within_experiment,False,False,7,180,359,True,True,17.381608963012695,5,0.8009674809610359,0.7313370473537604,0.0,0.0,0.010587155153602403,1.0,0.9791045020783868,1.0,0.5,0.0,0.0,,False,0.0,0.0,180,0,359,0
current_full,ae_lstm,AE-LSTM,71,False,F7M,7,Constante de tempo do controlador PI elevada em 20%,M,MPPT (potência máxima),8,W_t,continuous_causal_within_experiment,False,False,7,180,359,False,False,20.02474594116211,5,0.814680779021359,0.7413958526771897,0.0,0.0,0.010587155153602403,1.0,0.9791045020783868,1.0,0.5,0.0,0.0,,False,0.0,0.0,180,0,359,0
transition,ae_lstm,AE-LSTM,71,False,F7M,7,Constante de tempo do controlador PI elevada em 20%,M,MPPT (potência máxima),8,W_t,continuous_causal_within_experiment,False,False,7,180,7,False,False,20.02474594116211,5,0.028631098915647423,0.392063492063492,0.0,5.551115123125783e-17,0.35433043506668743,1.0,0.9791045020783868,1.0,0.5,0.0,0.0,,False,0.0,0.0,180,0,7,0
sustained,ae_lstm,AE-LSTM,71,False,F7M,7,Constante de tempo do controlador PI elevada em 20%,M,MPPT (potência máxima),8,W_t,continuous_causal_within_experiment,False,False,7,180,352,False,True,20.02474594116211,5,0.8155314135343336,0.748342803030303,0.0,0.0,0.01079542230246366,1.0,0.9791045020783868,1.0,0.5,0.0,0.0,,False,0.0,0.0,180,0,352,0
post_fault_reset,ae_lstm,AE-LSTM,71,False,F7M,7,Constante de tempo do controlador PI elevada em 20%,M,MPPT (potência máxima),8,W_t,continuous_causal_within_experiment,False,False,7,180,359,True,True,20.02474594116211,5,0.8149708501668276,0.7416589291241102,0.0,0.0,0.010587155153602403,1.0,0.9791045020783868,1.0,0.5,0.0,0.0,,False,0.0,0.0,180,0,359,0
current_full,ae_lstm,AE-LSTM,101,False,F7M,7,Constante de tempo do controlador PI elevada em 20%,M,MPPT (potência máxima),8,W_t,continuous_causal_within_experiment,False,False,7,180,359,False,False,20.34963035583496,5,0.8329540930570383,0.745187248529867,0.0,0.0,0.010587155153602403,1.0,0.9791045020783868,1.0,0.5,0.0,0.0,,False,0.0,0.0,180,0,359,0
transition,ae_lstm,AE-LSTM,101,False,F7M,7,Constante de tempo do controlador PI elevada em 20%,M,MPPT (potência máxima),8,W_t,continuous_causal_within_experiment,False,False,7,180,7,False,False,20.34963035583496,5,0.02780639535053146,0.37857142857142856,0.0,5.551115123125783e-17,0.35433043506668743,1.0,0.9791045020783868,1.0,0.5,0.0,0.0,,False,0.0,0.0,180,0,7,0
sustained,ae_lstm,AE-LSTM,101,False,F7M,7,Constante de tempo do controlador PI elevada em 20%,M,MPPT (potência máxima),8,W_t,continuous_causal_within_experiment,False,False,7,180,352,False,True,20.34963035583496,5,0.8342587129861141,0.752477904040404,0.0,0.0,0.01079542230246366,1.0,0.9791045020783868,1.0,0.5,0.0,0.0,,False,0.0,0.0,180,0,352,0
post_fault_reset,ae_lstm,AE-LSTM,101,False,F7M,7,Constante de tempo do controlador PI elevada em 20%,M,MPPT (potência máxima),8,W_t,continuous_causal_within_experiment,False,False,7,180,359,True,True,20.34963035583496,5,0.8332867723968264,0.7458062519343857,0.0,0.0,0.010587155153602403,1.0,0.9791045020783868,1.0,0.5,0.0,0.0,,False,0.0,0.0,180,0,359,0
