scenario_id,component_id,evidence_type,time_hours,time_years,reliability,cumulative_failure_probability,failure_density_per_hour,hazard_per_hour,failure_density_per_year,hazard_per_year
contator_ac_derived,contator_ac,derived_sensitivity,0.0,0.0,1.0,0.0,2.1e-05,2.1e-05,0.18395999999999998,0.18395999999999998
contator_ac_derived,contator_ac,derived_sensitivity,438.0,0.05,0.990844172202978,0.009155827797021942,2.080772761626254e-05,2.1e-05,0.18227569391845985,0.18395999999999998
contator_ac_derived,contator_ac,derived_sensitivity,876.0,0.1,0.9817721735886048,0.018227826411395164,2.06172156453607e-05,2.1e-05,0.1806068090533597,0.18395999999999998
contator_ac_derived,contator_ac,derived_sensitivity,1314.0000000000002,0.15000000000000002,0.9727832366313196,0.027216763368680365,2.0428447969257712e-05,2.1e-05,0.17895320421069755,0.18395999999999998
contator_ac_derived,contator_ac,derived_sensitivity,1752.0,0.2,0.9638766008328936,0.03612339916710637,2.0241408617490763e-05,2.1e-05,0.17731473948921908,0.18395999999999998
contator_ac_derived,contator_ac,derived_sensitivity,2190.0,0.25,0.9550515126580889,0.044948487341911196,2.0056081765819866e-05,2.1e-05,0.17569127626858203,0.18395999999999998
contator_ac_derived,contator_ac,derived_sensitivity,2628.0000000000005,0.30000000000000004,0.946307225470906,0.05369277452909399,1.9872451734889023e-05,2.1e-05,0.17408267719762785,0.18395999999999998
contator_ac_derived,contator_ac,derived_sensitivity,3066.0000000000005,0.35000000000000003,0.9376429994714168,0.06235700052858322,1.969050298889975e-05,2.1e-05,0.17248880618276183,0.18395999999999998
contator_ac_derived,contator_ac,derived_sensitivity,3504.0,0.4,0.9290581016331734,0.07094189836682664,1.951022013429664e-05,2.1e-05,0.17090952837643855,0.18395999999999998
contator_ac_derived,contator_ac,derived_sensitivity,3942.0,0.45,0.9205518056411919,0.07944819435880808,1.933158791846503e-05,2.1e-05,0.16934471016575364,0.18395999999999998
contator_ac_derived,contator_ac,derived_sensitivity,4380.0,0.5,0.9121233918305035,0.08787660816949644,1.915459122844057e-05,2.1e-05,0.1677942191611394,0.18395999999999998
contator_ac_derived,contator_ac,derived_sensitivity,4818.0,0.55,0.9037721471252679,0.0962278528747321,1.8979215089630625e-05,2.1e-05,0.16625792418516427,0.18395999999999998
contator_ac_derived,contator_ac,derived_sensitivity,5256.000000000001,0.6000000000000001,0.8954973649784441,0.10450263502155585,1.8805444664547327e-05,2.1e-05,0.16473569526143458,0.18395999999999998
contator_ac_derived,contator_ac,derived_sensitivity,5694.0,0.65,0.8872983453120146,0.11270165468798538,1.8633265251552306e-05,2.1e-05,0.1632274036035982,0.18395999999999998
contator_ac_derived,contator_ac,derived_sensitivity,6132.000000000001,0.7000000000000001,0.8791743944577552,0.12082560554224472,1.846266228361286e-05,2.1e-05,0.16173292160444866,0.18395999999999998
contator_ac_derived,contator_ac,derived_sensitivity,6570.0,0.75,0.871124825098549,0.12887517490145092,1.829362132706953e-05,2.1e-05,0.16025212282512907,0.18395999999999998
contator_ac_derived,contator_ac,derived_sensitivity,7008.0,0.8,0.8631489562102359,0.13685104378976412,1.8126128080414952e-05,2.1e-05,0.158784881984435,0.18395999999999998
contator_ac_derived,contator_ac,derived_sensitivity,7446.000000000001,0.8500000000000001,0.8552461130039957,0.14475388699600428,1.796016837308391e-05,2.1e-05,0.15733107494821505,0.18395999999999998
contator_ac_derived,contator_ac,derived_sensitivity,7884.0,0.9,0.8474156268692588,0.15258437313074122,1.7795728164254433e-05,2.1e-05,0.15589057871886883,0.18395999999999998
contator_ac_derived,contator_ac,derived_sensitivity,8322.0,0.9500000000000001,0.8396568353171384,0.16034316468286156,1.7632793541659907e-05,2.1e-05,0.1544632714249408,0.18395999999999998
contator_ac_derived,contator_ac,derived_sensitivity,8760.0,1.0,0.8319690819243823,0.16803091807561768,1.7471350720412028e-05,2.1e-05,0.15304903231080938,0.18395999999999998
contator_ac_derived,contator_ac,derived_sensitivity,9198.0,1.05,0.8243517162778362,0.17564828372216376,1.731138604183456e-05,2.1e-05,0.15164774172647075,0.18395999999999998
contator_ac_derived,contator_ac,derived_sensitivity,9636.0,1.1,0.8168040939194169,0.18319590608058312,1.7152885972307753e-05,2.1e-05,0.15025928111741593,0.18395999999999998
contator_ac_derived,contator_ac,derived_sensitivity,10074.000000000002,1.1500000000000001,0.8093255762915881,0.19067442370841187,1.699583710212335e-05,2.1e-05,0.14888353301460053,0.18395999999999998
contator_ac_derived,contator_ac,derived_sensitivity,10512.000000000002,1.2000000000000002,0.8019155306833368,0.1980844693166632,1.684022614435007e-05,2.1e-05,0.14752038102450662,0.18395999999999998
contator_ac_derived,contator_ac,derived_sensitivity,10950.0,1.25,0.7945733301766428,0.20542666982335725,1.6686039933709496e-05,2.1e-05,0.1461697098192952,0.18395999999999998
contator_ac_derived,contator_ac,derived_sensitivity,11388.0,1.3,0.7872983535934391,0.21270164640656086,1.653326542546222e-05,2.1e-05,0.14483140512704906,0.18395999999999998
contator_ac_derived,contator_ac,derived_sensitivity,11826.0,1.35,0.7800899854430587,0.21991001455694129,1.6381889694304233e-05,2.1e-05,0.14350535372210507,0.18395999999999998
contator_ac_derived,contator_ac,derived_sensitivity,12264.000000000002,1.4000000000000001,0.7729476158701607,0.22705238412983933,1.6231899933273373e-05,2.1e-05,0.14219144341547474,0.18395999999999998
contator_ac_derived,contator_ac,derived_sensitivity,12702.000000000002,1.4500000000000002,0.7658706406031348,0.23412935939686516,1.608328345266583e-05,2.1e-05,0.1408895630453527,0.18395999999999998
contator_ac_derived,contator_ac,derived_sensitivity,13140.0,1.5,0.7588584609029777,0.2411415390970223,1.593602767896253e-05,2.1e-05,0.13959960246771178,0.18395999999999998
contator_ac_derived,contator_ac,derived_sensitivity,13578.0,1.55,0.7519104835126369,0.2480895164873631,1.5790120153765375e-05,2.1e-05,0.1383214525469847,0.18395999999999998
contator_ac_derived,contator_ac,derived_sensitivity,14016.0,1.6,0.7450261206068197,0.2549738793931803,1.5645548532743214e-05,2.1e-05,0.13705500514683056,0.18395999999999998
contator_ac_derived,contator_ac,derived_sensitivity,14454.000000000002,1.6500000000000001,0.7382047897422603,0.26179521025773966,1.5502300584587465e-05,2.1e-05,0.1358001531209862,0.18395999999999998
contator_ac_derived,contator_ac,derived_sensitivity,14892.000000000002,1.7000000000000002,0.7314459138084434,0.2685540861915566,1.536036418997731e-05,2.1e-05,0.13455679030420123,0.18395999999999998
contator_ac_derived,contator_ac,derived_sensitivity,15330.0,1.75,0.724748920978778,0.27525107902122203,1.5219727340554336e-05,2.1e-05,0.13332481150325598,0.18395999999999998
contator_ac_derived,contator_ac,derived_sensitivity,15768.0,1.8,0.7181132446622188,0.2818867553377812,1.5080378137906595e-05,2.1e-05,0.13210411248806178,0.18395999999999998
contator_ac_derived,contator_ac,derived_sensitivity,16206.0,1.85,0.7115383234553309,0.28846167654466914,1.4942304792561948e-05,2.1e-05,0.13089458998284267,0.18395999999999998
contator_ac_derived,contator_ac,derived_sensitivity,16644.0,1.9000000000000001,0.7050236010947921,0.2949763989052079,1.4805495622990634e-05,2.1e-05,0.12969614165739796,0.18395999999999998
contator_ac_derived,contator_ac,derived_sensitivity,17082.0,1.9500000000000002,0.698568526410332,0.30143147358966804,1.466993905461697e-05,2.1e-05,0.12850866611844466,0.18395999999999998
contator_ac_derived,contator_ac,derived_sensitivity,17520.0,2.0,0.6921725532780996,0.30782744672190043,1.453562361884009e-05,2.1e-05,0.12733206290103918,0.18395999999999998
contator_ac_derived,contator_ac,derived_sensitivity,17958.000000000004,2.0500000000000003,0.6858351405744603,0.31416485942553973,1.4402537952063665e-05,2.1e-05,0.12616623246007772,0.18395999999999998
contator_ac_derived,contator_ac,derived_sensitivity,18396.0,2.1,0.6795557521302142,0.3204442478697858,1.4270670794734499e-05,2.1e-05,0.1250110761618742,0.18395999999999998
contator_ac_derived,contator_ac,derived_sensitivity,18834.0,2.15,0.6733338566852343,0.32666614331476573,1.4140010990389918e-05,2.1e-05,0.12386649627581568,0.18395999999999998
contator_ac_derived,contator_ac,derived_sensitivity,19272.0,2.2,0.6671689278435196,0.3328310721564804,1.401054748471391e-05,2.1e-05,0.12273239596609385,0.18395999999999998
contator_ac_derived,contator_ac,derived_sensitivity,19710.0,2.25,0.6610604440286605,0.33893955597133946,1.388226932460187e-05,2.1e-05,0.12160867928351238,0.18395999999999998
contator_ac_derived,contator_ac,derived_sensitivity,20148.000000000004,2.3000000000000003,0.6550078884397112,0.34499211156028875,1.3755165657233936e-05,2.1e-05,0.12049525115736928,0.18395999999999998
contator_ac_derived,contator_ac,derived_sensitivity,20586.0,2.35,0.6490107490074664,0.35098925099253364,1.3629225729156793e-05,2.1e-05,0.11939201738741351,0.18395999999999998
contator_ac_derived,contator_ac,derived_sensitivity,21024.000000000004,2.4000000000000004,0.6430685183511377,0.3569314816488623,1.350443888537389e-05,2.1e-05,0.11829888463587528,0.18395999999999998
contator_ac_derived,contator_ac,derived_sensitivity,21462.0,2.45,0.6371806937354286,0.3628193062645713,1.3380794568444e-05,2.1e-05,0.11721576041956944,0.18395999999999998
contator_ac_derived,contator_ac,derived_sensitivity,21900.0,2.5,0.6313467770280001,0.36865322297199987,1.3258282317588003e-05,2.1e-05,0.1161425531020709,0.18395999999999998
contator_ac_derived,contator_ac,derived_sensitivity,22338.000000000004,2.5500000000000003,0.6255662746573268,0.3744337253426731,1.3136891767803862e-05,2.1e-05,0.11507917188596183,0.18395999999999998
contator_ac_derived,contator_ac,derived_sensitivity,22776.0,2.6,0.6198386975709399,0.3801613024290601,1.3016612648989737e-05,2.1e-05,0.1140255268051501,0.18395999999999998
contator_ac_derived,contator_ac,derived_sensitivity,23214.000000000004,2.6500000000000004,0.61416356119405,0.38583643880595,1.289743478507505e-05,2.1e-05,0.11298152871725743,0.18395999999999998
contator_ac_derived,contator_ac,derived_sensitivity,23652.0,2.7,0.6085403853885516,0.3914596146114484,1.2779348093159583e-05,2.1e-05,0.11194708929607795,0.18395999999999998
contator_ac_derived,contator_ac,derived_sensitivity,24090.0,2.75,0.6029686944124006,0.39703130558759936,1.2662342582660413e-05,2.1e-05,0.11092212102410522,0.18395999999999998
contator_ac_derived,contator_ac,derived_sensitivity,24528.000000000004,2.8000000000000003,0.5974480168793654,0.40255198312063456,1.2546408354466674e-05,2.1e-05,0.10990653718512806,0.18395999999999998
contator_ac_derived,contator_ac,derived_sensitivity,24966.0,2.85,0.5919778857191459,0.40802211428085416,1.2431535600102062e-05,2.1e-05,0.10890025185689406,0.18395999999999998
contator_ac_derived,contator_ac,derived_sensitivity,25404.000000000004,2.9000000000000004,0.5865578381378561,0.4134421618621439,1.2317714600894977e-05,2.1e-05,0.10790317990384,0.18395999999999998
contator_ac_derived,contator_ac,derived_sensitivity,25842.0,2.95,0.5811874155788724,0.4188125844211275,1.2204935727156321e-05,2.1e-05,0.10691523696988937,0.18395999999999998
contator_ac_derived,contator_ac,derived_sensitivity,26280.0,3.0,0.5758661636840361,0.42413383631596385,1.2093189437364757e-05,2.1e-05,0.10593633947131527,0.18395999999999998
contator_ac_derived,contator_ac,derived_sensitivity,26718.000000000004,3.0500000000000003,0.5705936322552133,0.42940636774478663,1.198246627735948e-05,2.1e-05,0.10496640458966904,0.18395999999999998
contator_ac_derived,contator_ac,derived_sensitivity,27156.0,3.1,0.5653693752162074,0.4346306247837926,1.1872756879540356e-05,2.1e-05,0.10400535026477352,0.18395999999999998
contator_ac_derived,contator_ac,derived_sensitivity,27594.000000000004,3.1500000000000004,0.560192950575018,0.4398070494249821,1.1764051962075376e-05,2.1e-05,0.10305309518778029,0.18395999999999998
contator_ac_derived,contator_ac,derived_sensitivity,28032.0,3.2,0.5550639203864475,0.4449360796135525,1.1656342328115397e-05,2.1e-05,0.10210955879429087,0.18395999999999998
contator_ac_derived,contator_ac,derived_sensitivity,28470.0,3.25,0.5499818507150492,0.45001814928495076,1.1549618865016034e-05,2.1e-05,0.10117466125754046,0.18395999999999998
contator_ac_derived,contator_ac,derived_sensitivity,28908.000000000004,3.3000000000000003,0.5449463115984148,0.4550536884015852,1.144387254356671e-05,2.1e-05,0.10024832348164438,0.18395999999999998
contator_ac_derived,contator_ac,derived_sensitivity,29346.0,3.35,0.5399568770107975,0.4600431229892025,1.1339094417226747e-05,2.1e-05,0.09933046709490631,0.18395999999999998
contator_ac_derived,contator_ac,derived_sensitivity,29784.000000000004,3.4000000000000004,0.5350131248270689,0.46498687517293114,1.1235275621368446e-05,2.1e-05,0.09842101444318758,0.18395999999999998
contator_ac_derived,contator_ac,derived_sensitivity,30222.0,3.45,0.5301146367870057,0.46988536321299434,1.1132407372527117e-05,2.1e-05,0.09751988858333754,0.18395999999999998
contator_ac_derived,contator_ac,derived_sensitivity,30660.0,3.5,0.5252609984599029,0.474739001540097,1.1030480967657961e-05,2.1e-05,0.09662701327668374,0.18395999999999998
contator_ac_derived,contator_ac,derived_sensitivity,31098.000000000004,3.5500000000000003,0.5204517992095122,0.47954820079048777,1.0929487783399757e-05,2.1e-05,0.09574231298258187,0.18395999999999998
contator_ac_derived,contator_ac,derived_sensitivity,31536.0,3.6,0.5156866321592998,0.4843133678407002,1.0829419275345295e-05,2.1e-05,0.09486571285202479,0.18395999999999998
contator_ac_derived,contator_ac,derived_sensitivity,31974.000000000004,3.6500000000000004,0.510965094158023,0.489034905841977,1.0730266977318483e-05,2.1e-05,0.09399713872130991,0.18395999999999998
contator_ac_derived,contator_ac,derived_sensitivity,32412.0,3.7,0.506286785745623,0.4937132142543769,1.0632022500658083e-05,2.1e-05,0.0931365171057648,0.18395999999999998
contator_ac_derived,contator_ac,derived_sensitivity,32850.0,3.75,0.5016513111194284,0.4983486888805716,1.0534677533507996e-05,2.1e-05,0.09228377519353005,0.18395999999999998
contator_ac_derived,contator_ac,derived_sensitivity,33288.0,3.8000000000000003,0.4970582781006686,0.5029417218993314,1.043822384011404e-05,2.1e-05,0.091438840839399,0.18395999999999998
contator_ac_derived,contator_ac,derived_sensitivity,33726.0,3.85,0.4925072981012947,0.5074927018987053,1.0342653260127187e-05,2.1e-05,0.09060164255871417,0.18395999999999998
contator_ac_derived,contator_ac,derived_sensitivity,34164.0,3.9000000000000004,0.4879979860911026,0.5120020139088973,1.0247957707913154e-05,2.1e-05,0.08977210952131923,0.18395999999999998
contator_ac_derived,contator_ac,derived_sensitivity,34602.0,3.95,0.48352996056515896,0.516470039434841,1.0154129171868337e-05,2.1e-05,0.08895017154556664,0.18395999999999998
contator_ac_derived,contator_ac,derived_sensitivity,35040.0,4.0,0.4791028435115236,0.5208971564884763,1.0061159713741995e-05,2.1e-05,0.08813575909237988,0.18395999999999998
contator_ac_derived,contator_ac,derived_sensitivity,35478.0,4.05,0.4747162603792685,0.5252837396207315,9.969041467964639e-06,2.1e-05,0.08732880325937023,0.18395999999999998
contator_ac_derived,contator_ac,derived_sensitivity,35916.00000000001,4.1000000000000005,0.47036984004678967,0.5296301599532104,9.877766640982582e-06,2.1e-05,0.08652923577500742,0.18395999999999998
contator_ac_derived,contator_ac,derived_sensitivity,36354.0,4.15,0.4660632147904086,0.5339367852095914,9.78732751059858e-06,2.1e-05,0.08573698899284356,0.18395999999999998
contator_ac_derived,contator_ac,derived_sensitivity,36792.0,4.2,0.4617960202532611,0.5382039797467388,9.697716425318483e-06,2.1e-05,0.08495199588578992,0.18395999999999998
contator_ac_derived,contator_ac,derived_sensitivity,37230.0,4.25,0.45756789541447224,0.5424321045855277,9.608925803703916e-06,2.1e-05,0.08417419004044631,0.18395999999999998
contator_ac_derived,contator_ac,derived_sensitivity,37668.0,4.3,0.4533784825586116,0.5466215174413884,9.520948133730843e-06,2.1e-05,0.08340350565148218,0.18395999999999998
contator_ac_derived,contator_ac,derived_sensitivity,38106.00000000001,4.3500000000000005,0.44922742724542974,0.5507725727545703,9.433775972154024e-06,2.1e-05,0.08263987751606926,0.18395999999999998
contator_ac_derived,contator_ac,derived_sensitivity,38544.0,4.4,0.44511437827987144,0.5548856217201286,9.3474019438773e-06,2.1e-05,0.08188324102836514,0.18395999999999998
contator_ac_derived,contator_ac,derived_sensitivity,38982.0,4.45,0.44103898768236244,0.5589610123176375,9.261818741329611e-06,2.1e-05,0.0811335321740474,0.18395999999999998
contator_ac_derived,contator_ac,derived_sensitivity,39420.0,4.5,0.43700091065936986,0.5629990893406301,9.177019123846767e-06,2.1e-05,0.08039068752489767,0.18395999999999998
contator_ac_derived,contator_ac,derived_sensitivity,39858.0,4.55,0.4329998055742309,0.5670001944257691,9.092995917058849e-06,2.1e-05,0.07965464423343552,0.18395999999999998
contator_ac_derived,contator_ac,derived_sensitivity,40296.00000000001,4.6000000000000005,0.4290353339182492,0.5709646660817508,9.009742012283232e-06,2.1e-05,0.07892534002760111,0.18395999999999998
contator_ac_derived,contator_ac,derived_sensitivity,40734.0,4.65,0.425107160282056,0.574892839717944,8.927250365923175e-06,2.1e-05,0.07820271320548701,0.18395999999999998
contator_ac_derived,contator_ac,derived_sensitivity,41172.0,4.7,0.42121495232723244,0.5787850476727675,8.845513998871881e-06,2.1e-05,0.07748670263011768,0.18395999999999998
contator_ac_derived,contator_ac,derived_sensitivity,41610.0,4.75,0.4173583807581935,0.5826416192418065,8.764525995922063e-06,2.1e-05,0.07677724772427727,0.18395999999999998
contator_ac_derived,contator_ac,derived_sensitivity,42048.00000000001,4.800000000000001,0.4135371192943275,0.5864628807056725,8.684279505180877e-06,2.1e-05,0.07607428846538448,0.18395999999999998
contator_ac_derived,contator_ac,derived_sensitivity,42486.00000000001,4.8500000000000005,0.40975084464239214,0.5902491553576078,8.604767737490234e-06,2.1e-05,0.07537776538041445,0.18395999999999998
contator_ac_derived,contator_ac,derived_sensitivity,42924.0,4.9,0.40599923646916214,0.5940007635308379,8.525983965852404e-06,2.1e-05,0.07468761954086706,0.18395999999999998
contator_ac_derived,contator_ac,derived_sensitivity,43362.0,4.95,0.40228197737432814,0.5977180226256719,8.447921524860891e-06,2.1e-05,0.0740037925577814,0.18395999999999998
contator_ac_derived,contator_ac,derived_sensitivity,43800.0,5.0,0.3985987528636433,0.6014012471363567,8.370573810136509e-06,2.1e-05,0.07332622657679581,0.18395999999999998
contator_ac_derived,contator_ac,derived_sensitivity,44238.00000000001,5.050000000000001,0.394949251322316,0.6050507486776839,8.293934277768636e-06,2.1e-05,0.07265486427325325,0.18395999999999998
contator_ac_derived,contator_ac,derived_sensitivity,44676.00000000001,5.1000000000000005,0.39133316398864615,0.6086668360113539,8.217996443761568e-06,2.1e-05,0.07198964884735133,0.18395999999999998
contator_ac_derived,contator_ac,derived_sensitivity,45114.0,5.15,0.3877501849279024,0.6122498150720976,8.142753883485951e-06,2.1e-05,0.07133052401933693,0.18395999999999998
contator_ac_derived,contator_ac,derived_sensitivity,45552.0,5.2,0.38420001100643913,0.6157999889935609,8.068200231135222e-06,2.1e-05,0.07067743402474454,0.18395999999999998
contator_ac_derived,contator_ac,derived_sensitivity,45990.0,5.25,0.38068234186605027,0.6193176581339498,7.994329179187055e-06,2.1e-05,0.0700303236096786,0.18395999999999998
contator_ac_derived,contator_ac,derived_sensitivity,46428.00000000001,5.300000000000001,0.3771968798985576,0.6228031201014425,7.92113447786971e-06,2.1e-05,0.06938913802613865,0.18395999999999998
contator_ac_derived,contator_ac,derived_sensitivity,46866.00000000001,5.3500000000000005,0.37374333022063244,0.6262566697793676,7.84860993463328e-06,2.1e-05,0.06875382302738754,0.18395999999999998
contator_ac_derived,contator_ac,derived_sensitivity,47304.0,5.4,0.3703214006488469,0.6296785993511531,7.776749413625784e-06,2.1e-05,0.06812432486336187,0.18395999999999998
contator_ac_derived,contator_ac,derived_sensitivity,47742.0,5.45,0.36693080167495407,0.6330691983250459,7.705546835174036e-06,2.1e-05,0.06750059027612455,0.18395999999999998
contator_ac_derived,contator_ac,derived_sensitivity,48180.0,5.5,0.363571246441395,0.6364287535586051,7.634996175269294e-06,2.1e-05,0.06688256649535901,0.18395999999999998
contator_ac_derived,contator_ac,derived_sensitivity,48618.00000000001,5.550000000000001,0.3602424507170289,0.6397575492829711,7.5650914650576055e-06,2.1e-05,0.06627020123390462,0.18395999999999998
contator_ac_derived,contator_ac,derived_sensitivity,49056.00000000001,5.6000000000000005,0.3569441328730866,0.6430558671269134,7.495826790334818e-06,2.1e-05,0.065663442683333,0.18395999999999998
contator_ac_derived,contator_ac,derived_sensitivity,49494.0,5.65,0.35367601385934333,0.6463239861406567,7.42719629104621e-06,2.1e-05,0.0650622395095648,0.18395999999999998
contator_ac_derived,contator_ac,derived_sensitivity,49932.0,5.7,0.3504378171805101,0.6495621828194899,7.359194160790712e-06,2.1e-05,0.06446654084852664,0.18395999999999998
contator_ac_derived,contator_ac,derived_sensitivity,50370.0,5.75,0.34722926887284106,0.6527707311271589,7.291814646329662e-06,2.1e-05,0.06387629630184784,0.18395999999999998
contator_ac_derived,contator_ac,derived_sensitivity,50808.00000000001,5.800000000000001,0.34405009748095544,0.6559499025190446,7.225052047100064e-06,2.1e-05,0.06329145593259657,0.18395999999999998
contator_ac_derived,contator_ac,derived_sensitivity,51246.00000000001,5.8500000000000005,0.3409000340348712,0.6590999659651289,7.158900714732295e-06,2.1e-05,0.0627119702610549,0.18395999999999998
contator_ac_derived,contator_ac,derived_sensitivity,51684.0,5.9,0.337778812027249,0.662221187972751,7.093355052572229e-06,2.1e-05,0.062137790260532726,0.18395999999999998
contator_ac_derived,contator_ac,derived_sensitivity,52122.0,5.95,0.3346861673908449,0.6653138326091551,7.028409515207743e-06,2.1e-05,0.06156886735321983,0.18395999999999998
contator_ac_derived,contator_ac,derived_sensitivity,52560.0,6.0,0.3316218384761691,0.6683781615238309,6.964058607999551e-06,2.1e-05,0.06100515340607607,0.18395999999999998
contator_ac_derived,contator_ac,derived_sensitivity,52998.00000000001,6.050000000000001,0.3285855660293494,0.6714144339706506,6.900296886616337e-06,2.1e-05,0.060446600726759114,0.18395999999999998
contator_ac_derived,contator_ac,derived_sensitivity,53436.00000000001,6.1000000000000005,0.3255770931701977,0.6744229068298023,6.837118956574151e-06,2.1e-05,0.05989316205958956,0.18395999999999998
contator_ac_derived,contator_ac,derived_sensitivity,53874.0,6.15,0.3225961653704764,0.6774038346295236,6.774519472780004e-06,2.1e-05,0.059344790581552835,0.18395999999999998
contator_ac_derived,contator_ac,derived_sensitivity,54312.0,6.2,0.31964253043236474,0.6803574695676353,6.712493139079659e-06,2.1e-05,0.05880143989833781,0.18395999999999998
contator_ac_derived,contator_ac,derived_sensitivity,54750.0,6.25,0.3167159384671217,0.6832840615328782,6.651034707809555e-06,2.1e-05,0.058263064040411705,0.18395999999999998
contator_ac_derived,contator_ac,derived_sensitivity,55188.00000000001,6.300000000000001,0.31381614187394447,0.6861838581260555,6.590138979352833e-06,2.1e-05,0.05772961745913082,0.18395999999999998
contator_ac_derived,contator_ac,derived_sensitivity,55626.00000000001,6.3500000000000005,0.3109428953190208,0.6890571046809792,6.529800801699436e-06,2.1e-05,0.05720105502288706,0.18395999999999998
contator_ac_derived,contator_ac,derived_sensitivity,56064.0,6.4,0.3080959557147725,0.6919040442852276,6.470015070010222e-06,2.1e-05,0.05667733201328954,0.18395999999999998
contator_ac_derived,contator_ac,derived_sensitivity,56502.0,6.45,0.3052750821992891,0.6947249178007109,6.410776726185071e-06,2.1e-05,0.05615840412138122,0.18395999999999998
contator_ac_derived,contator_ac,derived_sensitivity,56940.0,6.5,0.3024800361159507,0.6975199638840494,6.3520807584349646e-06,2.1e-05,0.05564422744389029,0.18395999999999998
contator_ac_derived,contator_ac,derived_sensitivity,57378.00000000001,6.550000000000001,0.29971058099323605,0.7002894190067639,6.293922200857957e-06,2.1e-05,0.055134758479515704,0.18395999999999998
contator_ac_derived,contator_ac,derived_sensitivity,57816.00000000001,6.6000000000000005,0.2969664825247166,0.7030335174752834,6.236296133019048e-06,2.1e-05,0.05462995412524686,0.18395999999999998
contator_ac_derived,contator_ac,derived_sensitivity,58254.0,6.65,0.294247508549233,0.705752491450767,6.179197679533892e-06,2.1e-05,0.054129771672716896,0.18395999999999998
contator_ac_derived,contator_ac,derived_sensitivity,58692.0,6.7,0.2915534290312535,0.7084465709687465,6.122622009656323e-06,2.1e-05,0.05363416880458939,0.18395999999999998
contator_ac_derived,contator_ac,derived_sensitivity,59130.0,6.75,0.28888401604141206,0.711115983958588,6.066564336869653e-06,2.1e-05,0.05314310359097816,0.18395999999999998
contator_ac_derived,contator_ac,derived_sensitivity,59568.00000000001,6.800000000000001,0.28623904373722475,0.7137609562627752,6.01101991848172e-06,2.1e-05,0.05265653448589987,0.18395999999999998
contator_ac_derived,contator_ac,derived_sensitivity,60006.00000000001,6.8500000000000005,0.28361828834398245,0.7163817116560175,5.955984055223631e-06,2.1e-05,0.052174420323759005,0.18395999999999998
contator_ac_derived,contator_ac,derived_sensitivity,60444.0,6.9,0.28102152813581893,0.7189784718641811,5.901452090852197e-06,2.1e-05,0.051696720315865245,0.18395999999999998
contator_ac_derived,contator_ac,derived_sensitivity,60882.0,6.95,0.27844854341695136,0.7215514565830486,5.847419411755978e-06,2.1e-05,0.05122339404698237,0.18395999999999998
contator_ac_derived,contator_ac,derived_sensitivity,61320.0,7.0,0.2758991165030942,0.7241008834969058,5.793881446564977e-06,2.1e-05,0.050754401471909204,0.18395999999999998
contator_ac_derived,contator_ac,derived_sensitivity,61758.00000000001,7.050000000000001,0.27337303170304134,0.7266269682969586,5.740833665763868e-06,2.1e-05,0.05028970291209148,0.18395999999999998
contator_ac_derived,contator_ac,derived_sensitivity,62196.00000000001,7.1000000000000005,0.27087007530041846,0.7291299246995815,5.688271581308787e-06,2.1e-05,0.04982925905226498,0.18395999999999998
contator_ac_derived,contator_ac,derived_sensitivity,62634.0,7.15,0.26839003553560153,0.7316099644643985,5.636190746247632e-06,2.1e-05,0.04937303093712926,0.18395999999999998
contator_ac_derived,contator_ac,derived_sensitivity,63072.0,7.2,0.26593270258780094,0.734067297412199,5.584586754343819e-06,2.1e-05,0.04892097996805186,0.18395999999999998
contator_ac_derived,contator_ac,derived_sensitivity,63510.0,7.25,0.2634978685573104,0.7365021314426896,5.533455239703518e-06,2.1e-05,0.04847306789980282,0.18395999999999998
contator_ac_derived,contator_ac,derived_sensitivity,63948.00000000001,7.300000000000001,0.2610853274479173,0.7389146725520827,5.4827918764062624e-06,2.1e-05,0.04802925683731886,0.18395999999999998
contator_ac_derived,contator_ac,derived_sensitivity,64386.00000000001,7.3500000000000005,0.2586948751494751,0.7413051248505249,5.4325923781389765e-06,2.1e-05,0.04758950923249743,0.18395999999999998
contator_ac_derived,contator_ac,derived_sensitivity,64824.0,7.4,0.25632630942063445,0.7436736905793656,5.382852497833323e-06,2.1e-05,0.04715378788101991,0.18395999999999998
contator_ac_derived,contator_ac,derived_sensitivity,65262.0,7.45,0.25397942987173294,0.7460205701282671,5.3335680273063915e-06,2.1e-05,0.04672205591920399,0.18395999999999998
contator_ac_derived,contator_ac,derived_sensitivity,65700.0,7.5,0.2516540379478415,0.7483459620521584,5.284734796904672e-06,2.1e-05,0.046294276820884925,0.18395999999999998
contator_ac_derived,contator_ac,derived_sensitivity,66138.0,7.550000000000001,0.24934993691196586,0.7506500630880342,5.2363486751512824e-06,2.1e-05,0.04587041439432524,0.18395999999999998
contator_ac_derived,contator_ac,derived_sensitivity,66576.0,7.6000000000000005,0.24706693182840161,0.7529330681715984,5.1884055683964335e-06,2.1e-05,0.045450432779152755,0.18395999999999998
contator_ac_derived,contator_ac,derived_sensitivity,67014.0,7.65,0.24480482954624225,0.7551951704537577,5.1409014204710865e-06,2.1e-05,0.04503429644332672,0.18395999999999998
contator_ac_derived,contator_ac,derived_sensitivity,67452.0,7.7,0.24256343868303754,0.7574365613169625,5.093832212343788e-06,2.1e-05,0.04462197018013158,0.18395999999999998
contator_ac_derived,contator_ac,derived_sensitivity,67890.0,7.75,0.24034256960860215,0.7596574303913979,5.047193961780645e-06,2.1e-05,0.04421341910519845,0.18395999999999998
contator_ac_derived,contator_ac,derived_sensitivity,68328.0,7.800000000000001,0.238142034428972,0.761857965571028,5.000982723008412e-06,2.1e-05,0.04380860865355369,0.18395999999999998
contator_ac_derived,contator_ac,derived_sensitivity,68766.0,7.8500000000000005,0.23596164697050787,0.7640383530294922,4.955194586380665e-06,2.1e-05,0.04340750457669463,0.18395999999999998
contator_ac_derived,contator_ac,derived_sensitivity,69204.0,7.9,0.2338012227641442,0.7661987772358558,4.9098256780470274e-06,2.1e-05,0.04301007293969196,0.18395999999999998
contator_ac_derived,contator_ac,derived_sensitivity,69642.0,7.95,0.23166057902978257,0.7683394209702175,4.864872159625434e-06,2.1e-05,0.0426162801183188,0.18395999999999998
contator_ac_derived,contator_ac,derived_sensitivity,70080.0,8.0,0.2295395346608275,0.7704604653391726,4.820330227877377e-06,2.1e-05,0.04222609279620582,0.18395999999999998
contator_ac_derived,contator_ac,derived_sensitivity,70518.0,8.05,0.2274379102088644,0.7725620897911356,4.776196114386152e-06,2.1e-05,0.0418394779620227,0.18395999999999998
contator_ac_derived,contator_ac,derived_sensitivity,70956.0,8.1,0.22535552786847748,0.7746444721315225,4.732466085238027e-06,2.1e-05,0.04145640290668512,0.18395999999999998
contator_ac_derived,contator_ac,derived_sensitivity,71394.0,8.15,0.2232922114622067,0.7767077885377933,4.6891364407063405e-06,2.1e-05,0.04107683522058754,0.18395999999999998
contator_ac_derived,contator_ac,derived_sensitivity,71832.00000000001,8.200000000000001,0.22124778642564247,0.7787522135743575,4.646203514938492e-06,2.1e-05,0.04070074279086119,0.18395999999999998
contator_ac_derived,contator_ac,derived_sensitivity,72270.0,8.25,0.2192220797926571,0.7807779202073429,4.603663675645798e-06,2.1e-05,0.04032809379865719,0.18395999999999998
contator_ac_derived,contator_ac,derived_sensitivity,72708.0,8.3,0.21721492018077052,0.7827850798192295,4.561513323796181e-06,2.1e-05,0.03995885671645454,0.18395999999999998
contator_ac_derived,contator_ac,derived_sensitivity,73146.0,8.35,0.2152261377766515,0.7847738622233484,4.5197488933096815e-06,2.1e-05,0.03959300030539281,0.18395999999999998
contator_ac_derived,contator_ac,derived_sensitivity,73584.0,8.4,0.21325556432175036,0.7867444356782496,4.478366850756757e-06,2.1e-05,0.03923049361262919,0.18395999999999998
contator_ac_derived,contator_ac,derived_sensitivity,74022.00000000001,8.450000000000001,0.21130303309806361,0.7886969669019364,4.437363695059336e-06,2.1e-05,0.03887130596871978,0.18395999999999998
contator_ac_derived,contator_ac,derived_sensitivity,74460.0,8.5,0.2093683789140294,0.7906316210859706,4.396735957194617e-06,2.1e-05,0.03851540698502485,0.18395999999999998
contator_ac_derived,contator_ac,derived_sensitivity,74898.0,8.55,0.20745143809055092,0.7925485619094491,4.356480199901569e-06,2.1e-05,0.03816276655113774,0.18395999999999998
contator_ac_derived,contator_ac,derived_sensitivity,75336.0,8.6,0.20555204844714925,0.7944479515528508,4.316593017390134e-06,2.1e-05,0.037813354832337574,0.18395999999999998
contator_ac_derived,contator_ac,derived_sensitivity,75774.0,8.65,0.20367004928824203,0.7963299507117579,4.277071035053083e-06,2.1e-05,0.037467142267065004,0.18395999999999998
contator_ac_derived,contator_ac,derived_sensitivity,76212.00000000001,8.700000000000001,0.20180528138954787,0.7981947186104521,4.237910909180505e-06,2.1e-05,0.03712409956442122,0.18395999999999998
contator_ac_derived,contator_ac,derived_sensitivity,76650.0,8.75,0.1999575869846157,0.8000424130153843,4.1991093266769296e-06,2.1e-05,0.036784197701689905,0.18395999999999998
contator_ac_derived,contator_ac,derived_sensitivity,77088.0,8.8,0.1981268097514765,0.8018731902485234,4.160663004781007e-06,2.1e-05,0.03644740792188162,0.18395999999999998
contator_ac_derived,contator_ac,derived_sensitivity,77526.0,8.85,0.19631279479941866,0.8036872052005813,4.122568690787791e-06,2.1e-05,0.03611370173130105,0.18395999999999998
contator_ac_derived,contator_ac,derived_sensitivity,77964.0,8.9,0.19451538865588305,0.805484611344117,4.084823161773544e-06,2.1e-05,0.03578305089713625,0.18395999999999998
contator_ac_derived,contator_ac,derived_sensitivity,78402.00000000001,8.950000000000001,0.19273443925347894,0.807265560746521,4.0474232243230575e-06,2.1e-05,0.035455427445069986,0.18395999999999998
contator_ac_derived,contator_ac,derived_sensitivity,78840.0,9.0,0.19096979591711855,0.8090302040828814,4.010365714259489e-06,2.1e-05,0.03513080365691312,0.18395999999999998
contator_ac_derived,contator_ac,derived_sensitivity,79278.0,9.05,0.18922130935126902,0.810778690648731,3.973647496376649e-06,2.1e-05,0.03480915206825945,0.18395999999999998
contator_ac_derived,contator_ac,derived_sensitivity,79716.0,9.1,0.18748883162732177,0.8125111683726782,3.937265464173757e-06,2.1e-05,0.03449044546616211,0.18395999999999998
contator_ac_derived,contator_ac,derived_sensitivity,80154.0,9.15,0.18577221617107717,0.8142277838289228,3.901216539592621e-06,2.1e-05,0.034174656886831356,0.18395999999999998
contator_ac_derived,contator_ac,derived_sensitivity,80592.00000000001,9.200000000000001,0.1840713177503436,0.8159286822496564,3.865497672757216e-06,2.1e-05,0.033861759613353214,0.18395999999999998
contator_ac_derived,contator_ac,derived_sensitivity,81030.0,9.25,0.18238599246265058,0.8176140075373494,3.830105841715662e-06,2.1e-05,0.0335517271734292,0.18395999999999998
contator_ac_derived,contator_ac,derived_sensitivity,81468.0,9.3,0.18071609772307362,0.8192839022769264,3.7950380521845457e-06,2.1e-05,0.03324453333713662,0.18395999999999998
contator_ac_derived,contator_ac,derived_sensitivity,81906.0,9.35,0.17906149225217138,0.8209385077478286,3.760291337295599e-06,2.1e-05,0.032940152114709444,0.18395999999999998
contator_ac_derived,contator_ac,derived_sensitivity,82344.0,9.4,0.17742203606403273,0.8225779639359673,3.725862757344687e-06,2.1e-05,0.03263855775433946,0.18395999999999998
contator_ac_derived,contator_ac,derived_sensitivity,82782.00000000001,9.450000000000001,0.17579759045443338,0.8242024095455667,3.691749399543101e-06,2.1e-05,0.032339724739997563,0.18395999999999998
contator_ac_derived,contator_ac,derived_sensitivity,83220.0,9.5,0.17418801798910122,0.8258119820108988,3.6579483777711255e-06,2.1e-05,0.03204362778927506,0.18395999999999998
contator_ac_derived,contator_ac,derived_sensitivity,83658.0,9.55,0.17259318249208844,0.8274068175079116,3.624456832333857e-06,2.1e-05,0.03175024185124459,0.18395999999999998
contator_ac_derived,contator_ac,derived_sensitivity,84096.00000000001,9.600000000000001,0.17101294903425085,0.8289870509657491,3.5912719297192677e-06,2.1e-05,0.031459542104340786,0.18395999999999998
contator_ac_derived,contator_ac,derived_sensitivity,84534.0,9.65,0.16944718392183244,0.8305528160781676,3.558390862358481e-06,2.1e-05,0.031171503954260295,0.18395999999999998
contator_ac_derived,contator_ac,derived_sensitivity,84972.00000000001,9.700000000000001,0.1678957546851538,0.8321042453148462,3.5258108483882297e-06,2.1e-05,0.030886103031880892,0.18395999999999998
contator_ac_derived,contator_ac,derived_sensitivity,85410.0,9.75,0.16635853006740553,0.8336414699325945,3.493529131415516e-06,2.1e-05,0.03060331519119992,0.18395999999999998
contator_ac_derived,contator_ac,derived_sensitivity,85848.0,9.8,0.16483538001354264,0.8351646199864573,3.4615429802843954e-06,2.1e-05,0.030323116507291303,0.18395999999999998
contator_ac_derived,contator_ac,derived_sensitivity,86286.00000000001,9.850000000000001,0.16332617565928192,0.836673824340718,3.42984968884492e-06,2.1e-05,0.030045483274281498,0.18395999999999998
contator_ac_derived,contator_ac,derived_sensitivity,86724.0,9.9,0.16183078932019945,0.8381692106798005,3.398446575724188e-06,2.1e-05,0.029770392003343887,0.18395999999999998
contator_ac_derived,contator_ac,derived_sensitivity,87162.00000000001,9.950000000000001,0.1603490944809275,0.8396509055190725,3.367330984099477e-06,2.1e-05,0.02949781942071142,0.18395999999999998
contator_ac_derived,contator_ac,derived_sensitivity,87600.0,10.0,0.1588809657844518,0.8411190342155482,3.3365002814734874e-06,2.1e-05,0.02922774246570775,0.18395999999999998
contator_ac_derived,contator_ac,derived_sensitivity,88038.0,10.05,0.1574262790215048,0.8425737209784951,3.3059518594516004e-06,2.1e-05,0.028960138288796018,0.18395999999999998
contator_ac_derived,contator_ac,derived_sensitivity,88476.00000000001,10.100000000000001,0.15598491112005794,0.844015088879942,3.2756831335212166e-06,2.1e-05,0.028694984249645856,0.18395999999999998
contator_ac_derived,contator_ac,derived_sensitivity,88914.0,10.15,0.15455674013490897,0.8454432598650911,3.2456915428330884e-06,2.1e-05,0.028432257915217855,0.18395999999999998
contator_ac_derived,contator_ac,derived_sensitivity,89352.00000000001,10.200000000000001,0.15314164523736462,0.8468583547626354,3.215974549984657e-06,2.1e-05,0.028171937057865595,0.18395999999999998
contator_ac_derived,contator_ac,derived_sensitivity,89790.0,10.25,0.15173950670501873,0.8482604932949812,3.186529640805393e-06,2.1e-05,0.027913999653455243,0.18395999999999998
contator_ac_derived,contator_ac,derived_sensitivity,90228.0,10.3,0.15035020591162251,0.8496497940883775,3.1573543241440726e-06,2.1e-05,0.027658423879502077,0.18395999999999998
contator_ac_derived,contator_ac,derived_sensitivity,90666.00000000001,10.350000000000001,0.14897362531704889,0.8510263746829512,3.1284461316580266e-06,2.1e-05,0.027405188113324312,0.18395999999999998
contator_ac_derived,contator_ac,derived_sensitivity,91104.0,10.4,0.14760964845734792,0.8523903515426521,3.099802617604306e-06,2.1e-05,0.02715427093021372,0.18395999999999998
contator_ac_derived,contator_ac,derived_sensitivity,91542.00000000001,10.450000000000001,0.14625815993489347,0.8537418400651066,3.0714213586327625e-06,2.1e-05,0.026905651101623,0.18395999999999998
contator_ac_derived,contator_ac,derived_sensitivity,91980.0,10.5,0.14491904540862036,0.8550809545913797,3.043299953581027e-06,2.1e-05,0.026659307593369798,0.18395999999999998
contator_ac_derived,contator_ac,derived_sensitivity,92418.0,10.55,0.14359219158435022,0.8564078084156498,3.0154360232713545e-06,2.1e-05,0.026415219563857065,0.18395999999999998
contator_ac_derived,contator_ac,derived_sensitivity,92856.00000000001,10.600000000000001,0.1422774862052069,0.8577225137947931,2.9878272103093443e-06,2.1e-05,0.026173366362309856,0.18395999999999998
contator_ac_derived,contator_ac,derived_sensitivity,93294.0,10.65,0.14097481804211887,0.8590251819578811,2.960471178884496e-06,2.1e-05,0.025933727527028185,0.18395999999999998
contator_ac_derived,contator_ac,derived_sensitivity,93732.00000000001,10.700000000000001,0.1396840768844087,0.8603159231155914,2.9333656145725826e-06,2.1e-05,0.02569628278365582,0.18395999999999998
contator_ac_derived,contator_ac,derived_sensitivity,94170.0,10.75,0.13840515353046912,0.8615948464695309,2.9065082241398513e-06,2.1e-05,0.025461012043465098,0.18395999999999998
contator_ac_derived,contator_ac,derived_sensitivity,94608.0,10.8,0.13713793977852376,0.8628620602214763,2.8798967353489986e-06,2.1e-05,0.02522789540165723,0.18395999999999998
contator_ac_derived,contator_ac,derived_sensitivity,95046.00000000001,10.850000000000001,0.1358823284174732,0.8641176715825268,2.8535288967669367e-06,2.1e-05,0.024996913135678367,0.18395999999999998
contator_ac_derived,contator_ac,derived_sensitivity,95484.0,10.9,0.1346382132178245,0.8653617867821755,2.827402477574314e-06,2.1e-05,0.02476804570355099,0.18395999999999998
contator_ac_derived,contator_ac,derived_sensitivity,95922.00000000001,10.950000000000001,0.1334054889227033,0.8665945110772967,2.801515267376769e-06,2.1e-05,0.024541273742220496,0.18395999999999998
contator_ac_derived,contator_ac,derived_sensitivity,96360.0,11.0,0.13218405123894958,0.8678159487610504,2.775865076017941e-06,2.1e-05,0.024316578065917163,0.18395999999999998
contator_ac_derived,contator_ac,derived_sensitivity,96798.0,11.05,0.13097379682829302,0.869026203171707,2.7504497333941535e-06,2.1e-05,0.024093939664532785,0.18395999999999998
contator_ac_derived,contator_ac,derived_sensitivity,97236.00000000001,11.100000000000001,0.12977462329861097,0.870225376701389,2.7252670892708302e-06,2.1e-05,0.023873339702012473,0.18395999999999998
contator_ac_derived,contator_ac,derived_sensitivity,97674.0,11.15,0.12858642919526553,0.8714135708047345,2.7003150131005758e-06,2.1e-05,0.023654759514761044,0.18395999999999998
contator_ac_derived,contator_ac,derived_sensitivity,98112.00000000001,11.200000000000001,0.12740911399251967,0.8725908860074804,2.675591393842913e-06,2.1e-05,0.023438180610063915,0.18395999999999998
contator_ac_derived,contator_ac,derived_sensitivity,98550.0,11.25,0.12624257808503309,0.873757421914967,2.6510941397856946e-06,2.1e-05,0.023223584664522685,0.18395999999999998
contator_ac_derived,contator_ac,derived_sensitivity,98988.0,11.3,0.12508672277943442,0.8749132772205656,2.6268211783681226e-06,2.1e-05,0.023010953522504755,0.18395999999999998
contator_ac_derived,contator_ac,derived_sensitivity,99426.00000000001,11.350000000000001,0.12394145028597209,0.876058549714028,2.6027704560054137e-06,2.1e-05,0.022800269194607425,0.18395999999999998
contator_ac_derived,contator_ac,derived_sensitivity,99864.0,11.4,0.12280666371024061,0.8771933362897594,2.5789399379150526e-06,2.1e-05,0.02259151385613586,0.18395999999999998
contator_ac_derived,contator_ac,derived_sensitivity,100302.00000000001,11.450000000000001,0.1216822670449828,0.8783177329550171,2.555327607944639e-06,2.1e-05,0.022384669845595038,0.18395999999999998
contator_ac_derived,contator_ac,derived_sensitivity,100740.0,11.5,0.12056816516196776,0.8794318348380322,2.531931468401323e-06,2.1e-05,0.02217971966319559,0.18395999999999998
contator_ac_derived,contator_ac,derived_sensitivity,101178.0,11.55,0.11946426380394187,0.8805357361960581,2.508749539882779e-06,2.1e-05,0.021976645969373144,0.18395999999999998
contator_ac_derived,contator_ac,derived_sensitivity,101616.00000000001,11.600000000000001,0.11837046957665492,0.881629530423345,2.485779861109753e-06,2.1e-05,0.021775431583321438,0.18395999999999998
contator_ac_derived,contator_ac,derived_sensitivity,102054.0,11.65,0.11728668994095849,0.8827133100590415,2.4630204887601284e-06,2.1e-05,0.021576059481538724,0.18395999999999998
contator_ac_derived,contator_ac,derived_sensitivity,102492.00000000001,11.700000000000001,0.11621283320497632,0.8837871667950237,2.4404694973045024e-06,2.1e-05,0.02137851279638744,0.18395999999999998
contator_ac_derived,contator_ac,derived_sensitivity,102930.0,11.75,0.11514880851634757,0.8848511914836524,2.4181249788432988e-06,2.1e-05,0.021182774814667297,0.18395999999999998
contator_ac_derived,contator_ac,derived_sensitivity,103368.0,11.8,0.11409452585453964,0.8859054741454604,2.395985042945332e-06,2.1e-05,0.02098882897620111,0.18395999999999998
contator_ac_derived,contator_ac,derived_sensitivity,103806.00000000001,11.850000000000001,0.1130498960232326,0.8869501039767674,2.3740478164878845e-06,2.1e-05,0.020796658872433867,0.18395999999999998
contator_ac_derived,contator_ac,derived_sensitivity,104244.0,11.9,0.11201483064277264,0.8879851693572274,2.3523114434982252e-06,2.1e-05,0.020606248245044454,0.18395999999999998
contator_ac_derived,contator_ac,derived_sensitivity,104682.00000000001,11.950000000000001,0.11098924214269483,0.8890107578573052,2.3307740849965912e-06,2.1e-05,0.02041758098457014,0.18395999999999998
contator_ac_derived,contator_ac,derived_sensitivity,105120.0,12.0,0.1099730437543144,0.8900269562456856,2.309433918840602e-06,2.1e-05,0.020230641129043676,0.18395999999999998
contator_ac_derived,contator_ac,derived_sensitivity,105558.0,12.05,0.10896614950338553,0.8910338504966144,2.2882891395710957e-06,2.1e-05,0.0200454128626428,0.18395999999999998
contator_ac_derived,contator_ac,derived_sensitivity,105996.00000000001,12.100000000000001,0.10796847420282793,0.892031525797172,2.2673379582593866e-06,2.1e-05,0.019861880514352226,0.18395999999999998
contator_ac_derived,contator_ac,derived_sensitivity,106434.0,12.15,0.10697993344551968,0.8930200665544803,2.246578602355913e-06,2.1e-05,0.019680028556637797,0.18395999999999998
contator_ac_derived,contator_ac,derived_sensitivity,106872.00000000001,12.200000000000001,0.10600044359715557,0.8939995564028445,2.226009315540267e-06,2.1e-05,0.019499841604132737,0.18395999999999998
contator_ac_derived,contator_ac,derived_sensitivity,107310.0,12.25,0.10502992178917213,0.8949700782108279,2.2056283575726146e-06,2.1e-05,0.019321304412336104,0.18395999999999998
contator_ac_derived,contator_ac,derived_sensitivity,107748.0,12.3,0.10406828591173578,0.8959317140882642,2.185434004146451e-06,2.1e-05,0.019144401876322912,0.18395999999999998
contator_ac_derived,contator_ac,derived_sensitivity,108186.00000000001,12.350000000000001,0.10311545460679668,0.8968845453932033,2.16542454674273e-06,2.1e-05,0.018969119029466314,0.18395999999999998
contator_ac_derived,contator_ac,derived_sensitivity,108624.0,12.4,0.1021713472612052,0.8978286527387948,2.1455982924853092e-06,2.1e-05,0.018795441042171308,0.18395999999999998
contator_ac_derived,contator_ac,derived_sensitivity,109062.00000000001,12.450000000000001,0.10123588399989188,0.8987641160001081,2.1259535639977293e-06,2.1e-05,0.018623353220620108,0.18395999999999998
contator_ac_derived,contator_ac,derived_sensitivity,109500.0,12.5,0.10030898567910962,0.8996910143208904,2.106488699261302e-06,2.1e-05,0.018452841005529005,0.18395999999999998
contator_ac_derived,contator_ac,derived_sensitivity,109938.0,12.55,0.09939057387973775,0.9006094261202623,2.0872020514744926e-06,2.1e-05,0.018283889970916557,0.18395999999999998
contator_ac_derived,contator_ac,derived_sensitivity,110376.00000000001,12.600000000000001,0.09848057090064764,0.9015194290993523,2.0680919889136003e-06,2.1e-05,0.018116485822883138,0.18395999999999998
contator_ac_derived,contator_ac,derived_sensitivity,110814.0,12.65,0.09757889975212894,0.902421100247871,2.0491568947947074e-06,2.1e-05,0.017950614398401638,0.18395999999999998
contator_ac_derived,contator_ac,derived_sensitivity,111252.00000000001,12.700000000000001,0.09668548414937553,0.9033145158506245,2.030395167136886e-06,2.1e-05,0.017786261664119122,0.18395999999999998
contator_ac_derived,contator_ac,derived_sensitivity,111690.0,12.75,0.09580024850603219,0.9041997514939678,2.011805218626676e-06,2.1e-05,0.01762341371516968,0.18395999999999998
contator_ac_derived,contator_ac,derived_sensitivity,112128.0,12.8,0.09492311792779905,0.9050768820722009,1.99338547648378e-06,2.1e-05,0.017462056773997914,0.18395999999999998
contator_ac_derived,contator_ac,derived_sensitivity,112566.00000000001,12.850000000000001,0.09405401820609567,0.9059459817939043,1.975134382328009e-06,2.1e-05,0.017302177189193357,0.18395999999999998
contator_ac_derived,contator_ac,derived_sensitivity,113004.0,12.9,0.09319287581178273,0.9068071241882173,1.957050392047437e-06,2.1e-05,0.01714376143433555,0.18395999999999998
contator_ac_derived,contator_ac,derived_sensitivity,113442.00000000001,12.950000000000001,0.0923396178889408,0.9076603821110593,1.9391319756677566e-06,2.1e-05,0.01698679610684955,0.18395999999999998
contator_ac_derived,contator_ac,derived_sensitivity,113880.0,13.0,0.09149417224870685,0.9085058277512932,1.9213776172228437e-06,2.1e-05,0.01683126792687211,0.18395999999999998
contator_ac_derived,contator_ac,derived_sensitivity,114318.0,13.05,0.09065646736316665,0.9093435326368333,1.9037858146264995e-06,2.1e-05,0.016677163736128136,0.18395999999999998
contator_ac_derived,contator_ac,derived_sensitivity,114756.00000000001,13.100000000000001,0.08982643235930311,0.9101735676406969,1.8863550795453652e-06,2.1e-05,0.0165244704968174,0.18395999999999998
contator_ac_derived,contator_ac,derived_sensitivity,115194.0,13.15,0.08900399701300053,0.9109960029869995,1.869083937273011e-06,2.1e-05,0.016373175290511577,0.18395999999999998
contator_ac_derived,contator_ac,derived_sensitivity,115632.00000000001,13.200000000000001,0.0881890917431028,0.9118109082568971,1.8519709266051587e-06,2.1e-05,0.01622326531706119,0.18395999999999998
contator_ac_derived,contator_ac,derived_sensitivity,116070.0,13.25,0.08738164760552722,0.9126183523944728,1.8350145997160714e-06,2.1e-05,0.016074727893512785,0.18395999999999998
contator_ac_derived,contator_ac,derived_sensitivity,116508.0,13.3,0.08658159628743095,0.913418403712569,1.8182135220360499e-06,2.1e-05,0.0159275504530358,0.18395999999999998
contator_ac_derived,contator_ac,derived_sensitivity,116946.00000000001,13.350000000000001,0.08578887010143192,0.9142111298985681,1.8015662721300703e-06,2.1e-05,0.015781720543859415,0.18395999999999998
contator_ac_derived,contator_ac,derived_sensitivity,117384.0,13.4,0.08500340197988215,0.9149965980201178,1.7850714415775252e-06,2.1e-05,0.01563722582821912,0.18395999999999998
contator_ac_derived,contator_ac,derived_sensitivity,117822.00000000001,13.450000000000001,0.08422512546919332,0.9157748745308066,1.7687276348530596e-06,2.1e-05,0.015494054081312802,0.18395999999999998
contator_ac_derived,contator_ac,derived_sensitivity,118260.0,13.5,0.08345397472421481,0.9165460252757852,1.752533469208511e-06,2.1e-05,0.015352193190266556,0.18395999999999998
contator_ac_derived,contator_ac,derived_sensitivity,118698.0,13.55,0.08268988450266287,0.9173101154973371,1.7364875745559203e-06,2.1e-05,0.015211631153109861,0.18395999999999998
contator_ac_derived,contator_ac,derived_sensitivity,119136.00000000001,13.600000000000001,0.08193279015960087,0.9180672098403991,1.720588593351618e-06,2.1e-05,0.015072356077760175,0.18395999999999998
contator_ac_derived,contator_ac,derived_sensitivity,119574.0,13.65,0.08118262764197005,0.91881737235803,1.704835180481371e-06,2.1e-05,0.01493435618101681,0.18395999999999998
contator_ac_derived,contator_ac,derived_sensitivity,120012.00000000001,13.700000000000001,0.08043933348317038,0.9195606665168297,1.6892260031465778e-06,2.1e-05,0.014797619787564022,0.18395999999999998
contator_ac_derived,contator_ac,derived_sensitivity,120450.0,13.75,0.07970284479769128,0.9202971552023087,1.6737597407515169e-06,2.1e-05,0.014662135328983288,0.18395999999999998
contator_ac_derived,contator_ac,derived_sensitivity,120888.0,13.8,0.07897309927579085,0.9210269007242091,1.6584350847916079e-06,2.1e-05,0.014527891342774485,0.18395999999999998
contator_ac_derived,contator_ac,derived_sensitivity,121326.00000000001,13.850000000000001,0.07825003517822456,0.9217499648217754,1.6432507387427156e-06,2.1e-05,0.014394876471386188,0.18395999999999998
contator_ac_derived,contator_ac,derived_sensitivity,121764.0,13.9,0.07753359133102186,0.9224664086689781,1.628205417951459e-06,2.1e-05,0.01426307946125478,0.18395999999999998
contator_ac_derived,contator_ac,derived_sensitivity,122202.00000000001,13.950000000000001,0.07682370712031031,0.9231762928796897,1.6132978495265163e-06,2.1e-05,0.014132489161852283,0.18395999999999998
contator_ac_derived,contator_ac,derived_sensitivity,122640.0,14.0,0.07612032248718793,0.9238796775128121,1.5985267722309464e-06,2.1e-05,0.014003094524743092,0.18395999999999998
contator_ac_derived,contator_ac,derived_sensitivity,123078.0,14.05,0.07542337792264146,0.9245766220773586,1.5838909363754706e-06,2.1e-05,0.013874884602649122,0.18395999999999998
contator_ac_derived,contator_ac,derived_sensitivity,123516.00000000001,14.100000000000001,0.07473281446251205,0.925267185537488,1.569389103712753e-06,2.1e-05,0.013747848548523716,0.18395999999999998
contator_ac_derived,contator_ac,derived_sensitivity,123954.0,14.15,0.07404857368250649,0.9259514263174935,1.5550200473326361e-06,2.1e-05,0.013621975614633892,0.18395999999999998
contator_ac_derived,contator_ac,derived_sensitivity,124392.00000000001,14.200000000000001,0.07337059769325437,0.9266294023067456,1.5407825515583415e-06,2.1e-05,0.013497255151651072,0.18395999999999998
contator_ac_derived,contator_ac,derived_sensitivity,124830.0,14.25,0.07269882913541038,0.9273011708645896,1.526675411843618e-06,2.1e-05,0.013373676607750093,0.18395999999999998
contator_ac_derived,contator_ac,derived_sensitivity,125268.0,14.3,0.07203321117480145,0.9279667888251986,1.5126974346708303e-06,2.1e-05,0.013251229527716474,0.18395999999999998
contator_ac_derived,contator_ac,derived_sensitivity,125706.00000000001,14.350000000000001,0.07137368749761841,0.9286263125023816,1.4988474374499864e-06,2.1e-05,0.01312990355206188,0.18395999999999998
contator_ac_derived,contator_ac,derived_sensitivity,126144.0,14.4,0.07072020230565179,0.9292797976943482,1.4851242484186876e-06,2.1e-05,0.013009688416147703,0.18395999999999998
contator_ac_derived,contator_ac,derived_sensitivity,126582.00000000001,14.450000000000001,0.07007270031157066,0.9299272996884294,1.4715267065429838e-06,2.1e-05,0.012890573949316537,0.18395999999999998
contator_ac_derived,contator_ac,derived_sensitivity,127020.0,14.5,0.06943112673424562,0.9305688732657544,1.4580536614191579e-06,2.1e-05,0.012772550074031823,0.18395999999999998
contator_ac_derived,contator_ac,derived_sensitivity,127458.0,14.55,0.06879542729411366,0.9312045727058863,1.4447039731763868e-06,2.1e-05,0.012655606805025149,0.18395999999999998
contator_ac_derived,contator_ac,derived_sensitivity,127896.00000000001,14.600000000000001,0.0681655482085862,0.9318344517914138,1.43147651238031e-06,2.1e-05,0.012539734248451517,0.18395999999999998
contator_ac_derived,contator_ac,derived_sensitivity,128334.0,14.65,0.06754143618749879,0.9324585638125013,1.4183701599374746e-06,2.1e-05,0.012424922601052277,0.18395999999999998
contator_ac_derived,contator_ac,derived_sensitivity,128772.00000000001,14.700000000000001,0.0669230384286025,0.9330769615713975,1.4053838070006526e-06,2.1e-05,0.012311162149325717,0.18395999999999998
contator_ac_derived,contator_ac,derived_sensitivity,129210.0,14.75,0.06631030261309676,0.9336896973869032,1.3925163548750319e-06,2.1e-05,0.01219844326870528,0.18395999999999998
contator_ac_derived,contator_ac,derived_sensitivity,129648.0,14.8,0.06570317690120282,0.9342968230987971,1.3797667149252593e-06,2.1e-05,0.012086756422745272,0.18395999999999998
contator_ac_derived,contator_ac,derived_sensitivity,130086.00000000001,14.850000000000001,0.06510160992777811,0.9348983900722219,1.3671338084833401e-06,2.1e-05,0.011976092162314059,0.18395999999999998
contator_ac_derived,contator_ac,derived_sensitivity,130524.0,14.9,0.0645055507979705,0.9354944492020295,1.3546165667573805e-06,2.1e-05,0.011866441124794654,0.18395999999999998
contator_ac_derived,contator_ac,derived_sensitivity,130962.00000000001,14.950000000000001,0.0639149490829122,0.9360850509170878,1.3422139307411561e-06,2.1e-05,0.011757794033292527,0.18395999999999998
contator_ac_derived,contator_ac,derived_sensitivity,131400.0,15.0,0.06332975481545366,0.9366702451845463,1.329924851124527e-06,2.1e-05,0.011650141695850857,0.18395999999999998
contator_ac_derived,contator_ac,derived_sensitivity,131838.0,15.05,0.06274991848593575,0.9372500815140643,1.3177482882046507e-06,2.1e-05,0.01154347500467274,0.18395999999999998
contator_ac_derived,contator_ac,derived_sensitivity,132276.0,15.100000000000001,0.062175391038001356,0.9378246089619986,1.3056832117980283e-06,2.1e-05,0.011437784935350729,0.18395999999999998
contator_ac_derived,contator_ac,derived_sensitivity,132714.0,15.15,0.06160612386444491,0.9383938761355551,1.2937286011533431e-06,2.1e-05,0.011333062546103286,0.18395999999999998
contator_ac_derived,contator_ac,derived_sensitivity,133152.0,15.200000000000001,0.06104206880310005,0.9389579311969,1.281883444865101e-06,2.1e-05,0.011229298977018284,0.18395999999999998
contator_ac_derived,contator_ac,derived_sensitivity,133590.0,15.25,0.060483178132764895,0.9395168218672351,1.2701467407880628e-06,2.1e-05,0.01112648544930343,0.18395999999999998
contator_ac_derived,contator_ac,derived_sensitivity,134028.0,15.3,0.05992940456916472,0.9400705954308353,1.258517495952459e-06,2.1e-05,0.01102461326454354,0.18395999999999998
contator_ac_derived,contator_ac,derived_sensitivity,134466.0,15.350000000000001,0.059380701260951387,0.9406192987390486,1.246994726479979e-06,2.1e-05,0.010923673803964617,0.18395999999999998
contator_ac_derived,contator_ac,derived_sensitivity,134904.0,15.4,0.05883702178573971,0.9411629782142603,1.235577457500534e-06,2.1e-05,0.010823658527704677,0.18395999999999998
contator_ac_derived,contator_ac,derived_sensitivity,135342.0,15.450000000000001,0.05829832014617985,0.9417016798538201,1.2242647230697768e-06,2.1e-05,0.010724558974091244,0.18395999999999998
contator_ac_derived,contator_ac,derived_sensitivity,135780.0,15.5,0.057764550766065764,0.9422354492339342,1.213055566087381e-06,2.1e-05,0.010626366758925457,0.18395999999999998
contator_ac_derived,contator_ac,derived_sensitivity,136218.0,15.55,0.05723566848647933,0.9427643315135207,1.201949038216066e-06,2.1e-05,0.010529073574772738,0.18395999999999998
contator_ac_derived,contator_ac,derived_sensitivity,136656.0,15.600000000000001,0.05671162856196969,0.9432883714380303,1.1909441998013635e-06,2.1e-05,0.010432671190259944,0.18395999999999998
contator_ac_derived,contator_ac,derived_sensitivity,137094.0,15.65,0.05619238665676762,0.9438076133432324,1.18004011979212e-06,2.1e-05,0.010337151449378973,0.18395999999999998
contator_ac_derived,contator_ac,derived_sensitivity,137532.0,15.700000000000001,0.055677898841034586,0.9443221011589654,1.1692358756617263e-06,2.1e-05,0.010242506270796722,0.18395999999999998
contator_ac_derived,contator_ac,derived_sensitivity,137970.0,15.75,0.05516812158714606,0.944831878412854,1.1585305533300673e-06,2.1e-05,0.01014872764717139,0.18395999999999998
contator_ac_derived,contator_ac,derived_sensitivity,138408.0,15.8,0.05466301176600898,0.945336988233991,1.1479232470861886e-06,2.1e-05,0.010055807644475011,0.18395999999999998
contator_ac_derived,contator_ac,derived_sensitivity,138846.0,15.850000000000001,0.05416252664341284,0.9458374733565872,1.1374130595116695e-06,2.1e-05,0.009963738401322225,0.18395999999999998
contator_ac_derived,contator_ac,derived_sensitivity,139284.0,15.9,0.05366662387641414,0.9463333761235858,1.1269991014046969e-06,2.1e-05,0.009872512128305144,0.18395999999999998
contator_ac_derived,contator_ac,derived_sensitivity,139722.0,15.950000000000001,0.05317526150975414,0.9468247384902458,1.116680491704837e-06,2.1e-05,0.009782121107334372,0.18395999999999998
contator_ac_derived,contator_ac,derived_sensitivity,140160.0,16.0,0.052688397972309224,0.9473116020276908,1.1064563574184937e-06,2.1e-05,0.009692557690986004,0.18395999999999998
contator_ac_derived,contator_ac,derived_sensitivity,140598.0,16.05,0.05220599207357379,0.9477940079264262,1.0963258335450496e-06,2.1e-05,0.009603814301854634,0.18395999999999998
contator_ac_derived,contator_ac,derived_sensitivity,141036.0,16.1,0.05172800300017546,0.9482719969998246,1.0862880630036845e-06,2.1e-05,0.009515883431912276,0.18395999999999998
contator_ac_derived,contator_ac,derived_sensitivity,141474.00000000003,16.150000000000002,0.051254390312421995,0.948745609687578,1.0763421965608617e-06,2.1e-05,0.00942875764187315,0.18395999999999998
contator_ac_derived,contator_ac,derived_sensitivity,141912.0,16.2,0.05078511394088013,0.9492148860591199,1.0664873927584827e-06,2.1e-05,0.009342429560564308,0.18395999999999998
contator_ac_derived,contator_ac,derived_sensitivity,142350.0,16.25,0.05032013418298529,0.9496798658170147,1.0567228178426911e-06,2.1e-05,0.009256891884301973,0.18395999999999998
contator_ac_derived,contator_ac,derived_sensitivity,142788.0,16.3,0.04985941169968284,0.9501405883003171,1.0470476456933395e-06,2.1e-05,0.009172137376273653,0.18395999999999998
contator_ac_derived,contator_ac,derived_sensitivity,143226.0,16.35,0.04940290751209972,0.9505970924879003,1.037461057754094e-06,2.1e-05,0.009088158865925865,0.18395999999999998
contator_ac_derived,contator_ac,derived_sensitivity,143664.00000000003,16.400000000000002,0.04895058299824671,0.9510494170017533,1.0279622429631808e-06,2.1e-05,0.009004949248357465,0.18395999999999998
contator_ac_derived,contator_ac,derived_sensitivity,144102.0,16.45,0.048502399889750976,0.951497600110249,1.0185503976847705e-06,2.1e-05,0.008922501483718589,0.18395999999999998
contator_ac_derived,contator_ac,derived_sensitivity,144540.0,16.5,0.048058320268618115,0.9519416797313819,1.0092247256409803e-06,2.1e-05,0.008840808596614989,0.18395999999999998
contator_ac_derived,contator_ac,derived_sensitivity,144978.0,16.55,0.047618306564024514,0.9523816934359755,9.999844378445147e-07,2.1e-05,0.008759863675517949,0.18395999999999998
contator_ac_derived,contator_ac,derived_sensitivity,145416.0,16.6,0.047182321549138505,0.9528176784508615,9.908287525319085e-07,2.1e-05,0.008679659872179519,0.18395999999999998
contator_ac_derived,contator_ac,derived_sensitivity,145854.00000000003,16.650000000000002,0.04675032833797085,0.9532496716620291,9.81756895097388e-07,2.1e-05,0.008600190401053118,0.18395999999999998
contator_ac_derived,contator_ac,derived_sensitivity,146292.0,16.7,0.046322290382254175,0.9536777096177458,9.727680980273377e-07,2.1e-05,0.008521448538719478,0.18395999999999998
contator_ac_derived,contator_ac,derived_sensitivity,146730.0,16.75,0.04589817146835061,0.9541018285316494,9.638616008353628e-07,2.1e-05,0.008443427623317777,0.18395999999999998
contator_ac_derived,contator_ac,derived_sensitivity,147168.0,16.8,0.045477935714188206,0.9545220642858118,9.550366499979522e-07,2.1e-05,0.00836612105398206,0.18395999999999998
contator_ac_derived,contator_ac,derived_sensitivity,147606.0,16.85,0.04506154756622506,0.954938452433775,9.462924988907262e-07,2.1e-05,0.008289522290282762,0.18395999999999998
contator_ac_derived,contator_ac,derived_sensitivity,148044.00000000003,16.900000000000002,0.04464897179644137,0.9553510282035587,9.376284077252686e-07,2.1e-05,0.008213624851673353,0.18395999999999998
contator_ac_derived,contator_ac,derived_sensitivity,148482.0,16.95,0.0442401734993591,0.955759826500641,9.290436434865412e-07,2.1e-05,0.0081384223169421,0.18395999999999998
contator_ac_derived,contator_ac,derived_sensitivity,148920.0,17.0,0.04383511808908859,0.9561648819109114,9.205374798708603e-07,2.1e-05,0.008063908323668736,0.18395999999999998
contator_ac_derived,contator_ac,derived_sensitivity,149358.0,17.05,0.04343377129640277,0.9565662287035972,9.121091972244582e-07,2.1e-05,0.007990076567686253,0.18395999999999998
contator_ac_derived,contator_ac,derived_sensitivity,149796.0,17.1,0.04303609916583768,0.9569639008341623,9.037580824825912e-07,2.1e-05,0.0079169208025475,0.18395999999999998
contator_ac_derived,contator_ac,derived_sensitivity,150234.00000000003,17.150000000000002,0.042642068052819684,0.9573579319471803,8.954834291092133e-07,2.1e-05,0.007844434838996708,0.18395999999999998
contator_ac_derived,contator_ac,derived_sensitivity,150672.0,17.2,0.04225164462081919,0.9577483553791808,8.87284537037203e-07,2.1e-05,0.007772612544445899,0.18395999999999998
contator_ac_derived,contator_ac,derived_sensitivity,151110.0,17.25,0.041864795838530006,0.95813520416147,8.791607126091301e-07,2.1e-05,0.007701447842455979,0.18395999999999998
contator_ac_derived,contator_ac,derived_sensitivity,151548.0,17.3,0.04148148897707494,0.9585185110229251,8.711112685185737e-07,2.1e-05,0.007630934712222706,0.18395999999999998
contator_ac_derived,contator_ac,derived_sensitivity,151986.0,17.35,0.04110169160723678,0.9588983083927632,8.631355237519723e-07,2.1e-05,0.007561067188067277,0.18395999999999998
contator_ac_derived,contator_ac,derived_sensitivity,152424.00000000003,17.400000000000002,0.0407253715967146,0.9592746284032854,8.552328035310065e-07,2.1e-05,0.007491839358931617,0.18395999999999998
contator_ac_derived,contator_ac,derived_sensitivity,152862.0,17.45,0.04035249710740536,0.9596475028925946,8.474024392555126e-07,2.1e-05,0.00742324536787829,0.18395999999999998
contator_ac_derived,contator_ac,derived_sensitivity,153300.0,17.5,0.03998303659271015,0.9600169634072898,8.396437684469131e-07,2.1e-05,0.007355279411594959,0.18395999999999998
contator_ac_derived,contator_ac,derived_sensitivity,153738.0,17.55,0.03961695879486527,0.9603830412051347,8.319561346921707e-07,2.1e-05,0.007287935739903415,0.18395999999999998
contator_ac_derived,contator_ac,derived_sensitivity,154176.0,17.6,0.039254232742297765,0.9607457672577022,8.24338887588253e-07,2.1e-05,0.007221208655273096,0.18395999999999998
contator_ac_derived,contator_ac,derived_sensitivity,154614.00000000003,17.650000000000002,0.038894827747005034,0.961105172252995,8.167913826871056e-07,2.1e-05,0.007155092512339045,0.18395999999999998
contator_ac_derived,contator_ac,derived_sensitivity,155052.0,17.7,0.038538713401958656,0.9614612865980413,8.093129814411317e-07,2.1e-05,0.007089581717424314,0.18395999999999998
contator_ac_derived,contator_ac,derived_sensitivity,155490.0,17.75,0.03818585957853154,0.9618141404214685,8.019030511491622e-07,2.1e-05,0.007024670728066661,0.18395999999999998
contator_ac_derived,contator_ac,derived_sensitivity,155928.0,17.8,0.03783623642394924,0.9621637635760507,7.94560964902934e-07,2.1e-05,0.006960354052549702,0.18395999999999998
contator_ac_derived,contator_ac,derived_sensitivity,156366.0,17.85,0.037489814358764154,0.9625101856412358,7.872861015340472e-07,2.1e-05,0.006896626249438253,0.18395999999999998
contator_ac_derived,contator_ac,derived_sensitivity,156804.00000000003,17.900000000000002,0.03714656407435297,0.962853435925647,7.800778455614123e-07,2.1e-05,0.0068334819271179716,0.18395999999999998
contator_ac_derived,contator_ac,derived_sensitivity,157242.0,17.95,0.03680645653043717,0.9631935434695629,7.729355871391805e-07,2.1e-05,0.0067709157433392215,0.18395999999999998
contator_ac_derived,contator_ac,derived_sensitivity,157680.0,18.0,0.03646946295262591,0.9635305370473741,7.658587220051441e-07,2.1e-05,0.006708922404765062,0.18395999999999998
contator_ac_derived,contator_ac,derived_sensitivity,158118.0,18.05,0.036135554829981806,0.9638644451700182,7.588466514296178e-07,2.1e-05,0.006647496666523452,0.18395999999999998
contator_ac_derived,contator_ac,derived_sensitivity,158556.0,18.1,0.03580470391260865,0.9641952960873913,7.518987821647816e-07,2.1e-05,0.006586633331763486,0.18395999999999998
contator_ac_derived,contator_ac,derived_sensitivity,158994.00000000003,18.150000000000002,0.035476882209261415,0.9645231177907386,7.450145263944896e-07,2.1e-05,0.006526327251215729,0.18395999999999998
contator_ac_derived,contator_ac,derived_sensitivity,159432.0,18.2,0.035152061984978215,0.9648479380150218,7.381933016845425e-07,2.1e-05,0.006466573322756592,0.18395999999999998
contator_ac_derived,contator_ac,derived_sensitivity,159870.0,18.25,0.03483021575873351,0.9651697842412665,7.314345309334037e-07,2.1e-05,0.006407366490976616,0.18395999999999998
contator_ac_derived,contator_ac,derived_sensitivity,160308.0,18.3,0.034511316301113426,0.9654886836988865,7.247376423233819e-07,2.1e-05,0.006348701746752825,0.18395999999999998
contator_ac_derived,contator_ac,derived_sensitivity,160746.0,18.35,0.03419533663201187,0.9658046633679881,7.181020692722492e-07,2.1e-05,0.006290574126824903,0.18395999999999998
contator_ac_derived,contator_ac,derived_sensitivity,161184.00000000003,18.400000000000002,0.033882250018347965,0.966117749981652,7.115272503853072e-07,2.1e-05,0.006232978713375291,0.18395999999999998
contator_ac_derived,contator_ac,derived_sensitivity,161622.0,18.45,0.033572029971804335,0.9664279700281957,7.05012629407891e-07,2.1e-05,0.006175910633613125,0.18395999999999998
contator_ac_derived,contator_ac,derived_sensitivity,162060.0,18.5,0.033264650246586036,0.9667353497534139,6.985576551783067e-07,2.1e-05,0.006119365059361967,0.18395999999999998
contator_ac_derived,contator_ac,derived_sensitivity,162498.0,18.55,0.03296008483720013,0.9670399151627999,6.921617815812026e-07,2.1e-05,0.006063337206651335,0.18395999999999998
contator_ac_derived,contator_ac,derived_sensitivity,162936.0,18.6,0.03265830797625549,0.9673416920237445,6.858244675013652e-07,2.1e-05,0.00600782233531196,0.18395999999999998
contator_ac_derived,contator_ac,derived_sensitivity,163374.00000000003,18.650000000000002,0.03235929413228277,0.9676407058677172,6.795451767779381e-07,2.1e-05,0.005952815748574738,0.18395999999999998
contator_ac_derived,contator_ac,derived_sensitivity,163812.0,18.7,0.03206301800757443,0.9679369819924256,6.73323378159063e-07,2.1e-05,0.005898312792673392,0.18395999999999998
contator_ac_derived,contator_ac,derived_sensitivity,164250.0,18.75,0.03176945453604427,0.9682305454639557,6.671585452569296e-07,2.1e-05,0.005844308856450703,0.18395999999999998
contator_ac_derived,contator_ac,derived_sensitivity,164688.0,18.8,0.03147857888110693,0.9685214211188931,6.610501565032455e-07,2.1e-05,0.005790799370968431,0.18395999999999998
contator_ac_derived,contator_ac,derived_sensitivity,165126.0,18.85,0.03119036643357654,0.9688096335664235,6.549976951051073e-07,2.1e-05,0.00573777980912074,0.18395999999999998
contator_ac_derived,contator_ac,derived_sensitivity,165564.00000000003,18.900000000000002,0.030904792809584684,0.9690952071904153,6.490006490012784e-07,2.1e-05,0.005685245685251198,0.18395999999999998
contator_ac_derived,contator_ac,derived_sensitivity,166002.0,18.95,0.030621833848517497,0.9693781661514825,6.430585108188674e-07,2.1e-05,0.005633192554773278,0.18395999999999998
contator_ac_derived,contator_ac,derived_sensitivity,166440.0,19.0,0.030341465610971452,0.9696585343890285,6.371707778304005e-07,2.1e-05,0.005581616013794309,0.18395999999999998
contator_ac_derived,contator_ac,derived_sensitivity,166878.0,19.05,0.030063664376728135,0.9699363356232719,6.313369519112908e-07,2.1e-05,0.005530511698742907,0.18395999999999998
contator_ac_derived,contator_ac,derived_sensitivity,167316.0,19.1,0.02978840664274735,0.9702115933572526,6.255565394976943e-07,2.1e-05,0.005479875285999802,0.18395999999999998
contator_ac_derived,contator_ac,derived_sensitivity,167754.00000000003,19.150000000000002,0.029515669121178673,0.9704843308788214,6.198290515447521e-07,2.1e-05,0.005429702491532028,0.18395999999999998
contator_ac_derived,contator_ac,derived_sensitivity,168192.00000000003,19.200000000000003,0.029245428737391284,0.9707545712626087,6.141540034852169e-07,2.1e-05,0.0053799890705305,0.18395999999999998
contator_ac_derived,contator_ac,derived_sensitivity,168630.0,19.25,0.028977662628021678,0.9710223373719783,6.085309151884552e-07,2.1e-05,0.005330730817050868,0.18395999999999998
contator_ac_derived,contator_ac,derived_sensitivity,169068.0,19.3,0.02871234813903931,0.9712876518609607,6.029593109198255e-07,2.1e-05,0.005281923563657671,0.18395999999999998
contator_ac_derived,contator_ac,derived_sensitivity,169506.0,19.35,0.02844946282383012,0.9715505371761699,5.974387193004325e-07,2.1e-05,0.005233563181071789,0.18395999999999998
contator_ac_derived,contator_ac,derived_sensitivity,169944.00000000003,19.400000000000002,0.028188984441297343,0.9718110155587026,5.919686732672442e-07,2.1e-05,0.005185645577821059,0.18395999999999998
contator_ac_derived,contator_ac,derived_sensitivity,170382.00000000003,19.450000000000003,0.02793089095397989,0.9720691090460201,5.865487100335777e-07,2.1e-05,0.0051381666998941405,0.18395999999999998
contator_ac_derived,contator_ac,derived_sensitivity,170820.0,19.5,0.027675160526187865,0.9723248394738121,5.811783710499451e-07,2.1e-05,0.005091122530397519,0.18395999999999998
contator_ac_derived,contator_ac,derived_sensitivity,171258.0,19.55,0.02742177152215515,0.9725782284778448,5.758572019652581e-07,2.1e-05,0.005044509089215661,0.18395999999999998
contator_ac_derived,contator_ac,derived_sensitivity,171696.0,19.6,0.027170702504209016,0.972829297495791,5.705847525883893e-07,2.1e-05,0.00499832243267429,0.18395999999999998
contator_ac_derived,contator_ac,derived_sensitivity,172134.00000000003,19.650000000000002,0.02692193223095635,0.9730780677690436,5.653605768500834e-07,2.1e-05,0.00495255865320673,0.18395999999999998
contator_ac_derived,contator_ac,derived_sensitivity,172572.00000000003,19.700000000000003,0.02667543965548662,0.9733245603445134,5.601842327652189e-07,2.1e-05,0.004907213879023317,0.18395999999999998
contator_ac_derived,contator_ac,derived_sensitivity,173010.0,19.75,0.026431203923591155,0.9735687960764089,5.550552823954142e-07,2.1e-05,0.004862284273783829,0.18395999999999998
contator_ac_derived,contator_ac,derived_sensitivity,173448.0,19.8,0.026189204371998783,0.9738107956280012,5.499732918119744e-07,2.1e-05,0.0048177660362728955,0.18395999999999998
contator_ac_derived,contator_ac,derived_sensitivity,173886.0,19.85,0.02594942052662775,0.9740505794733723,5.449378310591827e-07,2.1e-05,0.004773655400078441,0.18395999999999998
contator_ac_derived,contator_ac,derived_sensitivity,174324.00000000003,19.900000000000002,0.025711832100853413,0.9742881678991466,5.399484741179217e-07,2.1e-05,0.004729948633272994,0.18395999999999998
contator_ac_derived,contator_ac,derived_sensitivity,174762.00000000003,19.950000000000003,0.02547641899379207,0.974523581006208,5.350047988696335e-07,2.1e-05,0.00468664203809799,0.18395999999999998
contator_ac_derived,contator_ac,derived_sensitivity,175200.0,20.0,0.02524316128860014,0.9747568387113998,5.301063870606029e-07,2.1e-05,0.004643731950650881,0.18395999999999998
igbt_derived,igbt,derived_sensitivity,0.0,0.0,1.0,0.0,1.05e-05,1.05e-05,0.09197999999999999,0.09197999999999999
igbt_derived,igbt,derived_sensitivity,438.0,0.05,0.9954115592070337,0.004588440792966249,1.0451821371673854e-05,1.05e-05,0.09155795521586296,0.09197999999999999
igbt_derived,igbt,derived_sensitivity,876.0,0.1,0.990844172202978,0.009155827797021942,1.040386380813127e-05,1.05e-05,0.09113784695922993,0.09197999999999999
igbt_derived,igbt,derived_sensitivity,1314.0000000000002,0.15000000000000002,0.986297742383769,0.013702257616230963,1.0356126295029573e-05,1.05e-05,0.09071966634445906,0.09197999999999999
igbt_derived,igbt,derived_sensitivity,1752.0,0.2,0.9817721735886048,0.018227826411395164,1.030860782268035e-05,1.05e-05,0.09030340452667986,0.09197999999999999
igbt_derived,igbt,derived_sensitivity,2190.0,0.25,0.9772673700979118,0.022732629902088256,1.0261307386028073e-05,1.05e-05,0.08988905270160592,0.09197999999999999
igbt_derived,igbt,derived_sensitivity,2628.0000000000005,0.30000000000000004,0.9727832366313196,0.027216763368680365,1.0214223984628856e-05,1.05e-05,0.08947660210534877,0.09197999999999999
igbt_derived,igbt,derived_sensitivity,3066.0000000000005,0.35000000000000003,0.9683196783456467,0.031680321654353256,1.016735662262929e-05,1.05e-05,0.08906604401423257,0.09197999999999999
igbt_derived,igbt,derived_sensitivity,3504.0,0.4,0.9638766008328936,0.03612339916710637,1.0120704308745382e-05,1.05e-05,0.08865736974460954,0.09197999999999999
igbt_derived,igbt,derived_sensitivity,3942.0,0.45,0.9594539101182463,0.040546089881753664,1.0074266056241586e-05,1.05e-05,0.0882505706526763,0.09197999999999999
igbt_derived,igbt,derived_sensitivity,4380.0,0.5,0.9550515126580889,0.044948487341911196,1.0028040882909933e-05,1.05e-05,0.08784563813429101,0.09197999999999999
igbt_derived,igbt,derived_sensitivity,4818.0,0.55,0.9506693153380243,0.04933068466197569,9.982027811049255e-06,1.05e-05,0.08744256362479148,0.09197999999999999
igbt_derived,igbt,derived_sensitivity,5256.000000000001,0.6000000000000001,0.946307225470906,0.05369277452909399,9.936225867444512e-06,1.05e-05,0.08704133859881392,0.09197999999999999
igbt_derived,igbt,derived_sensitivity,5694.0,0.65,0.9419651507948766,0.0580348492051234,9.890634083346203e-06,1.05e-05,0.08664195457011274,0.09197999999999999
igbt_derived,igbt,derived_sensitivity,6132.000000000001,0.7000000000000001,0.9376429994714168,0.06235700052858322,9.845251494449875e-06,1.05e-05,0.08624440309138091,0.09197999999999999
igbt_derived,igbt,derived_sensitivity,6570.0,0.75,0.9333406800834029,0.06665931991659708,9.80007714087573e-06,1.05e-05,0.08584867575407139,0.09197999999999999
igbt_derived,igbt,derived_sensitivity,7008.0,0.8,0.9290581016331734,0.07094189836682664,9.75511006714832e-06,1.05e-05,0.08545476418821928,0.09197999999999999
igbt_derived,igbt,derived_sensitivity,7446.000000000001,0.8500000000000001,0.9247951735406039,0.07520482645939608,9.71034932217634e-06,1.05e-05,0.08506266006226475,0.09197999999999999
igbt_derived,igbt,derived_sensitivity,7884.0,0.9,0.9205518056411919,0.07944819435880808,9.665793959232514e-06,1.05e-05,0.08467235508287682,0.09197999999999999
igbt_derived,igbt,derived_sensitivity,8322.0,0.9500000000000001,0.9163279081841491,0.08367209181585086,9.621443035933565e-06,1.05e-05,0.08428384099477804,0.09197999999999999
igbt_derived,igbt,derived_sensitivity,8760.0,1.0,0.9121233918305035,0.08787660816949644,9.577295614220285e-06,1.05e-05,0.0838971095805697,0.09197999999999999
igbt_derived,igbt,derived_sensitivity,9198.0,1.05,0.9079381676512097,0.09206183234879027,9.533350760337701e-06,1.05e-05,0.08351215266055827,0.09197999999999999
igbt_derived,igbt,derived_sensitivity,9636.0,1.1,0.9037721471252679,0.0962278528747321,9.489607544815312e-06,1.05e-05,0.08312896209258214,0.09197999999999999
igbt_derived,igbt,derived_sensitivity,10074.000000000002,1.1500000000000001,0.8996252421378516,0.10037475786214839,9.44606504244744e-06,1.05e-05,0.08274752977183958,0.09197999999999999
igbt_derived,igbt,derived_sensitivity,10512.000000000002,1.2000000000000002,0.8954973649784441,0.10450263502155585,9.402722332273664e-06,1.05e-05,0.08236784763071729,0.09197999999999999
igbt_derived,igbt,derived_sensitivity,10950.0,1.25,0.8913884283389832,0.10861157166101672,9.359578497559324e-06,1.05e-05,0.08198990763861969,0.09197999999999999
igbt_derived,igbt,derived_sensitivity,11388.0,1.3,0.8872983453120146,0.11270165468798538,9.316632625776153e-06,1.05e-05,0.0816137018017991,0.09197999999999999
igbt_derived,igbt,derived_sensitivity,11826.0,1.35,0.8832270293888536,0.11677297061114647,9.273883808582962e-06,1.05e-05,0.08123922216318674,0.09197999999999999
igbt_derived,igbt,derived_sensitivity,12264.000000000002,1.4000000000000001,0.8791743944577552,0.12082560554224472,9.23133114180643e-06,1.05e-05,0.08086646080222433,0.09197999999999999
igbt_derived,igbt,derived_sensitivity,12702.000000000002,1.4500000000000002,0.875140354802094,0.12485964519790609,9.188973725421987e-06,1.05e-05,0.08049540983469661,0.09197999999999999
igbt_derived,igbt,derived_sensitivity,13140.0,1.5,0.871124825098549,0.12887517490145092,9.146810663534765e-06,1.05e-05,0.08012606141256454,0.09197999999999999
igbt_derived,igbt,derived_sensitivity,13578.0,1.55,0.8671277204153013,0.13287227958469872,9.104841064360664e-06,1.05e-05,0.07975840772379941,0.09197999999999999
igbt_derived,igbt,derived_sensitivity,14016.0,1.6,0.8631489562102359,0.13685104378976412,9.063064040207476e-06,1.05e-05,0.0793924409922175,0.09197999999999999
igbt_derived,igbt,derived_sensitivity,14454.000000000002,1.6500000000000001,0.8591884483291545,0.14081155167084541,9.021478707456122e-06,1.05e-05,0.07902815347731564,0.09197999999999999
igbt_derived,igbt,derived_sensitivity,14892.000000000002,1.7000000000000002,0.8552461130039957,0.14475388699600428,8.980084186541954e-06,1.05e-05,0.07866553747410752,0.09197999999999999
igbt_derived,igbt,derived_sensitivity,15330.0,1.75,0.8513218668510624,0.14867813314893763,8.938879601936154e-06,1.05e-05,0.07830458531296071,0.09197999999999999
igbt_derived,igbt,derived_sensitivity,15768.0,1.8,0.8474156268692588,0.15258437313074122,8.897864082127217e-06,1.05e-05,0.07794528935943441,0.09197999999999999
igbt_derived,igbt,derived_sensitivity,16206.0,1.85,0.8435273104383348,0.15647268956166518,8.857036759602515e-06,1.05e-05,0.07758764201411802,0.09197999999999999
igbt_derived,igbt,derived_sensitivity,16644.0,1.9000000000000001,0.8396568353171384,0.16034316468286156,8.816396770829953e-06,1.05e-05,0.0772316357124704,0.09197999999999999
igbt_derived,igbt,derived_sensitivity,17082.0,1.9500000000000002,0.8358041196418764,0.16419588035812366,8.775943256239702e-06,1.05e-05,0.0768772629246598,0.09197999999999999
igbt_derived,igbt,derived_sensitivity,17520.0,2.0,0.8319690819243823,0.16803091807561768,8.735675360206014e-06,1.05e-05,0.07652451615540469,0.09197999999999999
igbt_derived,igbt,derived_sensitivity,17958.000000000004,2.0500000000000003,0.8281516410503937,0.17184835894960623,8.695592231029134e-06,1.05e-05,0.07617338794381522,0.09197999999999999
igbt_derived,igbt,derived_sensitivity,18396.0,2.1,0.8243517162778362,0.17564828372216376,8.65569302091728e-06,1.05e-05,0.07582387086323537,0.09197999999999999
igbt_derived,igbt,derived_sensitivity,18834.0,2.15,0.8205692272351153,0.17943077276488473,8.61597688596871e-06,1.05e-05,0.0754759575210859,0.09197999999999999
igbt_derived,igbt,derived_sensitivity,19272.0,2.2,0.8168040939194169,0.18319590608058312,8.576442986153877e-06,1.05e-05,0.07512964055870797,0.09197999999999999
igbt_derived,igbt,derived_sensitivity,19710.0,2.25,0.8130562366950151,0.18694376330498483,8.537090485297658e-06,1.05e-05,0.07478491265120749,0.09197999999999999
igbt_derived,igbt,derived_sensitivity,20148.000000000004,2.3000000000000003,0.8093255762915881,0.19067442370841187,8.497918551061675e-06,1.05e-05,0.07444176650730026,0.09197999999999999
igbt_derived,igbt,derived_sensitivity,20586.0,2.35,0.8056120338025409,0.19438796619745907,8.458926354926679e-06,1.05e-05,0.07410019486915771,0.09197999999999999
igbt_derived,igbt,derived_sensitivity,21024.000000000004,2.4000000000000004,0.8019155306833368,0.1980844693166632,8.420113072175035e-06,1.05e-05,0.07376019051225331,0.09197999999999999
igbt_derived,igbt,derived_sensitivity,21462.0,2.45,0.7982359887498363,0.20176401125016377,8.38147788187328e-06,1.05e-05,0.07342174624520993,0.09197999999999999
igbt_derived,igbt,derived_sensitivity,21900.0,2.5,0.7945733301766428,0.20542666982335725,8.343019966854748e-06,1.05e-05,0.0730848549096476,0.09197999999999999
igbt_derived,igbt,derived_sensitivity,22338.000000000004,2.5500000000000003,0.7909274774954571,0.20907252250454283,8.304738513702298e-06,1.05e-05,0.07274950938003213,0.09197999999999999
igbt_derived,igbt,derived_sensitivity,22776.0,2.6,0.7872983535934391,0.21270164640656086,8.26663271273111e-06,1.05e-05,0.07241570256352453,0.09197999999999999
igbt_derived,igbt,derived_sensitivity,23214.000000000004,2.6500000000000004,0.7836858817115758,0.21631411828842417,8.228701757971545e-06,1.05e-05,0.07208342739983073,0.09197999999999999
igbt_derived,igbt,derived_sensitivity,23652.0,2.7,0.7800899854430587,0.21991001455694129,8.190944847152116e-06,1.05e-05,0.07175267686105254,0.09197999999999999
igbt_derived,igbt,derived_sensitivity,24090.0,2.75,0.7765105887316673,0.22348941126833263,8.153361181682506e-06,1.05e-05,0.07142344395153875,0.09197999999999999
igbt_derived,igbt,derived_sensitivity,24528.000000000004,2.8000000000000003,0.7729476158701607,0.22705238412983933,8.115949966636687e-06,1.05e-05,0.07109572170773737,0.09197999999999999
igbt_derived,igbt,derived_sensitivity,24966.0,2.85,0.7694009914986761,0.2305990085013239,8.078710410736098e-06,1.05e-05,0.07076950319804823,0.09197999999999999
igbt_derived,igbt,derived_sensitivity,25404.000000000004,2.9000000000000004,0.7658706406031348,0.23412935939686516,8.041641726332915e-06,1.05e-05,0.07044478152267634,0.09197999999999999
igbt_derived,igbt,derived_sensitivity,25842.0,2.95,0.7623564885136562,0.23764351148634374,8.00474312939339e-06,1.05e-05,0.0701215498134861,0.09197999999999999
igbt_derived,igbt,derived_sensitivity,26280.0,3.0,0.7588584609029777,0.2411415390970223,7.968013839481265e-06,1.05e-05,0.06979980123385589,0.09197999999999999
igbt_derived,igbt,derived_sensitivity,26718.000000000004,3.0500000000000003,0.7553764837848829,0.24462351621511716,7.931453079741269e-06,1.05e-05,0.06947952897853352,0.09197999999999999
igbt_derived,igbt,derived_sensitivity,27156.0,3.1,0.7519104835126369,0.2480895164873631,7.895060076882688e-06,1.05e-05,0.06916072627349235,0.09197999999999999
igbt_derived,igbt,derived_sensitivity,27594.000000000004,3.1500000000000004,0.7484603867774285,0.25153961322257146,7.858834061162999e-06,1.05e-05,0.06884338637578787,0.09197999999999999
igbt_derived,igbt,derived_sensitivity,28032.0,3.2,0.7450261206068197,0.2549738793931803,7.822774266371607e-06,1.05e-05,0.06852750257341528,0.09197999999999999
igbt_derived,igbt,derived_sensitivity,28470.0,3.25,0.7416076123632019,0.25839238763679806,7.78687992981362e-06,1.05e-05,0.06821306818516731,0.09197999999999999
igbt_derived,igbt,derived_sensitivity,28908.000000000004,3.3000000000000003,0.7382047897422603,0.26179521025773966,7.751150292293732e-06,1.05e-05,0.0679000765604931,0.09197999999999999
igbt_derived,igbt,derived_sensitivity,29346.0,3.35,0.7348175807714439,0.2651824192285561,7.71558459810016e-06,1.05e-05,0.0675885210793574,0.09197999999999999
igbt_derived,igbt,derived_sensitivity,29784.000000000004,3.4000000000000004,0.7314459138084434,0.2685540861915566,7.680182094988655e-06,1.05e-05,0.06727839515210061,0.09197999999999999
igbt_derived,igbt,derived_sensitivity,30222.0,3.45,0.7280897175396763,0.27191028246032367,7.6449420341666e-06,1.05e-05,0.06696969221929942,0.09197999999999999
igbt_derived,igbt,derived_sensitivity,30660.0,3.5,0.724748920978778,0.27525107902122203,7.609863670277168e-06,1.05e-05,0.06666240575162799,0.09197999999999999
igbt_derived,igbt,derived_sensitivity,31098.000000000004,3.5500000000000003,0.7214234534651006,0.2785765465348993,7.574946261383556e-06,1.05e-05,0.06635652924971995,0.09197999999999999
igbt_derived,igbt,derived_sensitivity,31536.0,3.6,0.7181132446622188,0.2818867553377812,7.5401890689532974e-06,1.05e-05,0.06605205624403089,0.09197999999999999
igbt_derived,igbt,derived_sensitivity,31974.000000000004,3.6500000000000004,0.7148182245564413,0.28518177544355866,7.505591357842633e-06,1.05e-05,0.06574898029470147,0.09197999999999999
igbt_derived,igbt,derived_sensitivity,32412.0,3.7,0.7115383234553309,0.28846167654466914,7.471152396280974e-06,1.05e-05,0.06544729499142134,0.09197999999999999
igbt_derived,igbt,derived_sensitivity,32850.0,3.75,0.7082734719862296,0.2917265280137704,7.43687145585541e-06,1.05e-05,0.06514699395329339,0.09197999999999999
igbt_derived,igbt,derived_sensitivity,33288.0,3.8000000000000003,0.7050236010947921,0.2949763989052079,7.402747811495317e-06,1.05e-05,0.06484807082869898,0.09197999999999999
igbt_derived,igbt,derived_sensitivity,33726.0,3.85,0.7017886420435249,0.29821135795647513,7.368780741457011e-06,1.05e-05,0.06455051929516341,0.09197999999999999
igbt_derived,igbt,derived_sensitivity,34164.0,3.9000000000000004,0.698568526410332,0.30143147358966804,7.334969527308485e-06,1.05e-05,0.06425433305922233,0.09197999999999999
igbt_derived,igbt,derived_sensitivity,34602.0,3.95,0.6953631860870685,0.30463681391293157,7.301313453914219e-06,1.05e-05,0.06395950585628855,0.09197999999999999
igbt_derived,igbt,derived_sensitivity,35040.0,4.0,0.6921725532780996,0.30782744672190043,7.267811809420045e-06,1.05e-05,0.06366603145051959,0.09197999999999999
igbt_derived,igbt,derived_sensitivity,35478.0,4.05,0.6889965604988667,0.31100343950113324,7.2344638852381e-06,1.05e-05,0.06337390363468576,0.09197999999999999
igbt_derived,igbt,derived_sensitivity,35916.00000000001,4.1000000000000005,0.6858351405744603,0.31416485942553973,7.2012689760318324e-06,1.05e-05,0.06308311623003886,0.09197999999999999
igbt_derived,igbt,derived_sensitivity,36354.0,4.15,0.6826882266381987,0.3173117733618013,7.168226379701086e-06,1.05e-05,0.06279366308618152,0.09197999999999999
igbt_derived,igbt,derived_sensitivity,36792.0,4.2,0.6795557521302142,0.3204442478697858,7.1353353973672494e-06,1.05e-05,0.0625055380809371,0.09197999999999999
igbt_derived,igbt,derived_sensitivity,37230.0,4.25,0.6764376507960451,0.32356234920395494,7.102595333358473e-06,1.05e-05,0.06221873512022023,0.09197999999999999
igbt_derived,igbt,derived_sensitivity,37668.0,4.3,0.6733338566852343,0.32666614331476573,7.070005495194959e-06,1.05e-05,0.06193324813790784,0.09197999999999999
igbt_derived,igbt,derived_sensitivity,38106.00000000001,4.3500000000000005,0.6702443041499344,0.32975569585006564,7.037565193574311e-06,1.05e-05,0.06164907109571096,0.09197999999999999
igbt_derived,igbt,derived_sensitivity,38544.0,4.4,0.6671689278435196,0.3328310721564804,7.005273742356955e-06,1.05e-05,0.061366197983046926,0.09197999999999999
igbt_derived,igbt,derived_sensitivity,38982.0,4.45,0.6641076627192029,0.33589233728079715,6.97313045855163e-06,1.05e-05,0.06108462281691228,0.09197999999999999
igbt_derived,igbt,derived_sensitivity,39420.0,4.5,0.6610604440286605,0.33893955597133946,6.941134662300935e-06,1.05e-05,0.06080433964175619,0.09197999999999999
igbt_derived,igbt,derived_sensitivity,39858.0,4.55,0.6580272073206631,0.3419727926793369,6.909285676866962e-06,1.05e-05,0.06052534252935459,0.09197999999999999
igbt_derived,igbt,derived_sensitivity,40296.00000000001,4.6000000000000005,0.6550078884397112,0.34499211156028875,6.877582828616968e-06,1.05e-05,0.06024762557868464,0.09197999999999999
igbt_derived,igbt,derived_sensitivity,40734.0,4.65,0.6520024235246799,0.3479975764753202,6.8460254470091385e-06,1.05e-05,0.05997118291580005,0.09197999999999999
igbt_derived,igbt,derived_sensitivity,41172.0,4.7,0.6490107490074664,0.35098925099253364,6.8146128645783965e-06,1.05e-05,0.059696008693706754,0.09197999999999999
igbt_derived,igbt,derived_sensitivity,41610.0,4.75,0.6460328016116469,0.3539671983883531,6.783344416922292e-06,1.05e-05,0.05942209709223928,0.09197999999999999
igbt_derived,igbt,derived_sensitivity,42048.00000000001,4.800000000000001,0.6430685183511377,0.3569314816488623,6.752219442686945e-06,1.05e-05,0.05914944231793764,0.09197999999999999
igbt_derived,igbt,derived_sensitivity,42486.00000000001,4.8500000000000005,0.640117836528863,0.359882163471137,6.721237283553061e-06,1.05e-05,0.058878038603924814,0.09197999999999999
igbt_derived,igbt,derived_sensitivity,42924.0,4.9,0.6371806937354286,0.3628193062645713,6.690397284222e-06,1.05e-05,0.05860788020978472,0.09197999999999999
igbt_derived,igbt,derived_sensitivity,43362.0,4.95,0.6342570278478025,0.3657429721521975,6.659698792401925e-06,1.05e-05,0.05833896142144087,0.09197999999999999
igbt_derived,igbt,derived_sensitivity,43800.0,5.0,0.6313467770280001,0.36865322297199987,6.629141158794001e-06,1.05e-05,0.05807127655103545,0.09197999999999999
igbt_derived,igbt,derived_sensitivity,44238.00000000001,5.050000000000001,0.628449879721777,0.371550120278223,6.598723737078658e-06,1.05e-05,0.05780481993680905,0.09197999999999999
igbt_derived,igbt,derived_sensitivity,44676.00000000001,5.1000000000000005,0.6255662746573268,0.3744337253426731,6.568445883901931e-06,1.05e-05,0.05753958594298091,0.09197999999999999
igbt_derived,igbt,derived_sensitivity,45114.0,5.15,0.6226959008439853,0.37730409915601465,6.538306958861846e-06,1.05e-05,0.05727556895962977,0.09197999999999999
igbt_derived,igbt,derived_sensitivity,45552.0,5.2,0.6198386975709399,0.3801613024290601,6.5083063244948685e-06,1.05e-05,0.05701276340257505,0.09197999999999999
igbt_derived,igbt,derived_sensitivity,45990.0,5.25,0.6169946044059463,0.3830053955940536,6.478443346262436e-06,1.05e-05,0.05675116371325894,0.09197999999999999
igbt_derived,igbt,derived_sensitivity,46428.00000000001,5.300000000000001,0.61416356119405,0.38583643880595,6.448717392537525e-06,1.05e-05,0.056490764358628716,0.09197999999999999
igbt_derived,igbt,derived_sensitivity,46866.00000000001,5.3500000000000005,0.6113455080563138,0.38865449194368623,6.419127834591295e-06,1.05e-05,0.056231559831019746,0.09197999999999999
igbt_derived,igbt,derived_sensitivity,47304.0,5.4,0.6085403853885516,0.3914596146114484,6.389674046579792e-06,1.05e-05,0.05597354464803898,0.09197999999999999
igbt_derived,igbt,derived_sensitivity,47742.0,5.45,0.6057481338600673,0.3942518661399326,6.360355405530707e-06,1.05e-05,0.055716713352448995,0.09197999999999999
igbt_derived,igbt,derived_sensitivity,48180.0,5.5,0.6029686944124006,0.39703130558759936,6.331171291330206e-06,1.05e-05,0.05546106051205261,0.09197999999999999
igbt_derived,igbt,derived_sensitivity,48618.00000000001,5.550000000000001,0.6002020082580771,0.3997979917419229,6.302121086709809e-06,1.05e-05,0.05520658071957793,0.09197999999999999
igbt_derived,igbt,derived_sensitivity,49056.00000000001,5.6000000000000005,0.5974480168793654,0.40255198312063456,6.273204177233337e-06,1.05e-05,0.05495326859256403,0.09197999999999999
igbt_derived,igbt,derived_sensitivity,49494.0,5.65,0.5947066620270395,0.4052933379729606,6.244419951283914e-06,1.05e-05,0.05470111877324709,0.09197999999999999
igbt_derived,igbt,derived_sensitivity,49932.0,5.7,0.5919778857191459,0.40802211428085416,6.215767800051031e-06,1.05e-05,0.05445012592844703,0.09197999999999999
igbt_derived,igbt,derived_sensitivity,50370.0,5.75,0.5892616302397782,0.4107383697602218,6.1872471175176705e-06,1.05e-05,0.05420028474945479,0.09197999999999999
igbt_derived,igbt,derived_sensitivity,50808.00000000001,5.800000000000001,0.5865578381378561,0.4134421618621439,6.1588573004474885e-06,1.05e-05,0.05395158995192,0.09197999999999999
igbt_derived,igbt,derived_sensitivity,51246.00000000001,5.8500000000000005,0.5838664522259103,0.41613354777408973,6.130597748372058e-06,1.05e-05,0.05370403627573923,0.09197999999999999
igbt_derived,igbt,derived_sensitivity,51684.0,5.9,0.5811874155788724,0.4188125844211275,6.1024678635781606e-06,1.05e-05,0.05345761848494469,0.09197999999999999
igbt_derived,igbt,derived_sensitivity,52122.0,5.95,0.5785206715328718,0.42147932846712827,6.074467051095153e-06,1.05e-05,0.05321233136759354,0.09197999999999999
igbt_derived,igbt,derived_sensitivity,52560.0,6.0,0.5758661636840361,0.42413383631596385,6.046594718682379e-06,1.05e-05,0.052968169735657634,0.09197999999999999
igbt_derived,igbt,derived_sensitivity,52998.00000000001,6.050000000000001,0.5732238358872993,0.42677616411270075,6.018850276816642e-06,1.05e-05,0.05272512842491378,0.09197999999999999
igbt_derived,igbt,derived_sensitivity,53436.00000000001,6.1000000000000005,0.5705936322552133,0.42940636774478663,5.99123313867974e-06,1.05e-05,0.05248320229483452,0.09197999999999999
igbt_derived,igbt,derived_sensitivity,53874.0,6.15,0.5679754971567668,0.4320245028432332,5.963742720146051e-06,1.05e-05,0.052242386228479404,0.09197999999999999
igbt_derived,igbt,derived_sensitivity,54312.0,6.2,0.5653693752162074,0.4346306247837926,5.936378439770178e-06,1.05e-05,0.05200267513238676,0.09197999999999999
igbt_derived,igbt,derived_sensitivity,54750.0,6.25,0.5627752113118716,0.4372247886881284,5.909139718774652e-06,1.05e-05,0.051764063936465946,0.09197999999999999
igbt_derived,igbt,derived_sensitivity,55188.00000000001,6.300000000000001,0.560192950575018,0.4398070494249821,5.882025981037688e-06,1.05e-05,0.051526547593890144,0.09197999999999999
igbt_derived,igbt,derived_sensitivity,55626.00000000001,6.3500000000000005,0.5576225383886674,0.4423774616113326,5.855036653081007e-06,1.05e-05,0.051290121080989626,0.09197999999999999
igbt_derived,igbt,derived_sensitivity,56064.0,6.4,0.5550639203864475,0.4449360796135525,5.8281711640576986e-06,1.05e-05,0.051054779397145436,0.09197999999999999
igbt_derived,igbt,derived_sensitivity,56502.0,6.45,0.5525170424514425,0.4474829575485575,5.801428945740146e-06,1.05e-05,0.05082051756468368,0.09197999999999999
igbt_derived,igbt,derived_sensitivity,56940.0,6.5,0.5499818507150492,0.45001814928495076,5.774809432508017e-06,1.05e-05,0.05058733062877023,0.09197999999999999
igbt_derived,igbt,derived_sensitivity,57378.00000000001,6.550000000000001,0.5474582915558373,0.4525417084441628,5.748312061336291e-06,1.05e-05,0.05035521365730591,0.09197999999999999
igbt_derived,igbt,derived_sensitivity,57816.00000000001,6.6000000000000005,0.5449463115984148,0.4550536884015852,5.721936271783355e-06,1.05e-05,0.05012416174082219,0.09197999999999999
igbt_derived,igbt,derived_sensitivity,58254.0,6.65,0.5424458577123001,0.4575541422876998,5.695681505979151e-06,1.05e-05,0.04989416999237736,0.09197999999999999
igbt_derived,igbt,derived_sensitivity,58692.0,6.7,0.5399568770107975,0.4600431229892025,5.669547208613374e-06,1.05e-05,0.049665233547453155,0.09197999999999999
igbt_derived,igbt,derived_sensitivity,59130.0,6.75,0.5374793168498785,0.4625206831501215,5.643532826923724e-06,1.05e-05,0.04943734756385182,0.09197999999999999
igbt_derived,igbt,derived_sensitivity,59568.00000000001,6.800000000000001,0.5350131248270689,0.46498687517293114,5.617637810684223e-06,1.05e-05,0.04921050722159379,0.09197999999999999
igbt_derived,igbt,derived_sensitivity,60006.00000000001,6.8500000000000005,0.53255824878034,0.46744175121966003,5.59186161219357e-06,1.05e-05,0.04898470772281567,0.09197999999999999
igbt_derived,igbt,derived_sensitivity,60444.0,6.9,0.5301146367870057,0.46988536321299434,5.566203686263559e-06,1.05e-05,0.04875994429166877,0.09197999999999999
igbt_derived,igbt,derived_sensitivity,60882.0,6.95,0.5276822371626236,0.47231776283737636,5.540663490207548e-06,1.05e-05,0.04853621217421812,0.09197999999999999
igbt_derived,igbt,derived_sensitivity,61320.0,7.0,0.5252609984599029,0.474739001540097,5.515240483828981e-06,1.05e-05,0.04831350663834187,0.09197999999999999
igbt_derived,igbt,derived_sensitivity,61758.00000000001,7.050000000000001,0.5228508694676154,0.47714913053238467,5.489934129409962e-06,1.05e-05,0.048091822973631265,0.09197999999999999
igbt_derived,igbt,derived_sensitivity,62196.00000000001,7.1000000000000005,0.5204517992095122,0.47954820079048777,5.464743891699878e-06,1.05e-05,0.047871156491290937,0.09197999999999999
igbt_derived,igbt,derived_sensitivity,62634.0,7.15,0.5180637369432467,0.4819362630567533,5.43966923790409e-06,1.05e-05,0.047651502524039824,0.09197999999999999
igbt_derived,igbt,derived_sensitivity,63072.0,7.2,0.5156866321592998,0.4843133678407002,5.414709637672648e-06,1.05e-05,0.047432856426012394,0.09197999999999999
igbt_derived,igbt,derived_sensitivity,63510.0,7.25,0.5133204345799126,0.48667956542008733,5.389864563089082e-06,1.05e-05,0.047215213572660356,0.09197999999999999
igbt_derived,igbt,derived_sensitivity,63948.00000000001,7.300000000000001,0.510965094158023,0.489034905841977,5.3651334886592415e-06,1.05e-05,0.046998569360654954,0.09197999999999999
igbt_derived,igbt,derived_sensitivity,64386.00000000001,7.3500000000000005,0.5086205610762065,0.49137943892379354,5.340515891300167e-06,1.05e-05,0.046782919207789465,0.09197999999999999
igbt_derived,igbt,derived_sensitivity,64824.0,7.4,0.506286785745623,0.4937132142543769,5.316011250329041e-06,1.05e-05,0.0465682585528824,0.09197999999999999
igbt_derived,igbt,derived_sensitivity,65262.0,7.45,0.503963718804968,0.4960362811950319,5.2916190474521644e-06,1.05e-05,0.04635458285568096,0.09197999999999999
igbt_derived,igbt,derived_sensitivity,65700.0,7.5,0.5016513111194284,0.4983486888805716,5.267338766753998e-06,1.05e-05,0.046141887596765026,0.09197999999999999
igbt_derived,igbt,derived_sensitivity,66138.0,7.550000000000001,0.499349513779643,0.500650486220357,5.243169894686251e-06,1.05e-05,0.04593016827745156,0.09197999999999999
igbt_derived,igbt,derived_sensitivity,66576.0,7.6000000000000005,0.4970582781006686,0.5029417218993314,5.21911192005702e-06,1.05e-05,0.0457194204196995,0.09197999999999999
igbt_derived,igbt,derived_sensitivity,67014.0,7.65,0.49477755562095,0.5052224443790501,5.195164334019975e-06,1.05e-05,0.04550963956601498,0.09197999999999999
igbt_derived,igbt,derived_sensitivity,67452.0,7.7,0.4925072981012947,0.5074927018987053,5.171326630063594e-06,1.05e-05,0.045300821279357084,0.09197999999999999
igbt_derived,igbt,derived_sensitivity,67890.0,7.75,0.49024745752385307,0.5097525424761469,5.147598304000457e-06,1.05e-05,0.045092961143044,0.09197999999999999
igbt_derived,igbt,derived_sensitivity,68328.0,7.800000000000001,0.4879979860911026,0.5120020139088973,5.123978853956577e-06,1.05e-05,0.04488605476065961,0.09197999999999999
igbt_derived,igbt,derived_sensitivity,68766.0,7.8500000000000005,0.48575883622483684,0.5142411637751632,5.100467780360786e-06,1.05e-05,0.044680097755960484,0.09197999999999999
igbt_derived,igbt,derived_sensitivity,69204.0,7.9,0.48352996056515896,0.516470039434841,5.077064585934169e-06,1.05e-05,0.04447508577278332,0.09197999999999999
igbt_derived,igbt,derived_sensitivity,69642.0,7.95,0.4813113119694805,0.5186886880305195,5.0537687756795454e-06,1.05e-05,0.04427101447495282,0.09197999999999999
igbt_derived,igbt,derived_sensitivity,70080.0,8.0,0.4791028435115236,0.5208971564884763,5.0305798568709976e-06,1.05e-05,0.04406787954618994,0.09197999999999999
igbt_derived,igbt,derived_sensitivity,70518.0,8.05,0.4769045084803292,0.5230954915196708,5.007497339043457e-06,1.05e-05,0.04386567669002068,0.09197999999999999
igbt_derived,igbt,derived_sensitivity,70956.0,8.1,0.4747162603792685,0.5252837396207315,4.984520733982319e-06,1.05e-05,0.043664401629685115,0.09197999999999999
igbt_derived,igbt,derived_sensitivity,71394.0,8.15,0.4725380529250599,0.5274619470749401,4.961649555713128e-06,1.05e-05,0.043464050108047006,0.09197999999999999
igbt_derived,igbt,derived_sensitivity,71832.00000000001,8.200000000000001,0.47036984004678967,0.5296301599532104,4.938883320491291e-06,1.05e-05,0.04326461788750371,0.09197999999999999
igbt_derived,igbt,derived_sensitivity,72270.0,8.25,0.46821157588493806,0.531788424115062,4.916221546791849e-06,1.05e-05,0.0430661007498966,0.09197999999999999
igbt_derived,igbt,derived_sensitivity,72708.0,8.3,0.4660632147904086,0.5339367852095914,4.89366375529929e-06,1.05e-05,0.04286849449642178,0.09197999999999999
igbt_derived,igbt,derived_sensitivity,73146.0,8.35,0.4639247113235633,0.5360752886764367,4.8712094688974146e-06,1.05e-05,0.04267179494754135,0.09197999999999999
igbt_derived,igbt,derived_sensitivity,73584.0,8.4,0.4617960202532611,0.5382039797467388,4.848858212659241e-06,1.05e-05,0.04247599794289496,0.09197999999999999
igbt_derived,igbt,derived_sensitivity,74022.00000000001,8.450000000000001,0.45967709655590155,0.5403229034440985,4.826609513836966e-06,1.05e-05,0.04228109934121182,0.09197999999999999
igbt_derived,igbt,derived_sensitivity,74460.0,8.5,0.45756789541447224,0.5424321045855277,4.804462901851958e-06,1.05e-05,0.042087095020223154,0.09197999999999999
igbt_derived,igbt,derived_sensitivity,74898.0,8.55,0.4554683722176007,0.5445316277823993,4.7824179082848075e-06,1.05e-05,0.041893980876574914,0.09197999999999999
igbt_derived,igbt,derived_sensitivity,75336.0,8.6,0.4533784825586116,0.5466215174413884,4.760474066865421e-06,1.05e-05,0.04170175282574109,0.09197999999999999
igbt_derived,igbt,derived_sensitivity,75774.0,8.65,0.4512981822345865,0.5487018177654135,4.738630913463158e-06,1.05e-05,0.041510406801937266,0.09197999999999999
igbt_derived,igbt,derived_sensitivity,76212.00000000001,8.700000000000001,0.44922742724542974,0.5507725727545703,4.716887986077012e-06,1.05e-05,0.04131993875803463,0.09197999999999999
igbt_derived,igbt,derived_sensitivity,76650.0,8.75,0.4471661737929376,0.5528338262070623,4.695244824825845e-06,1.05e-05,0.0411303446654744,0.09197999999999999
igbt_derived,igbt,derived_sensitivity,77088.0,8.8,0.44511437827987144,0.5548856217201286,4.67370097193865e-06,1.05e-05,0.04094162051418257,0.09197999999999999
igbt_derived,igbt,derived_sensitivity,77526.0,8.85,0.4430719973090363,0.5569280026909638,4.652255971744881e-06,1.05e-05,0.040753762312485155,0.09197999999999999
igbt_derived,igbt,derived_sensitivity,77964.0,8.9,0.44103898768236244,0.5589610123176375,4.6309093706648056e-06,1.05e-05,0.0405667660870237,0.09197999999999999
igbt_derived,igbt,derived_sensitivity,78402.00000000001,8.950000000000001,0.4390153063999921,0.5609846936000079,4.6096607171999165e-06,1.05e-05,0.04038062788267127,0.09197999999999999
igbt_derived,igbt,derived_sensitivity,78840.0,9.0,0.43700091065936986,0.5629990893406301,4.588509561923383e-06,1.05e-05,0.040195343762448835,0.09197999999999999
igbt_derived,igbt,derived_sensitivity,79278.0,9.05,0.43499575785433703,0.5650042421456629,4.567455457470538e-06,1.05e-05,0.040010909807441916,0.09197999999999999
igbt_derived,igbt,derived_sensitivity,79716.0,9.1,0.4329998055742309,0.5670001944257691,4.546497958529424e-06,1.05e-05,0.03982732211671776,0.09197999999999999
igbt_derived,igbt,derived_sensitivity,80154.0,9.15,0.43101301160298766,0.5689869883970123,4.5256366218313706e-06,1.05e-05,0.03964457680724281,0.09197999999999999
igbt_derived,igbt,derived_sensitivity,80592.00000000001,9.200000000000001,0.4290353339182492,0.5709646660817508,4.504871006141616e-06,1.05e-05,0.039462670013800556,0.09197999999999999
igbt_derived,igbt,derived_sensitivity,81030.0,9.25,0.42706673069047485,0.5729332693095252,4.484200672249986e-06,1.05e-05,0.03928159788890988,0.09197999999999999
igbt_derived,igbt,derived_sensitivity,81468.0,9.3,0.425107160282056,0.574892839717944,4.463625182961587e-06,1.05e-05,0.039101356602743505,0.09197999999999999
igbt_derived,igbt,derived_sensitivity,81906.0,9.35,0.42315658124643574,0.5768434187535643,4.443144103087575e-06,1.05e-05,0.038921942343047154,0.09197999999999999
igbt_derived,igbt,derived_sensitivity,82344.0,9.4,0.42121495232723244,0.5787850476727675,4.4227569994359405e-06,1.05e-05,0.03874335131505884,0.09197999999999999
igbt_derived,igbt,derived_sensitivity,82782.00000000001,9.450000000000001,0.4192822324573668,0.5807177675426332,4.402463440802351e-06,1.05e-05,0.038565579741428595,0.09197999999999999
igbt_derived,igbt,derived_sensitivity,83220.0,9.5,0.4173583807581935,0.5826416192418065,4.382262997961032e-06,1.05e-05,0.038388623862138635,0.09197999999999999
igbt_derived,igbt,derived_sensitivity,83658.0,9.55,0.41544335653863623,0.5845566434613637,4.3621552436556805e-06,1.05e-05,0.03821247993442376,0.09197999999999999
igbt_derived,igbt,derived_sensitivity,84096.00000000001,9.600000000000001,0.4135371192943275,0.5864628807056725,4.342139752590438e-06,1.05e-05,0.03803714423269224,0.09197999999999999
igbt_derived,igbt,derived_sensitivity,84534.0,9.65,0.41163962870675175,0.5883603712932483,4.322216101420893e-06,1.05e-05,0.03786261304844702,0.09197999999999999
igbt_derived,igbt,derived_sensitivity,84972.00000000001,9.700000000000001,0.40975084464239214,0.5902491553576078,4.302383868745117e-06,1.05e-05,0.037688882690207225,0.09197999999999999
igbt_derived,igbt,derived_sensitivity,85410.0,9.75,0.40787072715188266,0.5921292728481173,4.282642635094768e-06,1.05e-05,0.037515949483430164,0.09197999999999999
igbt_derived,igbt,derived_sensitivity,85848.0,9.8,0.40599923646916214,0.5940007635308379,4.262991982926202e-06,1.05e-05,0.03734380977043353,0.09197999999999999
igbt_derived,igbt,derived_sensitivity,86286.00000000001,9.850000000000001,0.40413633301063384,0.5958636669893661,4.243431496611655e-06,1.05e-05,0.0371724599103181,0.09197999999999999
igbt_derived,igbt,derived_sensitivity,86724.0,9.9,0.40228197737432814,0.5977180226256719,4.2239607624304455e-06,1.05e-05,0.0370018962788907,0.09197999999999999
igbt_derived,igbt,derived_sensitivity,87162.00000000001,9.950000000000001,0.40043613033906855,0.5995638696609314,4.204579368560219e-06,1.05e-05,0.03683211526858752,0.09197999999999999
igbt_derived,igbt,derived_sensitivity,87600.0,10.0,0.3985987528636433,0.6014012471363567,4.1852869050682546e-06,1.05e-05,0.03666311328839791,0.09197999999999999
igbt_derived,igbt,derived_sensitivity,88038.0,10.05,0.3967698060859783,0.6032301939140218,4.166082963902772e-06,1.05e-05,0.03649488676378828,0.09197999999999999
igbt_derived,igbt,derived_sensitivity,88476.00000000001,10.100000000000001,0.394949251322316,0.6050507486776839,4.146967138884318e-06,1.05e-05,0.036327432136626626,0.09197999999999999
igbt_derived,igbt,derived_sensitivity,88914.0,10.15,0.3931370500663973,0.6068629499336027,4.127939025697172e-06,1.05e-05,0.03616074586510722,0.09197999999999999
igbt_derived,igbt,derived_sensitivity,89352.00000000001,10.200000000000001,0.39133316398864615,0.6086668360113539,4.108998221880784e-06,1.05e-05,0.035994824423675666,0.09197999999999999
igbt_derived,igbt,derived_sensitivity,89790.0,10.25,0.3895375549353602,0.6104624450646399,4.0901443268212815e-06,1.05e-05,0.03582966430295443,0.09197999999999999
igbt_derived,igbt,derived_sensitivity,90228.0,10.3,0.3877501849279024,0.6122498150720976,4.071376941742976e-06,1.05e-05,0.035665262009668464,0.09197999999999999
igbt_derived,igbt,derived_sensitivity,90666.00000000001,10.350000000000001,0.38597101616189894,0.614028983838101,4.0526956696999385e-06,1.05e-05,0.035501614066571464,0.09197999999999999
igbt_derived,igbt,derived_sensitivity,91104.0,10.4,0.38420001100643913,0.6157999889935609,4.034100115567611e-06,1.05e-05,0.03533871701237227,0.09197999999999999
igbt_derived,igbt,derived_sensitivity,91542.00000000001,10.450000000000001,0.38243713200327906,0.617562867996721,4.01558988603443e-06,1.05e-05,0.03517656740166161,0.09197999999999999
igbt_derived,igbt,derived_sensitivity,91980.0,10.5,0.38068234186605027,0.6193176581339498,3.997164589593528e-06,1.05e-05,0.0350151618048393,0.09197999999999999
igbt_derived,igbt,derived_sensitivity,92418.0,10.55,0.37893560347947014,0.6210643965205299,3.978823836534436e-06,1.05e-05,0.03485449680804166,0.09197999999999999
igbt_derived,igbt,derived_sensitivity,92856.00000000001,10.600000000000001,0.3771968798985576,0.6228031201014425,3.960567238934855e-06,1.05e-05,0.034694569013069325,0.09197999999999999
igbt_derived,igbt,derived_sensitivity,93294.0,10.65,0.3754661343478515,0.6245338656521485,3.94239441065244e-06,1.05e-05,0.03453537503731537,0.09197999999999999
igbt_derived,igbt,derived_sensitivity,93732.00000000001,10.700000000000001,0.37374333022063244,0.6262566697793676,3.92430496731664e-06,1.05e-05,0.03437691151369377,0.09197999999999999
igbt_derived,igbt,derived_sensitivity,94170.0,10.75,0.3720284310781491,0.6279715689218509,3.906298526320565e-06,1.05e-05,0.03421917509056815,0.09197999999999999
igbt_derived,igbt,derived_sensitivity,94608.0,10.8,0.3703214006488469,0.6296785993511531,3.888374706812892e-06,1.05e-05,0.034062162431680934,0.09197999999999999
igbt_derived,igbt,derived_sensitivity,95046.00000000001,10.850000000000001,0.3686222028276013,0.6313777971723987,3.870533129689813e-06,1.05e-05,0.03390587021608277,0.09197999999999999
igbt_derived,igbt,derived_sensitivity,95484.0,10.9,0.36693080167495407,0.6330691983250459,3.852773417587018e-06,1.05e-05,0.033750295138062276,0.09197999999999999
igbt_derived,igbt,derived_sensitivity,95922.00000000001,10.950000000000001,0.36524716141635283,0.6347528385836472,3.8350951948717045e-06,1.05e-05,0.03359543390707613,0.09197999999999999
igbt_derived,igbt,derived_sensitivity,96360.0,11.0,0.363571246441395,0.6364287535586051,3.817498087634647e-06,1.05e-05,0.033441283247679504,0.09197999999999999
igbt_derived,igbt,derived_sensitivity,96798.0,11.05,0.3619030213030737,0.6380969786969263,3.799981723682274e-06,1.05e-05,0.03328783989945672,0.09197999999999999
igbt_derived,igbt,derived_sensitivity,97236.00000000001,11.100000000000001,0.3602424507170289,0.6397575492829711,3.7825457325288028e-06,1.05e-05,0.03313510061695231,0.09197999999999999
igbt_derived,igbt,derived_sensitivity,97674.0,11.15,0.3585894995608008,0.6414105004391992,3.7651897453884077e-06,1.05e-05,0.03298306216960245,0.09197999999999999
igbt_derived,igbt,derived_sensitivity,98112.00000000001,11.200000000000001,0.3569441328730866,0.6430558671269134,3.747913395167409e-06,1.05e-05,0.0328317213416665,0.09197999999999999
igbt_derived,igbt,derived_sensitivity,98550.0,11.25,0.3553063158530018,0.6446936841469982,3.730716316456519e-06,1.05e-05,0.032681074932159104,0.09197999999999999
igbt_derived,igbt,derived_sensitivity,98988.0,11.3,0.35367601385934333,0.6463239861406567,3.713598145523105e-06,1.05e-05,0.0325311197547824,0.09197999999999999
igbt_derived,igbt,derived_sensitivity,99426.00000000001,11.350000000000001,0.3520531924098574,0.6479468075901426,3.6965585203035023e-06,1.05e-05,0.03238185263785868,0.09197999999999999
igbt_derived,igbt,derived_sensitivity,99864.0,11.4,0.3504378171805101,0.6495621828194899,3.679597080395356e-06,1.05e-05,0.03223327042426332,0.09197999999999999
igbt_derived,igbt,derived_sensitivity,100302.00000000001,11.450000000000001,0.3488298540047609,0.651170145995239,3.6627134670499893e-06,1.05e-05,0.032085369971357906,0.09197999999999999
igbt_derived,igbt,derived_sensitivity,100740.0,11.5,0.34722926887284106,0.6527707311271589,3.645907323164831e-06,1.05e-05,0.03193814815092392,0.09197999999999999
igbt_derived,igbt,derived_sensitivity,101178.0,11.55,0.3456360279310331,0.6543639720689669,3.629178293275847e-06,1.05e-05,0.03179160184909642,0.09197999999999999
igbt_derived,igbt,derived_sensitivity,101616.00000000001,11.600000000000001,0.34405009748095544,0.6559499025190446,3.612526023550032e-06,1.05e-05,0.03164572796629828,0.09197999999999999
igbt_derived,igbt,derived_sensitivity,102054.0,11.65,0.3424714439788499,0.6575285560211501,3.5959501617779234e-06,1.05e-05,0.03150052341717461,0.09197999999999999
igbt_derived,igbt,derived_sensitivity,102492.00000000001,11.700000000000001,0.3409000340348712,0.6590999659651289,3.5794503573661474e-06,1.05e-05,0.03135598513052745,0.09197999999999999
igbt_derived,igbt,derived_sensitivity,102930.0,11.75,0.339335834412382,0.660664165587618,3.563026261330011e-06,1.05e-05,0.031212110049250896,0.09197999999999999
igbt_derived,igbt,derived_sensitivity,103368.0,11.8,0.337778812027249,0.662221187972751,3.5466775262861145e-06,1.05e-05,0.031068895130266363,0.09197999999999999
igbt_derived,igbt,derived_sensitivity,103806.00000000001,11.850000000000001,0.3362289339471435,0.6637710660528565,3.5304038064450063e-06,1.05e-05,0.030926337344458255,0.09197999999999999
igbt_derived,igbt,derived_sensitivity,104244.0,11.9,0.3346861673908449,0.6653138326091551,3.5142047576038713e-06,1.05e-05,0.030784433676609914,0.09197999999999999
igbt_derived,igbt,derived_sensitivity,104682.00000000001,11.950000000000001,0.3331504797275472,0.6668495202724528,3.4980800371392454e-06,1.05e-05,0.03064318112533979,0.09197999999999999
igbt_derived,igbt,derived_sensitivity,105120.0,12.0,0.3316218384761691,0.6683781615238309,3.4820293039997754e-06,1.05e-05,0.030502576703038034,0.09197999999999999
igbt_derived,igbt,derived_sensitivity,105558.0,12.05,0.3301002113046666,0.6698997886953334,3.466052218698999e-06,1.05e-05,0.030362617435803232,0.09197999999999999
igbt_derived,igbt,derived_sensitivity,105996.00000000001,12.100000000000001,0.3285855660293494,0.6714144339706506,3.4501484433081687e-06,1.05e-05,0.030223300363379557,0.09197999999999999
igbt_derived,igbt,derived_sensitivity,106434.0,12.15,0.32707787061420046,0.6729221293857995,3.4343176414491047e-06,1.05e-05,0.030084622539094157,0.09197999999999999
igbt_derived,igbt,derived_sensitivity,106872.00000000001,12.200000000000001,0.3255770931701977,0.6744229068298023,3.4185594782870755e-06,1.05e-05,0.02994658102979478,0.09197999999999999
igbt_derived,igbt,derived_sensitivity,107310.0,12.25,0.32408320195464024,0.6759167980453598,3.4028736205237223e-06,1.05e-05,0.02980917291578781,0.09197999999999999
igbt_derived,igbt,derived_sensitivity,107748.0,12.3,0.3225961653704764,0.6774038346295236,3.387259736390002e-06,1.05e-05,0.029672395290776418,0.09197999999999999
igbt_derived,igbt,derived_sensitivity,108186.00000000001,12.350000000000001,0.321115951965636,0.678884048034364,3.371717495639178e-06,1.05e-05,0.0295362452617992,0.09197999999999999
igbt_derived,igbt,derived_sensitivity,108624.0,12.4,0.31964253043236474,0.6803574695676353,3.3562465695398293e-06,1.05e-05,0.029400719949168905,0.09197999999999999
igbt_derived,igbt,derived_sensitivity,109062.00000000001,12.450000000000001,0.3181758696065619,0.6818241303934381,3.3408466308688998e-06,1.05e-05,0.02926581648641156,0.09197999999999999
igbt_derived,igbt,derived_sensitivity,109500.0,12.5,0.3167159384671217,0.6832840615328782,3.3255173539047776e-06,1.05e-05,0.029131532020205853,0.09197999999999999
igbt_derived,igbt,derived_sensitivity,109938.0,12.55,0.31526270613527657,0.6847372938647235,3.3102584144204036e-06,1.05e-05,0.028997863710322737,0.09197999999999999
igbt_derived,igbt,derived_sensitivity,110376.00000000001,12.600000000000001,0.31381614187394447,0.6861838581260555,3.2950694896764166e-06,1.05e-05,0.02886480872956541,0.09197999999999999
igbt_derived,igbt,derived_sensitivity,110814.0,12.65,0.31237621508707886,0.6876237849129212,3.279950258414328e-06,1.05e-05,0.028732364263709512,0.09197999999999999
igbt_derived,igbt,derived_sensitivity,111252.00000000001,12.700000000000001,0.3109428953190208,0.6890571046809792,3.264900400849718e-06,1.05e-05,0.02860052751144353,0.09197999999999999
igbt_derived,igbt,derived_sensitivity,111690.0,12.75,0.30951615225385604,0.6904838477461439,3.249919598665488e-06,1.05e-05,0.028469295684309677,0.09197999999999999
igbt_derived,igbt,derived_sensitivity,112128.0,12.8,0.3080959557147725,0.6919040442852276,3.235007535005111e-06,1.05e-05,0.02833866600664477,0.09197999999999999
igbt_derived,igbt,derived_sensitivity,112566.00000000001,12.850000000000001,0.3066822756634228,0.6933177243365771,3.2201638944659395e-06,1.05e-05,0.02820863571552163,0.09197999999999999
igbt_derived,igbt,derived_sensitivity,113004.0,12.9,0.3052750821992891,0.6947249178007109,3.2053883630925355e-06,1.05e-05,0.02807920206069061,0.09197999999999999
igbt_derived,igbt,derived_sensitivity,113442.00000000001,12.950000000000001,0.3038743455590498,0.6961256544409502,3.1906806283700228e-06,1.05e-05,0.0279503623045214,0.09197999999999999
igbt_derived,igbt,derived_sensitivity,113880.0,13.0,0.3024800361159507,0.6975199638840494,3.1760403792174823e-06,1.05e-05,0.027822113721945145,0.09197999999999999
igbt_derived,igbt,derived_sensitivity,114318.0,13.05,0.3010921243791784,0.6989078756208216,3.1614673059813732e-06,1.05e-05,0.02769445360039683,0.09197999999999999
igbt_derived,igbt,derived_sensitivity,114756.00000000001,13.100000000000001,0.29971058099323605,0.7002894190067639,3.1469611004289786e-06,1.05e-05,0.027567379239757852,0.09197999999999999
igbt_derived,igbt,derived_sensitivity,115194.0,13.15,0.29833537673732313,0.7016646232626769,3.1325214557418925e-06,1.05e-05,0.02744088795229898,0.09197999999999999
igbt_derived,igbt,derived_sensitivity,115632.00000000001,13.200000000000001,0.2969664825247166,0.7030335174752834,3.118148066509524e-06,1.05e-05,0.02731497706262343,0.09197999999999999
igbt_derived,igbt,derived_sensitivity,116070.0,13.25,0.29560386940215655,0.7043961305978435,3.1038406287226434e-06,1.05e-05,0.027189643907610358,0.09197999999999999
igbt_derived,igbt,derived_sensitivity,116508.0,13.3,0.294247508549233,0.705752491450767,3.089598839766946e-06,1.05e-05,0.027064885836358448,0.09197999999999999
igbt_derived,igbt,derived_sensitivity,116946.00000000001,13.350000000000001,0.29289737127777693,0.7071026287222231,3.0754223984166576e-06,1.05e-05,0.026940700210129922,0.09197999999999999
igbt_derived,igbt,derived_sensitivity,117384.0,13.4,0.2915534290312535,0.7084465709687465,3.0613110048281614e-06,1.05e-05,0.026817084402294696,0.09197999999999999
igbt_derived,igbt,derived_sensitivity,117822.00000000001,13.450000000000001,0.2902156533841573,0.7097843466158427,3.0472643605336514e-06,1.05e-05,0.026694035798274788,0.09197999999999999
igbt_derived,igbt,derived_sensitivity,118260.0,13.5,0.28888401604141206,0.711115983958588,3.0332821684348264e-06,1.05e-05,0.02657155179548908,0.09197999999999999
igbt_derived,igbt,derived_sensitivity,118698.0,13.55,0.28755848883777174,0.7124415111622283,3.0193641327966033e-06,1.05e-05,0.026449629803298246,0.09197999999999999
igbt_derived,igbt,derived_sensitivity,119136.00000000001,13.600000000000001,0.28623904373722475,0.7137609562627752,3.00550995924086e-06,1.05e-05,0.026328267242949933,0.09197999999999999
igbt_derived,igbt,derived_sensitivity,119574.0,13.65,0.2849256528324013,0.7150743471675988,2.9917193547402134e-06,1.05e-05,0.02620746154752427,0.09197999999999999
igbt_derived,igbt,derived_sensitivity,120012.00000000001,13.700000000000001,0.28361828834398245,0.7163817116560175,2.9779920276118154e-06,1.05e-05,0.026087210161879502,0.09197999999999999
igbt_derived,igbt,derived_sensitivity,120450.0,13.75,0.28231692262011376,0.7176830773798862,2.9643276875111944e-06,1.05e-05,0.025967510542598063,0.09197999999999999
igbt_derived,igbt,derived_sensitivity,120888.0,13.8,0.28102152813581893,0.7189784718641811,2.9507260454260986e-06,1.05e-05,0.025848360157932623,0.09197999999999999
igbt_derived,igbt,derived_sensitivity,121326.00000000001,13.850000000000001,0.27973207749241874,0.7202679225075813,2.9371868136703964e-06,1.05e-05,0.025729756487752675,0.09197999999999999
igbt_derived,igbt,derived_sensitivity,121764.0,13.9,0.27844854341695136,0.7215514565830486,2.923709705877989e-06,1.05e-05,0.025611697023491184,0.09197999999999999
igbt_derived,igbt,derived_sensitivity,122202.00000000001,13.950000000000001,0.27717089876159495,0.722829101238405,2.910294436996747e-06,1.05e-05,0.025494179268091503,0.09197999999999999
igbt_derived,igbt,derived_sensitivity,122640.0,14.0,0.2758991165030942,0.7241008834969058,2.8969407232824886e-06,1.05e-05,0.025377200735954602,0.09197999999999999
igbt_derived,igbt,derived_sensitivity,123078.0,14.05,0.27463316974218804,0.725366830257812,2.883648282292974e-06,1.05e-05,0.025260758952886455,0.09197999999999999
igbt_derived,igbt,derived_sensitivity,123516.00000000001,14.100000000000001,0.27337303170304134,0.7266269682969586,2.870416832881934e-06,1.05e-05,0.02514485145604574,0.09197999999999999
igbt_derived,igbt,derived_sensitivity,123954.0,14.15,0.27211867573267823,0.7278813242673218,2.8572460951931214e-06,1.05e-05,0.025029475793891743,0.09197999999999999
igbt_derived,igbt,derived_sensitivity,124392.00000000001,14.200000000000001,0.27087007530041846,0.7291299246995815,2.8441357906543935e-06,1.05e-05,0.02491462952613249,0.09197999999999999
igbt_derived,igbt,derived_sensitivity,124830.0,14.25,0.2696272039973162,0.7303727960026838,2.83108564197182e-06,1.05e-05,0.024800310223673145,0.09197999999999999
igbt_derived,igbt,derived_sensitivity,125268.0,14.3,0.26839003553560153,0.7316099644643985,2.818095373123816e-06,1.05e-05,0.02468651546856463,0.09197999999999999
igbt_derived,igbt,derived_sensitivity,125706.00000000001,14.350000000000001,0.26715854374812426,0.7328414562518758,2.8051647093553045e-06,1.05e-05,0.024573242853952466,0.09197999999999999
igbt_derived,igbt,derived_sensitivity,126144.0,14.4,0.26593270258780094,0.734067297412199,2.7922933771719095e-06,1.05e-05,0.02446048998402593,0.09197999999999999
igbt_derived,igbt,derived_sensitivity,126582.00000000001,14.450000000000001,0.2647124861270633,0.7352875138729368,2.779481104334164e-06,1.05e-05,0.02434825447396728,0.09197999999999999
igbt_derived,igbt,derived_sensitivity,127020.0,14.5,0.2634978685573104,0.7365021314426896,2.766727619851759e-06,1.05e-05,0.02423653394990141,0.09197999999999999
igbt_derived,igbt,derived_sensitivity,127458.0,14.55,0.26228882418836236,0.7377111758116377,2.7540326539778047e-06,1.05e-05,0.02412532604884557,0.09197999999999999
igbt_derived,igbt,derived_sensitivity,127896.00000000001,14.600000000000001,0.2610853274479173,0.7389146725520827,2.7413959382031312e-06,1.05e-05,0.02401462841865943,0.09197999999999999
igbt_derived,igbt,derived_sensitivity,128334.0,14.65,0.25988735288101034,0.7401126471189897,2.7288172052506083e-06,1.05e-05,0.02390443871799533,0.09197999999999999
igbt_derived,igbt,derived_sensitivity,128772.00000000001,14.700000000000001,0.2586948751494751,0.7413051248505249,2.7162961890694882e-06,1.05e-05,0.023794754616248717,0.09197999999999999
igbt_derived,igbt,derived_sensitivity,129210.0,14.75,0.257507869031408,0.742492130968592,2.7038326248297836e-06,1.05e-05,0.023685573793508902,0.09197999999999999
igbt_derived,igbt,derived_sensitivity,129648.0,14.8,0.25632630942063445,0.7436736905793656,2.6914262489166617e-06,1.05e-05,0.023576893940509956,0.09197999999999999
igbt_derived,igbt,derived_sensitivity,130086.00000000001,14.850000000000001,0.25515017132617823,0.7448498286738218,2.6790767989248713e-06,1.05e-05,0.023468712758581874,0.09197999999999999
igbt_derived,igbt,derived_sensitivity,130524.0,14.9,0.25397942987173294,0.7460205701282671,2.6667840136531958e-06,1.05e-05,0.023361027959601995,0.09197999999999999
igbt_derived,igbt,derived_sensitivity,130962.00000000001,14.950000000000001,0.2528140602951351,0.7471859397048649,2.6545476330989183e-06,1.05e-05,0.023253837265946525,0.09197999999999999
igbt_derived,igbt,derived_sensitivity,131400.0,15.0,0.2516540379478415,0.7483459620521584,2.642367398452336e-06,1.05e-05,0.023147138410442462,0.09197999999999999
igbt_derived,igbt,derived_sensitivity,131838.0,15.05,0.25049933829440696,0.749500661705593,2.630243052091273e-06,1.05e-05,0.02304092913631955,0.09197999999999999
igbt_derived,igbt,derived_sensitivity,132276.0,15.100000000000001,0.24934993691196586,0.7506500630880342,2.6181743375756412e-06,1.05e-05,0.02293520719716262,0.09197999999999999
igbt_derived,igbt,derived_sensitivity,132714.0,15.15,0.24820580948971543,0.7517941905102846,2.606160999642012e-06,1.05e-05,0.022829970356864022,0.09197999999999999
igbt_derived,igbt,derived_sensitivity,133152.0,15.200000000000001,0.24706693182840161,0.7529330681715984,2.5942027841982167e-06,1.05e-05,0.022725216389576378,0.09197999999999999
igbt_derived,igbt,derived_sensitivity,133590.0,15.25,0.24593327983980715,0.7540667201601928,2.582299438317975e-06,1.05e-05,0.022620943079665463,0.09197999999999999
igbt_derived,igbt,derived_sensitivity,134028.0,15.3,0.24480482954624225,0.7551951704537577,2.5704507102355433e-06,1.05e-05,0.02251714822166336,0.09197999999999999
igbt_derived,igbt,derived_sensitivity,134466.0,15.350000000000001,0.2436815570800371,0.7563184429199629,2.5586563493403896e-06,1.05e-05,0.022413829620221815,0.09197999999999999
igbt_derived,igbt,derived_sensitivity,134904.0,15.4,0.24256343868303754,0.7574365613169625,2.546916106171894e-06,1.05e-05,0.02231098509006579,0.09197999999999999
igbt_derived,igbt,derived_sensitivity,135342.0,15.450000000000001,0.2414504507061021,0.7585495492938978,2.535229732414072e-06,1.05e-05,0.02220861245594727,0.09197999999999999
igbt_derived,igbt,derived_sensitivity,135780.0,15.5,0.24034256960860215,0.7596574303913979,2.5235969808903226e-06,1.05e-05,0.022106709552599225,0.09197999999999999
igbt_derived,igbt,derived_sensitivity,136218.0,15.55,0.2392397719579237,0.7607602280420763,2.5120176055581986e-06,1.05e-05,0.02200527422468982,0.09197999999999999
igbt_derived,igbt,derived_sensitivity,136656.0,15.600000000000001,0.238142034428972,0.761857965571028,2.500491361504206e-06,1.05e-05,0.021904304326776845,0.09197999999999999
igbt_derived,igbt,derived_sensitivity,137094.0,15.65,0.23704933380367813,0.7629506661963219,2.48901800493862e-06,1.05e-05,0.02180379772326231,0.09197999999999999
igbt_derived,igbt,derived_sensitivity,137532.0,15.700000000000001,0.23596164697050787,0.7640383530294922,2.4775972931903326e-06,1.05e-05,0.021703752288347315,0.09197999999999999
igbt_derived,igbt,derived_sensitivity,137970.0,15.75,0.23487895092397287,0.7651210490760271,2.466228984701715e-06,1.05e-05,0.021604165905987023,0.09197999999999999
igbt_derived,igbt,derived_sensitivity,138408.0,15.8,0.2338012227641442,0.7661987772358558,2.4549128390235137e-06,1.05e-05,0.02150503646984598,0.09197999999999999
igbt_derived,igbt,derived_sensitivity,138846.0,15.850000000000001,0.23272843969616785,0.7672715603038321,2.443648616809762e-06,1.05e-05,0.021406361883253518,0.09197999999999999
igbt_derived,igbt,derived_sensitivity,139284.0,15.9,0.23166057902978257,0.7683394209702175,2.432436079812717e-06,1.05e-05,0.0213081400591594,0.09197999999999999
igbt_derived,igbt,derived_sensitivity,139722.0,15.950000000000001,0.23059761817884014,0.7694023818211598,2.4212749908778215e-06,1.05e-05,0.021210368920089716,0.09197999999999999
igbt_derived,igbt,derived_sensitivity,140160.0,16.0,0.2295395346608275,0.7704604653391726,2.4101651139386885e-06,1.05e-05,0.02111304639810291,0.09197999999999999
igbt_derived,igbt,derived_sensitivity,140598.0,16.05,0.22848630609639126,0.7715136939036088,2.3991062140121083e-06,1.05e-05,0.02101617043474607,0.09197999999999999
igbt_derived,igbt,derived_sensitivity,141036.0,16.1,0.2274379102088644,0.7725620897911356,2.388098057193076e-06,1.05e-05,0.02091973898101135,0.09197999999999999
igbt_derived,igbt,derived_sensitivity,141474.00000000003,16.150000000000002,0.22639432482379498,0.773605675176205,2.3771404106498474e-06,1.05e-05,0.020823749997292664,0.09197999999999999
igbt_derived,igbt,derived_sensitivity,141912.0,16.2,0.22535552786847748,0.7746444721315225,2.3662330426190135e-06,1.05e-05,0.02072820145334256,0.09197999999999999
igbt_derived,igbt,derived_sensitivity,142350.0,16.25,0.2243214973714853,0.7756785026285147,2.3553757224005955e-06,1.05e-05,0.020633091328229217,0.09197999999999999
igbt_derived,igbt,derived_sensitivity,142788.0,16.3,0.2232922114622067,0.7767077885377933,2.3445682203531703e-06,1.05e-05,0.02053841761029377,0.09197999999999999
igbt_derived,igbt,derived_sensitivity,143226.0,16.35,0.22226764837038188,0.7777323516296182,2.3338103078890096e-06,1.05e-05,0.020444178297107724,0.09197999999999999
igbt_derived,igbt,derived_sensitivity,143664.00000000003,16.400000000000002,0.22124778642564247,0.7787522135743575,2.323101757469246e-06,1.05e-05,0.020350371395430594,0.09197999999999999
igbt_derived,igbt,derived_sensitivity,144102.0,16.45,0.22023260405705367,0.7797673959429463,2.3124423425990634e-06,1.05e-05,0.020256994921167795,0.09197999999999999
igbt_derived,igbt,derived_sensitivity,144540.0,16.5,0.2192220797926571,0.7807779202073429,2.301831837822899e-06,1.05e-05,0.020164046899328596,0.09197999999999999
igbt_derived,igbt,derived_sensitivity,144978.0,16.55,0.21821619225901756,0.7817838077409824,2.2912700187196844e-06,1.05e-05,0.020071525363984436,0.09197999999999999
igbt_derived,igbt,derived_sensitivity,145416.0,16.6,0.21721492018077052,0.7827850798192295,2.2807566618980905e-06,1.05e-05,0.01997942835822727,0.09197999999999999
igbt_derived,igbt,derived_sensitivity,145854.00000000003,16.650000000000002,0.21621824238017212,0.7837817576198279,2.2702915449918073e-06,1.05e-05,0.01988775393412823,0.09197999999999999
igbt_derived,igbt,derived_sensitivity,146292.0,16.7,0.2152261377766515,0.7847738622233484,2.2598744466548408e-06,1.05e-05,0.019796500152696406,0.09197999999999999
igbt_derived,igbt,derived_sensitivity,146730.0,16.75,0.21423858538636453,0.7857614146136355,2.2495051465568277e-06,1.05e-05,0.01970566508383781,0.09197999999999999
igbt_derived,igbt,derived_sensitivity,147168.0,16.8,0.21325556432175036,0.7867444356782496,2.2391834253783785e-06,1.05e-05,0.019615246806314594,0.09197999999999999
igbt_derived,igbt,derived_sensitivity,147606.0,16.85,0.2122770537910894,0.7877229462089106,2.2289090648064387e-06,1.05e-05,0.019525243407704403,0.09197999999999999
igbt_derived,igbt,derived_sensitivity,148044.00000000003,16.900000000000002,0.21130303309806361,0.7886969669019364,2.218681847529668e-06,1.05e-05,0.01943565298435989,0.09197999999999999
igbt_derived,igbt,derived_sensitivity,148482.0,16.95,0.21033348164131907,0.789666518358681,2.2085015572338503e-06,1.05e-05,0.019346473641368527,0.09197999999999999
igbt_derived,igbt,derived_sensitivity,148920.0,17.0,0.2093683789140294,0.7906316210859706,2.1983679785973087e-06,1.05e-05,0.019257703492512424,0.09197999999999999
igbt_derived,igbt,derived_sensitivity,149358.0,17.05,0.20840770450346305,0.791592295496537,2.188280897286362e-06,1.05e-05,0.01916934066022853,0.09197999999999999
igbt_derived,igbt,derived_sensitivity,149796.0,17.1,0.20745143809055092,0.7925485619094491,2.1782400999507844e-06,1.05e-05,0.01908138327556887,0.09197999999999999
igbt_derived,igbt,derived_sensitivity,150234.00000000003,17.150000000000002,0.20649955944945667,0.7935004405505434,2.168245374219295e-06,1.05e-05,0.018993829478161025,0.09197999999999999
igbt_derived,igbt,derived_sensitivity,150672.0,17.2,0.20555204844714925,0.7944479515528508,2.158296508695067e-06,1.05e-05,0.018906677416168787,0.09197999999999999
igbt_derived,igbt,derived_sensitivity,151110.0,17.25,0.20460888504297658,0.7953911149570234,2.148393292951254e-06,1.05e-05,0.018819925246252985,0.09197999999999999
igbt_derived,igbt,derived_sensitivity,151548.0,17.3,0.20367004928824203,0.7963299507117579,2.1385355175265414e-06,1.05e-05,0.018733571133532502,0.09197999999999999
igbt_derived,igbt,derived_sensitivity,151986.0,17.35,0.20273552132578243,0.7972644786742176,2.1287229739207153e-06,1.05e-05,0.018647613251545465,0.09197999999999999
igbt_derived,igbt,derived_sensitivity,152424.00000000003,17.400000000000002,0.20180528138954787,0.7981947186104521,2.1189554545902523e-06,1.05e-05,0.01856204978221061,0.09197999999999999
igbt_derived,igbt,derived_sensitivity,152862.0,17.45,0.2008793098041841,0.7991206901958159,2.109232752943933e-06,1.05e-05,0.018476878915788853,0.09197999999999999
igbt_derived,igbt,derived_sensitivity,153300.0,17.5,0.1999575869846157,0.8000424130153843,2.0995546633384648e-06,1.05e-05,0.018392098850844953,0.09197999999999999
igbt_derived,igbt,derived_sensitivity,153738.0,17.55,0.1990400934356324,0.8009599065643677,2.08992098107414e-06,1.05e-05,0.018307707794209465,0.09197999999999999
igbt_derived,igbt,derived_sensitivity,154176.0,17.6,0.1981268097514765,0.8018731902485234,2.0803315023905033e-06,1.05e-05,0.01822370396094081,0.09197999999999999
igbt_derived,igbt,derived_sensitivity,154614.00000000003,17.650000000000002,0.19721771661543247,0.8027822833845675,2.0707860244620406e-06,1.05e-05,0.018140085574287475,0.09197999999999999
igbt_derived,igbt,derived_sensitivity,155052.0,17.7,0.19631279479941866,0.8036872052005813,2.0612843453938957e-06,1.05e-05,0.018056850865650526,0.09197999999999999
igbt_derived,igbt,derived_sensitivity,155490.0,17.75,0.19541202516357978,0.8045879748364202,2.0518262642175875e-06,1.05e-05,0.017973998074546065,0.09197999999999999
igbt_derived,igbt,derived_sensitivity,155928.0,17.8,0.19451538865588305,0.805484611344117,2.042411580886772e-06,1.05e-05,0.017891525448568125,0.09197999999999999
igbt_derived,igbt,derived_sensitivity,156366.0,17.85,0.19362286631171471,0.8063771336882852,2.0330400962730043e-06,1.05e-05,0.017809431243351517,0.09197999999999999
igbt_derived,igbt,derived_sensitivity,156804.00000000003,17.900000000000002,0.19273443925347894,0.807265560746521,2.0237116121615287e-06,1.05e-05,0.017727713722534993,0.09197999999999999
igbt_derived,igbt,derived_sensitivity,157242.0,17.95,0.19185008869019884,0.8081499113098012,2.014425931247088e-06,1.05e-05,0.01764637115772449,0.09197999999999999
igbt_derived,igbt,derived_sensitivity,157680.0,18.0,0.19096979591711855,0.8090302040828814,2.0051828571297445e-06,1.05e-05,0.01756540182845656,0.09197999999999999
igbt_derived,igbt,derived_sensitivity,158118.0,18.05,0.19009354231530803,0.8099064576846919,1.995982194310734e-06,1.05e-05,0.01748480402216203,0.09197999999999999
igbt_derived,igbt,derived_sensitivity,158556.0,18.1,0.18922130935126902,0.810778690648731,1.9868237481883246e-06,1.05e-05,0.017404576034129725,0.09197999999999999
igbt_derived,igbt,derived_sensitivity,158994.00000000003,18.150000000000002,0.1883530785765431,0.811646921423457,1.9777073250537022e-06,1.05e-05,0.01732471616747043,0.09197999999999999
igbt_derived,igbt,derived_sensitivity,159432.0,18.2,0.18748883162732177,0.8125111683726782,1.9686327320868783e-06,1.05e-05,0.017245222733081055,0.09197999999999999
igbt_derived,igbt,derived_sensitivity,159870.0,18.25,0.1866285502240574,0.8133714497759426,1.9595997773526026e-06,1.05e-05,0.0171660940496088,0.09197999999999999
igbt_derived,igbt,derived_sensitivity,160308.0,18.3,0.18577221617107717,0.8142277838289228,1.9506082697963103e-06,1.05e-05,0.017087328443415678,0.09197999999999999
igbt_derived,igbt,derived_sensitivity,160746.0,18.35,0.18491981135619806,0.8150801886438019,1.9416580192400795e-06,1.05e-05,0.017008924248543097,0.09197999999999999
igbt_derived,igbt,derived_sensitivity,161184.00000000003,18.400000000000002,0.1840713177503436,0.8159286822496564,1.932748836378608e-06,1.05e-05,0.016930879806676607,0.09197999999999999
igbt_derived,igbt,derived_sensitivity,161622.0,18.45,0.18322671740716293,0.8167732825928371,1.9238805327752105e-06,1.05e-05,0.016853193467110845,0.09197999999999999
igbt_derived,igbt,derived_sensitivity,162060.0,18.5,0.18238599246265058,0.8176140075373494,1.915052920857831e-06,1.05e-05,0.0167758635867146,0.09197999999999999
igbt_derived,igbt,derived_sensitivity,162498.0,18.55,0.1815491251347693,0.8184508748652307,1.9062658139150777e-06,1.05e-05,0.01669888852989608,0.09197999999999999
igbt_derived,igbt,derived_sensitivity,162936.0,18.6,0.18071609772307362,0.8192839022769264,1.8975190260922728e-06,1.05e-05,0.01662226666856831,0.09197999999999999
igbt_derived,igbt,derived_sensitivity,163374.00000000003,18.650000000000002,0.17988689260833535,0.8201131073916647,1.888812372387521e-06,1.05e-05,0.016545996382114684,0.09197999999999999
igbt_derived,igbt,derived_sensitivity,163812.0,18.7,0.17906149225217138,0.8209385077478286,1.8801456686477994e-06,1.05e-05,0.016470076057354722,0.09197999999999999
igbt_derived,igbt,derived_sensitivity,164250.0,18.75,0.1782398791966721,0.8217601208033278,1.871518731565057e-06,1.05e-05,0.016394504088509898,0.09197999999999999
igbt_derived,igbt,derived_sensitivity,164688.0,18.8,0.17742203606403273,0.8225779639359673,1.8629313786723435e-06,1.05e-05,0.01631927887716973,0.09197999999999999
igbt_derived,igbt,derived_sensitivity,165126.0,18.85,0.1766079455561854,0.8233920544438146,1.8543834283399465e-06,1.05e-05,0.016244398832257933,0.09197999999999999
igbt_derived,igbt,derived_sensitivity,165564.00000000003,18.900000000000002,0.17579759045443338,0.8242024095455667,1.8458746997715505e-06,1.05e-05,0.016169862369998782,0.09197999999999999
igbt_derived,igbt,derived_sensitivity,166002.0,18.95,0.17499095361908712,0.8250090463809129,1.8374050130004147e-06,1.05e-05,0.016095667913883633,0.09197999999999999
igbt_derived,igbt,derived_sensitivity,166440.0,19.0,0.17418801798910122,0.8258119820108988,1.8289741888855627e-06,1.05e-05,0.01602181389463753,0.09197999999999999
igbt_derived,igbt,derived_sensitivity,166878.0,19.05,0.1733887665817141,0.8266112334182859,1.820582049107998e-06,1.05e-05,0.015948298750186062,0.09197999999999999
igbt_derived,igbt,derived_sensitivity,167316.0,19.1,0.17259318249208844,0.8274068175079116,1.8122284161669285e-06,1.05e-05,0.015875120925622294,0.09197999999999999
igbt_derived,igbt,derived_sensitivity,167754.00000000003,19.150000000000002,0.17180124889295384,0.8281987511070461,1.8039131133760153e-06,1.05e-05,0.015802278873173894,0.09197999999999999
igbt_derived,igbt,derived_sensitivity,168192.00000000003,19.200000000000003,0.17101294903425085,0.8289870509657491,1.7956359648596339e-06,1.05e-05,0.015729771052170393,0.09197999999999999
igbt_derived,igbt,derived_sensitivity,168630.0,19.25,0.17022826624277673,0.8297717337572232,1.7873967955491555e-06,1.05e-05,0.0156575959290106,0.09197999999999999
igbt_derived,igbt,derived_sensitivity,169068.0,19.3,0.16944718392183244,0.8305528160781676,1.7791954311792405e-06,1.05e-05,0.015585751977130148,0.09197999999999999
igbt_derived,igbt,derived_sensitivity,169506.0,19.35,0.16866968555087225,0.8313303144491277,1.7710316982841584e-06,1.05e-05,0.015514237676969227,0.09197999999999999
igbt_derived,igbt,derived_sensitivity,169944.00000000003,19.400000000000002,0.1678957546851538,0.8321042453148462,1.7629054241941148e-06,1.05e-05,0.015443051515940446,0.09197999999999999
igbt_derived,igbt,derived_sensitivity,170382.00000000003,19.450000000000003,0.16712537495539057,0.8328746250446094,1.7548164370316008e-06,1.05e-05,0.015372191988396823,0.09197999999999999
igbt_derived,igbt,derived_sensitivity,170820.0,19.5,0.16635853006740553,0.8336414699325945,1.746764565707758e-06,1.05e-05,0.01530165759559996,0.09197999999999999
igbt_derived,igbt,derived_sensitivity,171258.0,19.55,0.16559520380178633,0.8344047961982137,1.7387496399187562e-06,1.05e-05,0.015231446845688305,0.09197999999999999
igbt_derived,igbt,derived_sensitivity,171696.0,19.6,0.16483538001354264,0.8351646199864573,1.7307714901421977e-06,1.05e-05,0.015161558253645652,0.09197999999999999
igbt_derived,igbt,derived_sensitivity,172134.00000000003,19.650000000000002,0.16407904263176437,0.8359209573682356,1.7228299476335257e-06,1.05e-05,0.015091990341269686,0.09197999999999999
igbt_derived,igbt,derived_sensitivity,172572.00000000003,19.700000000000003,0.16332617565928192,0.836673824340718,1.71492484442246e-06,1.05e-05,0.015022741637140749,0.09197999999999999
igbt_derived,igbt,derived_sensitivity,173010.0,19.75,0.16257676317232778,0.8374232368276722,1.7070560133094416e-06,1.05e-05,0.014953810676590708,0.09197999999999999
igbt_derived,igbt,derived_sensitivity,173448.0,19.8,0.16183078932019945,0.8381692106798005,1.699223287862094e-06,1.05e-05,0.014885196001671944,0.09197999999999999
igbt_derived,igbt,derived_sensitivity,173886.0,19.85,0.16108823832492472,0.8389117616750753,1.6914265024117095e-06,1.05e-05,0.014816896161126575,0.09197999999999999
igbt_derived,igbt,derived_sensitivity,174324.00000000003,19.900000000000002,0.1603490944809275,0.8396509055190725,1.6836654920497385e-06,1.05e-05,0.01474890971035571,0.09197999999999999
igbt_derived,igbt,derived_sensitivity,174762.00000000003,19.950000000000003,0.15961334215469605,0.840386657845304,1.6759400926243085e-06,1.05e-05,0.014681235211388942,0.09197999999999999
igbt_derived,igbt,derived_sensitivity,175200.0,20.0,0.1588809657844518,0.8411190342155482,1.6682501407367437e-06,1.05e-05,0.014613871232853876,0.09197999999999999
fusivel_ac_derived,fusivel_ac,derived_sensitivity,0.0,0.0,1.0,0.0,7e-06,7e-06,0.06132,0.06132
fusivel_ac_derived,fusivel_ac,derived_sensitivity,438.0,0.05,0.9969386953780978,0.003061304621902227,6.978570867646684e-06,7e-06,0.06113228080058495,0.06132
fusivel_ac_derived,fusivel_ac,derived_sensitivity,876.0,0.1,0.9938867623421836,0.006113237657816375,6.957207336395285e-06,7e-06,0.0609451362668227,0.06132
fusivel_ac_derived,fusivel_ac,derived_sensitivity,1314.0000000000002,0.15000000000000002,0.990844172202978,0.009155827797021943,6.935909205420846e-06,7e-06,0.06075856463948661,0.06132
fusivel_ac_derived,fusivel_ac,derived_sensitivity,1752.0,0.2,0.9878108963590282,0.012189103640971805,6.914676274513197e-06,7e-06,0.06057256416473561,0.06132
fusivel_ac_derived,fusivel_ac,derived_sensitivity,2190.0,0.25,0.984786906296439,0.01521309370356108,6.8935083440750725e-06,7e-06,0.060387133094097635,0.06132
fusivel_ac_derived,fusivel_ac,derived_sensitivity,2628.0000000000005,0.30000000000000004,0.9817721735886048,0.018227826411395167,6.872405215120233e-06,7e-06,0.06020226968445325,0.06132
fusivel_ac_derived,fusivel_ac,derived_sensitivity,3066.0000000000005,0.35000000000000003,0.9787666698959431,0.021233330104056956,6.851366689271601e-06,7e-06,0.06001797219801922,0.06132
fusivel_ac_derived,fusivel_ac,derived_sensitivity,3504.0,0.4,0.9757703669656267,0.024229633034373258,6.830392568759387e-06,7e-06,0.05983423890233223,0.06132
fusivel_ac_derived,fusivel_ac,derived_sensitivity,3942.0,0.45,0.9727832366313196,0.027216763368680362,6.809482656419237e-06,7e-06,0.059651068070232516,0.06132
fusivel_ac_derived,fusivel_ac,derived_sensitivity,4380.0,0.5,0.9698052508129111,0.030194749187088827,6.788636755690378e-06,7e-06,0.05946845797984771,0.06132
fusivel_ac_derived,fusivel_ac,derived_sensitivity,4818.0,0.55,0.9668363815162525,0.033163618483747444,6.767854670613768e-06,7e-06,0.05928640691457661,0.06132
fusivel_ac_derived,fusivel_ac,derived_sensitivity,5256.000000000001,0.6000000000000001,0.9638766008328936,0.03612339916710638,6.747136205830255e-06,7e-06,0.059104913163073036,0.06132
fusivel_ac_derived,fusivel_ac,derived_sensitivity,5694.0,0.65,0.9609258809398205,0.03907411906017951,6.726481166578743e-06,7e-06,0.05892397501922979,0.06132
fusivel_ac_derived,fusivel_ac,derived_sensitivity,6132.000000000001,0.7000000000000001,0.9579841940991939,0.04201580590080606,6.705889358694357e-06,7e-06,0.05874359078216257,0.06132
fusivel_ac_derived,fusivel_ac,derived_sensitivity,6570.0,0.75,0.9550515126580889,0.044948487341911196,6.685360588606622e-06,7e-06,0.05856375875619401,0.06132
fusivel_ac_derived,fusivel_ac,derived_sensitivity,7008.0,0.8,0.9521278090482339,0.047872190951766126,6.664894663337638e-06,7e-06,0.05838447725083771,0.06132
fusivel_ac_derived,fusivel_ac,derived_sensitivity,7446.000000000001,0.8500000000000001,0.9492130557857529,0.05078694421424713,6.64449139050027e-06,7e-06,0.05820574458078237,0.06132
fusivel_ac_derived,fusivel_ac,derived_sensitivity,7884.0,0.9,0.9463072254709061,0.05369277452909398,6.624150578296342e-06,7e-06,0.05802755906587596,0.06132
fusivel_ac_derived,fusivel_ac,derived_sensitivity,8322.0,0.9500000000000001,0.9434102907878325,0.05658970921216754,6.603872035514827e-06,7e-06,0.057849919031109885,0.06132
fusivel_ac_derived,fusivel_ac,derived_sensitivity,8760.0,1.0,0.9405222245042936,0.05947777549570645,6.583655571530055e-06,7e-06,0.057672822806603276,0.06132
fusivel_ac_derived,fusivel_ac,derived_sensitivity,9198.0,1.05,0.9376429994714168,0.062357000528583215,6.563500996299918e-06,7e-06,0.05749626872758728,0.06132
fusivel_ac_derived,fusivel_ac,derived_sensitivity,9636.0,1.1,0.9347725886234407,0.06522741137655932,6.543408120364085e-06,7e-06,0.05732025513438938,0.06132
fusivel_ac_derived,fusivel_ac,derived_sensitivity,10074.000000000002,1.1500000000000001,0.9319109649774602,0.06808903502253978,6.523376754842221e-06,7e-06,0.05714478037241786,0.06132
fusivel_ac_derived,fusivel_ac,derived_sensitivity,10512.000000000002,1.2000000000000002,0.9290581016331734,0.07094189836682666,6.5034067114322135e-06,7e-06,0.05696984279214619,0.06132
fusivel_ac_derived,fusivel_ac,derived_sensitivity,10950.0,1.25,0.926213971772628,0.07378602822737199,6.483497802408396e-06,7e-06,0.05679544074909755,0.06132
fusivel_ac_derived,fusivel_ac,derived_sensitivity,11388.0,1.3,0.92337854865997,0.07662145134002994,6.46364984061979e-06,7e-06,0.056621572603829357,0.06132
fusivel_ac_derived,fusivel_ac,derived_sensitivity,11826.0,1.35,0.9205518056411919,0.07944819435880808,6.443862639488343e-06,7e-06,0.056448236721917885,0.06132
fusivel_ac_derived,fusivel_ac,derived_sensitivity,12264.000000000002,1.4000000000000001,0.9177337161438821,0.08226628385611791,6.4241360130071745e-06,7e-06,0.05627543147394285,0.06132
fusivel_ac_derived,fusivel_ac,derived_sensitivity,12702.000000000002,1.4500000000000002,0.9149242536769753,0.08507574632302468,6.404469775738827e-06,7e-06,0.05610315523547212,0.06132
fusivel_ac_derived,fusivel_ac,derived_sensitivity,13140.0,1.5,0.9121233918305035,0.08787660816949644,6.384863742813525e-06,7e-06,0.055931406387046474,0.06132
fusivel_ac_derived,fusivel_ac,derived_sensitivity,13578.0,1.55,0.9093311042753477,0.09066889572465231,6.3653177299274334e-06,7e-06,0.05576018331416432,0.06132
fusivel_ac_derived,fusivel_ac,derived_sensitivity,14016.0,1.6,0.9065473647629901,0.09345263523700989,6.345831553340931e-06,7e-06,0.055589484407266555,0.06132
fusivel_ac_derived,fusivel_ac,derived_sensitivity,14454.000000000002,1.6500000000000001,0.9037721471252679,0.09622785287473212,6.326405029876875e-06,7e-06,0.05541930806172143,0.06132
fusivel_ac_derived,fusivel_ac,derived_sensitivity,14892.000000000002,1.7000000000000002,0.9010054252741267,0.09899457472587321,6.307037976918887e-06,7e-06,0.05524965267780945,0.06132
fusivel_ac_derived,fusivel_ac,derived_sensitivity,15330.0,1.75,0.8982471732013761,0.10175282679862387,6.287730212409633e-06,7e-06,0.05508051666070838,0.06132
fusivel_ac_derived,fusivel_ac,derived_sensitivity,15768.0,1.8,0.8954973649784441,0.10450263502155584,6.268481554849109e-06,7e-06,0.054911898420478195,0.06132
fusivel_ac_derived,fusivel_ac,derived_sensitivity,16206.0,1.85,0.8927559747561343,0.10724402524386561,6.2492918232929405e-06,7e-06,0.05474379637204616,0.06132
fusivel_ac_derived,fusivel_ac,derived_sensitivity,16644.0,1.9000000000000001,0.8900229767643826,0.1099770232356174,6.230160837350678e-06,7e-06,0.05457620893519194,0.06132
fusivel_ac_derived,fusivel_ac,derived_sensitivity,17082.0,1.9500000000000002,0.8872983453120146,0.11270165468798538,6.211088417184102e-06,7e-06,0.054409134534532735,0.06132
fusivel_ac_derived,fusivel_ac,derived_sensitivity,17520.0,2.0,0.8845820547865048,0.11541794521349526,6.192074383505533e-06,7e-06,0.054242571599508474,0.06132
fusivel_ac_derived,fusivel_ac,derived_sensitivity,17958.000000000004,2.0500000000000003,0.881874079653735,0.11812592034626496,6.173118557576145e-06,7e-06,0.05407651856436703,0.06132
fusivel_ac_derived,fusivel_ac,derived_sensitivity,18396.0,2.1,0.8791743944577552,0.1208256055422447,6.154220761204286e-06,7e-06,0.053910973868149546,0.06132
fusivel_ac_derived,fusivel_ac,derived_sensitivity,18834.0,2.15,0.8764829738205436,0.12351702617945633,6.1353808167438055e-06,7e-06,0.053745935954675736,0.06132
fusivel_ac_derived,fusivel_ac,derived_sensitivity,19272.0,2.2,0.8737997924417682,0.12620020755823175,6.116598547092377e-06,7e-06,0.05358140327252923,0.06132
fusivel_ac_derived,fusivel_ac,derived_sensitivity,19710.0,2.25,0.871124825098549,0.12887517490145095,6.097873775689843e-06,7e-06,0.05341737427504303,0.06132
fusivel_ac_derived,fusivel_ac,derived_sensitivity,20148.000000000004,2.3000000000000003,0.8684580466452211,0.13154195335477892,6.079206326516547e-06,7e-06,0.05325384742028495,0.06132
fusivel_ac_derived,fusivel_ac,derived_sensitivity,20586.0,2.35,0.8657994320130978,0.1342005679869021,6.0605960240916846e-06,7e-06,0.053090821171043155,0.06132
fusivel_ac_derived,fusivel_ac,derived_sensitivity,21024.000000000004,2.4000000000000004,0.8631489562102359,0.13685104378976415,6.042042693471651e-06,7e-06,0.052928293994811665,0.06132
fusivel_ac_derived,fusivel_ac,derived_sensitivity,21462.0,2.45,0.8605065943211994,0.1394934056788006,6.0235461602483955e-06,7e-06,0.05276626436377595,0.06132
fusivel_ac_derived,fusivel_ac,derived_sensitivity,21900.0,2.5,0.8578723215068266,0.14212767849317343,6.005106250547786e-06,7e-06,0.05260473075479861,0.06132
fusivel_ac_derived,fusivel_ac,derived_sensitivity,22338.000000000004,2.5500000000000003,0.8552461130039957,0.1447538869960043,5.98672279102797e-06,7e-06,0.052443691649405016,0.06132
fusivel_ac_derived,fusivel_ac,derived_sensitivity,22776.0,2.6,0.8526279441253927,0.1473720558746073,5.9683956088777485e-06,7e-06,0.05228314553376908,0.06132
fusivel_ac_derived,fusivel_ac,derived_sensitivity,23214.000000000004,2.6500000000000004,0.8500177902592786,0.1499822097407214,5.95012453181495e-06,7e-06,0.05212309089869896,0.06132
fusivel_ac_derived,fusivel_ac,derived_sensitivity,23652.0,2.7,0.8474156268692588,0.15258437313074122,5.931909388084811e-06,7e-06,0.05196352623962295,0.06132
fusivel_ac_derived,fusivel_ac,derived_sensitivity,24090.0,2.75,0.8448214294940517,0.15517857050594827,5.913750006458362e-06,7e-06,0.05180445005657525,0.06132
fusivel_ac_derived,fusivel_ac,derived_sensitivity,24528.000000000004,2.8000000000000003,0.8422351737472595,0.15776482625274046,5.895646216230816e-06,7e-06,0.05164586085418195,0.06132
fusivel_ac_derived,fusivel_ac,derived_sensitivity,24966.0,2.85,0.8396568353171384,0.16034316468286156,5.877597847219969e-06,7e-06,0.05148775714164693,0.06132
fusivel_ac_derived,fusivel_ac,derived_sensitivity,25404.000000000004,2.9000000000000004,0.8370863899663703,0.16291361003362972,5.859604729764592e-06,7e-06,0.05133013743273783,0.06132
fusivel_ac_derived,fusivel_ac,derived_sensitivity,25842.0,2.95,0.8345238135318348,0.1654761864681652,5.8416666947228435e-06,7e-06,0.05117300024577211,0.06132
fusivel_ac_derived,fusivel_ac,derived_sensitivity,26280.0,3.0,0.8319690819243823,0.16803091807561768,5.823783573470676e-06,7e-06,0.051016344103603124,0.06132
fusivel_ac_derived,fusivel_ac,derived_sensitivity,26718.000000000004,3.0500000000000003,0.8294221711286074,0.17057782887139258,5.805955197900252e-06,7e-06,0.050860167533606206,0.06132
fusivel_ac_derived,fusivel_ac,derived_sensitivity,27156.0,3.1,0.8268830572026232,0.17311694279737674,5.7881814004183625e-06,7e-06,0.050704469067664855,0.06132
fusivel_ac_derived,fusivel_ac,derived_sensitivity,27594.000000000004,3.1500000000000004,0.8243517162778362,0.1756482837221638,5.770462013944854e-06,7e-06,0.05054924724215692,0.06132
fusivel_ac_derived,fusivel_ac,derived_sensitivity,28032.0,3.2,0.8218281245587218,0.17817187544127816,5.752796871911052e-06,7e-06,0.05039450059794082,0.06132
fusivel_ac_derived,fusivel_ac,derived_sensitivity,28470.0,3.25,0.819312258322601,0.18068774167739898,5.735185808258207e-06,7e-06,0.05024022768034189,0.06132
fusivel_ac_derived,fusivel_ac,derived_sensitivity,28908.000000000004,3.3000000000000003,0.8168040939194169,0.18319590608058317,5.717628657435918e-06,7e-06,0.05008642703913864,0.06132
fusivel_ac_derived,fusivel_ac,derived_sensitivity,29346.0,3.35,0.8143036077715127,0.1856963922284873,5.700125254400588e-06,7e-06,0.049933097228549155,0.06132
fusivel_ac_derived,fusivel_ac,derived_sensitivity,29784.000000000004,3.4000000000000004,0.81181077637341,0.1881892236265899,5.6826754346138705e-06,7e-06,0.04978023680721751,0.06132
fusivel_ac_derived,fusivel_ac,derived_sensitivity,30222.0,3.45,0.8093255762915882,0.19067442370841184,5.665279034041117e-06,7e-06,0.04962784433820019,0.06132
fusivel_ac_derived,fusivel_ac,derived_sensitivity,30660.0,3.5,0.8068479841642631,0.19315201583573696,5.647935889149842e-06,7e-06,0.049475918388952614,0.06132
fusivel_ac_derived,fusivel_ac,derived_sensitivity,31098.000000000004,3.5500000000000003,0.8043779767011685,0.19562202329883155,5.630645836908179e-06,7e-06,0.049324457531315646,0.06132
fusivel_ac_derived,fusivel_ac,derived_sensitivity,31536.0,3.6,0.8019155306833369,0.19808446931666318,5.613408714783358e-06,7e-06,0.04917346034150221,0.06132
fusivel_ac_derived,fusivel_ac,derived_sensitivity,31974.000000000004,3.6500000000000004,0.7994606229628807,0.20053937703711927,5.596224360740165e-06,7e-06,0.04902292540008384,0.06132
fusivel_ac_derived,fusivel_ac,derived_sensitivity,32412.0,3.7,0.7970132304627756,0.20298676953722436,5.579092613239429e-06,7e-06,0.048872851291977396,0.06132
fusivel_ac_derived,fusivel_ac,derived_sensitivity,32850.0,3.75,0.7945733301766428,0.20542666982335725,5.562013311236499e-06,7e-06,0.048723236606431734,0.06132
fusivel_ac_derived,fusivel_ac,derived_sensitivity,33288.0,3.8000000000000003,0.7921408991685327,0.20785910083146728,5.5449862941797284e-06,7e-06,0.048574079937014424,0.06132
fusivel_ac_derived,fusivel_ac,derived_sensitivity,33726.0,3.85,0.7897159145727103,0.21028408542728969,5.528011402008972e-06,7e-06,0.04842537988159859,0.06132
fusivel_ac_derived,fusivel_ac,derived_sensitivity,34164.0,3.9000000000000004,0.7872983535934391,0.21270164640656086,5.511088475154074e-06,7e-06,0.048277135042349685,0.06132
fusivel_ac_derived,fusivel_ac,derived_sensitivity,34602.0,3.95,0.7848881935047676,0.21511180649523245,5.494217354533373e-06,7e-06,0.048129344025712346,0.06132
fusivel_ac_derived,fusivel_ac,derived_sensitivity,35040.0,4.0,0.7824854116503149,0.21751458834968512,5.477397881552204e-06,7e-06,0.04798200544239731,0.06132
fusivel_ac_derived,fusivel_ac,derived_sensitivity,35478.0,4.05,0.7800899854430587,0.21991001455694129,5.460629898101411e-06,7e-06,0.04783511790736836,0.06132
fusivel_ac_derived,fusivel_ac,derived_sensitivity,35916.00000000001,4.1000000000000005,0.7777018923651222,0.22229810763487778,5.443913246555856e-06,7e-06,0.0476886800398293,0.06132
fusivel_ac_derived,fusivel_ac,derived_sensitivity,36354.0,4.15,0.7753211099675628,0.2246788900324372,5.427247769772939e-06,7e-06,0.04754269046321095,0.06132
fusivel_ac_derived,fusivel_ac,derived_sensitivity,36792.0,4.2,0.7729476158701607,0.22705238412983927,5.410633311091124e-06,7e-06,0.047397147805158246,0.06132
fusivel_ac_derived,fusivel_ac,derived_sensitivity,37230.0,4.25,0.7705813877612091,0.22941861223879093,5.394069714328464e-06,7e-06,0.047252050697517346,0.06132
fusivel_ac_derived,fusivel_ac,derived_sensitivity,37668.0,4.3,0.7682224033973039,0.23177759660269615,5.377556823781127e-06,7e-06,0.04710739777632267,0.06132
fusivel_ac_derived,fusivel_ac,derived_sensitivity,38106.00000000001,4.3500000000000005,0.7658706406031348,0.23412935939686516,5.361094484221944e-06,7e-06,0.04696318768178423,0.06132
fusivel_ac_derived,fusivel_ac,derived_sensitivity,38544.0,4.4,0.7635260772712773,0.23647392272872272,5.344682540898941e-06,7e-06,0.046819419058274726,0.06132
fusivel_ac_derived,fusivel_ac,derived_sensitivity,38982.0,4.45,0.7611886913619839,0.23881130863801617,5.328320839533887e-06,7e-06,0.046676090554316846,0.06132
fusivel_ac_derived,fusivel_ac,derived_sensitivity,39420.0,4.5,0.7588584609029777,0.24114153909702235,5.312009226320844e-06,7e-06,0.04653320082257059,0.06132
fusivel_ac_derived,fusivel_ac,derived_sensitivity,39858.0,4.55,0.7565353639892458,0.24346463601075422,5.295747547924721e-06,7e-06,0.04639074851982056,0.06132
fusivel_ac_derived,fusivel_ac,derived_sensitivity,40296.00000000001,4.6000000000000005,0.754219378782833,0.245780621217167,5.2795356514798305e-06,7e-06,0.04624873230696332,0.06132
fusivel_ac_derived,fusivel_ac,derived_sensitivity,40734.0,4.65,0.7519104835126369,0.2480895164873631,5.263373384588458e-06,7e-06,0.04610715084899489,0.06132
fusivel_ac_derived,fusivel_ac,derived_sensitivity,41172.0,4.7,0.7496086564742029,0.25039134352579706,5.24726059531942e-06,7e-06,0.04596600281499812,0.06132
fusivel_ac_derived,fusivel_ac,derived_sensitivity,41610.0,4.75,0.7473138760295206,0.25268612397047946,5.231197132206644e-06,7e-06,0.0458252868781302,0.06132
fusivel_ac_derived,fusivel_ac,derived_sensitivity,42048.00000000001,4.800000000000001,0.7450261206068197,0.25497387939318034,5.215182844247738e-06,7e-06,0.045685001715610185,0.06132
fusivel_ac_derived,fusivel_ac,derived_sensitivity,42486.00000000001,4.8500000000000005,0.7427453687003681,0.2572546312996319,5.199217580902577e-06,7e-06,0.04554514600870657,0.06132
fusivel_ac_derived,fusivel_ac,derived_sensitivity,42924.0,4.9,0.7404715988702693,0.25952840112973075,5.1833011920918845e-06,7e-06,0.04540571844272491,0.06132
fusivel_ac_derived,fusivel_ac,derived_sensitivity,43362.0,4.95,0.7382047897422603,0.2617952102577396,5.1674335281958225e-06,7e-06,0.045266717706995405,0.06132
fusivel_ac_derived,fusivel_ac,derived_sensitivity,43800.0,5.0,0.735944920007512,0.26405507999248795,5.151614440052584e-06,7e-06,0.045128142494860635,0.06132
fusivel_ac_derived,fusivel_ac,derived_sensitivity,44238.00000000001,5.050000000000001,0.7336919684224276,0.2663080315775725,5.135843778956993e-06,7e-06,0.044989991503663264,0.06132
fusivel_ac_derived,fusivel_ac,derived_sensitivity,44676.00000000001,5.1000000000000005,0.7314459138084434,0.26855408619155663,5.120121396659104e-06,7e-06,0.04485226343473375,0.06132
fusivel_ac_derived,fusivel_ac,derived_sensitivity,45114.0,5.15,0.7292067350518302,0.27079326494816985,5.104447145362811e-06,7e-06,0.04471495699337823,0.06132
fusivel_ac_derived,fusivel_ac,derived_sensitivity,45552.0,5.2,0.7269744111034938,0.27302558889650624,5.088820877724457e-06,7e-06,0.04457807088886624,0.06132
fusivel_ac_derived,fusivel_ac,derived_sensitivity,45990.0,5.25,0.724748920978778,0.27525107902122203,5.073242446851446e-06,7e-06,0.04444160383441867,0.06132
fusivel_ac_derived,fusivel_ac,derived_sensitivity,46428.00000000001,5.300000000000001,0.7225302437572669,0.27746975624273307,5.057711706300868e-06,7e-06,0.044305554547195605,0.06132
fusivel_ac_derived,fusivel_ac,derived_sensitivity,46866.00000000001,5.3500000000000005,0.7203183585825887,0.2796816414174113,5.042228510078121e-06,7e-06,0.04416992174828434,0.06132
fusivel_ac_derived,fusivel_ac,derived_sensitivity,47304.0,5.4,0.7181132446622188,0.2818867553377812,5.026792712635532e-06,7e-06,0.04403470416268726,0.06132
fusivel_ac_derived,fusivel_ac,derived_sensitivity,47742.0,5.45,0.7159148812672852,0.28408511873271486,5.011404168870996e-06,7e-06,0.04389990051930993,0.06132
fusivel_ac_derived,fusivel_ac,derived_sensitivity,48180.0,5.5,0.7137232477323731,0.28627675226762694,4.996062734126611e-06,7e-06,0.043765509550949114,0.06132
fusivel_ac_derived,fusivel_ac,derived_sensitivity,48618.00000000001,5.550000000000001,0.7115383234553307,0.2884616765446692,4.980768264187315e-06,7e-06,0.04363152999428088,0.06132
fusivel_ac_derived,fusivel_ac,derived_sensitivity,49056.00000000001,5.6000000000000005,0.7093600878970765,0.29063991210292356,4.965520615279535e-06,7e-06,0.04349796058984873,0.06132
fusivel_ac_derived,fusivel_ac,derived_sensitivity,49494.0,5.65,0.7071885205814042,0.2928114794185958,4.95031964406983e-06,7e-06,0.04336480008205171,0.06132
fusivel_ac_derived,fusivel_ac,derived_sensitivity,49932.0,5.7,0.7050236010947921,0.2949763989052079,4.935165207663545e-06,7e-06,0.04323204721913265,0.06132
fusivel_ac_derived,fusivel_ac,derived_sensitivity,50370.0,5.75,0.7028653090862105,0.2971346909137895,4.920057163603473e-06,7e-06,0.04309970075316642,0.06132
fusivel_ac_derived,fusivel_ac,derived_sensitivity,50808.00000000001,5.800000000000001,0.7007136242669302,0.2992863757330699,4.904995369868511e-06,7e-06,0.04296775944004816,0.06132
fusivel_ac_derived,fusivel_ac,derived_sensitivity,51246.00000000001,5.8500000000000005,0.698568526410332,0.3014314735896681,4.889979684872324e-06,7e-06,0.04283622203948156,0.06132
fusivel_ac_derived,fusivel_ac,derived_sensitivity,51684.0,5.9,0.6964299953517166,0.30357000464828343,4.875009967462016e-06,7e-06,0.04270508731496726,0.06132
fusivel_ac_derived,fusivel_ac,derived_sensitivity,52122.0,5.95,0.6942980109881149,0.305701989011885,4.860086076916805e-06,7e-06,0.04257435403379121,0.06132
fusivel_ac_derived,fusivel_ac,derived_sensitivity,52560.0,6.0,0.6921725532780996,0.30782744672190043,4.845207872946697e-06,7e-06,0.042444020967013066,0.06132
fusivel_ac_derived,fusivel_ac,derived_sensitivity,52998.00000000001,6.050000000000001,0.6900536022415954,0.30994639775840455,4.830375215691168e-06,7e-06,0.04231408688945463,0.06132
fusivel_ac_derived,fusivel_ac,derived_sensitivity,53436.00000000001,6.1000000000000005,0.6879411379596929,0.3120588620403071,4.815587965717851e-06,7e-06,0.042184550579688375,0.06132
fusivel_ac_derived,fusivel_ac,derived_sensitivity,53874.0,6.15,0.6858351405744603,0.31416485942553973,4.800845984021222e-06,7e-06,0.04205541082002591,0.06132
fusivel_ac_derived,fusivel_ac,derived_sensitivity,54312.0,6.2,0.6837355902887567,0.31626440971124326,4.7861491320212975e-06,7e-06,0.041926666396506565,0.06132
fusivel_ac_derived,fusivel_ac,derived_sensitivity,54750.0,6.25,0.6816424673660467,0.3183575326339533,4.771497271562327e-06,7e-06,0.041798316098885985,0.06132
fusivel_ac_derived,fusivel_ac,derived_sensitivity,55188.00000000001,6.300000000000001,0.6795557521302141,0.3204442478697858,4.7568902649114985e-06,7e-06,0.041670358720624724,0.06132
fusivel_ac_derived,fusivel_ac,derived_sensitivity,55626.00000000001,6.3500000000000005,0.6774754249653777,0.3225245750346223,4.742327974757644e-06,7e-06,0.04154279305887696,0.06132
fusivel_ac_derived,fusivel_ac,derived_sensitivity,56064.0,6.4,0.6754014663157061,0.324598533684294,4.727810264209943e-06,7e-06,0.0414156179144791,0.06132
fusivel_ac_derived,fusivel_ac,derived_sensitivity,56502.0,6.45,0.6733338566852343,0.32666614331476573,4.71333699679664e-06,7e-06,0.041288832091938565,0.06132
fusivel_ac_derived,fusivel_ac,derived_sensitivity,56940.0,6.5,0.6712725766376805,0.3287274233623195,4.698908036463763e-06,7e-06,0.04116243439942256,0.06132
fusivel_ac_derived,fusivel_ac,derived_sensitivity,57378.00000000001,6.550000000000001,0.6692176067962633,0.3307823932037367,4.684523247573843e-06,7e-06,0.041036423648746864,0.06132
fusivel_ac_derived,fusivel_ac,derived_sensitivity,57816.00000000001,6.6000000000000005,0.6671689278435196,0.3328310721564805,4.670182494904637e-06,7e-06,0.04091079865536462,0.06132
fusivel_ac_derived,fusivel_ac,derived_sensitivity,58254.0,6.65,0.6651265205211226,0.3348734794788773,4.6558856436478585e-06,7e-06,0.04078555823835524,0.06132
fusivel_ac_derived,fusivel_ac,derived_sensitivity,58692.0,6.7,0.6630903656297016,0.3369096343702984,4.641632559407911e-06,7e-06,0.040660701220413306,0.06132
fusivel_ac_derived,fusivel_ac,derived_sensitivity,59130.0,6.75,0.6610604440286605,0.33893955597133946,4.6274231082006235e-06,7e-06,0.04053622642783746,0.06132
fusivel_ac_derived,fusivel_ac,derived_sensitivity,59568.00000000001,6.800000000000001,0.6590367366359988,0.3409632633640012,4.6132571564519916e-06,7e-06,0.040412132690519444,0.06132
fusivel_ac_derived,fusivel_ac,derived_sensitivity,60006.00000000001,6.8500000000000005,0.6570192244281317,0.3429807755718683,4.599134570996922e-06,7e-06,0.04028841884193304,0.06132
fusivel_ac_derived,fusivel_ac,derived_sensitivity,60444.0,6.9,0.6550078884397112,0.3449921115602887,4.5850552190779785e-06,7e-06,0.04016508371912309,0.06132
fusivel_ac_derived,fusivel_ac,derived_sensitivity,60882.0,6.95,0.6530027097634483,0.3469972902365516,4.571018968344138e-06,7e-06,0.04004212616269465,0.06132
fusivel_ac_derived,fusivel_ac,derived_sensitivity,61320.0,7.0,0.6510036695499348,0.3489963304500652,4.5570256868495435e-06,7e-06,0.039919545016802,0.06132
fusivel_ac_derived,fusivel_ac,derived_sensitivity,61758.00000000001,7.050000000000001,0.6490107490074662,0.3509892509925337,4.5430752430522635e-06,7e-06,0.039797339129137826,0.06132
fusivel_ac_derived,fusivel_ac,derived_sensitivity,62196.00000000001,7.1000000000000005,0.6470239294018655,0.35297607059813446,4.529167505813058e-06,7e-06,0.039675507350922394,0.06132
fusivel_ac_derived,fusivel_ac,derived_sensitivity,62634.0,7.15,0.6450431920563062,0.3549568079436937,4.515302344394144e-06,7e-06,0.0395540485368927,0.06132
fusivel_ac_derived,fusivel_ac,derived_sensitivity,63072.0,7.2,0.6430685183511378,0.3569314816488623,4.501479628457965e-06,7e-06,0.03943296154529177,0.06132
fusivel_ac_derived,fusivel_ac,derived_sensitivity,63510.0,7.25,0.6410998897237096,0.35890011027629043,4.487699228065967e-06,7e-06,0.039312245237857875,0.06132
fusivel_ac_derived,fusivel_ac,derived_sensitivity,63948.00000000001,7.300000000000001,0.6391372876681973,0.36086271233180267,4.473961013677381e-06,7e-06,0.03919189847981386,0.06132
fusivel_ac_derived,fusivel_ac,derived_sensitivity,64386.00000000001,7.3500000000000005,0.6371806937354286,0.3628193062645714,4.460264856148e-06,7e-06,0.039071920139856484,0.06132
fusivel_ac_derived,fusivel_ac,derived_sensitivity,64824.0,7.4,0.6352300895327095,0.36476991046729046,4.446610626728967e-06,7e-06,0.03895230909014575,0.06132
fusivel_ac_derived,fusivel_ac,derived_sensitivity,65262.0,7.45,0.6332854567236517,0.36671454327634834,4.432998197065562e-06,7e-06,0.03883306420629432,0.06132
fusivel_ac_derived,fusivel_ac,derived_sensitivity,65700.0,7.5,0.6313467770280001,0.36865322297199987,4.4194274391960006e-06,7e-06,0.03871418436735696,0.06132
fusivel_ac_derived,fusivel_ac,derived_sensitivity,66138.0,7.550000000000001,0.6294140322214612,0.3705859677785388,4.405898225550229e-06,7e-06,0.03859566845582,0.06132
fusivel_ac_derived,fusivel_ac,derived_sensitivity,66576.0,7.6000000000000005,0.6274872041355315,0.37251279586446845,4.392410428948721e-06,7e-06,0.038477515357590794,0.06132
fusivel_ac_derived,fusivel_ac,derived_sensitivity,67014.0,7.65,0.625566274657327,0.3744337253426731,4.3789639226012885e-06,7e-06,0.03835972396198729,0.06132
fusivel_ac_derived,fusivel_ac,derived_sensitivity,67452.0,7.7,0.6236512257294123,0.37634877427058766,4.365558580105886e-06,7e-06,0.038242293161727565,0.06132
fusivel_ac_derived,fusivel_ac,derived_sensitivity,67890.0,7.75,0.6217420393496319,0.37825796065036815,4.352194275447423e-06,7e-06,0.03812522185291943,0.06132
fusivel_ac_derived,fusivel_ac,derived_sensitivity,68328.0,7.800000000000001,0.6198386975709399,0.3801613024290601,4.338870882996579e-06,7e-06,0.038008508935050034,0.06132
fusivel_ac_derived,fusivel_ac,derived_sensitivity,68766.0,7.8500000000000005,0.6179411825012321,0.38205881749876786,4.325588277508625e-06,7e-06,0.037892153310975556,0.06132
fusivel_ac_derived,fusivel_ac,derived_sensitivity,69204.0,7.9,0.6160494763031774,0.3839505236968226,4.312346334122242e-06,7e-06,0.03777615388691084,0.06132
fusivel_ac_derived,fusivel_ac,derived_sensitivity,69642.0,7.95,0.61416356119405,0.38583643880595,4.29914492835835e-06,7e-06,0.03766050957241915,0.06132
fusivel_ac_derived,fusivel_ac,derived_sensitivity,70080.0,8.0,0.6122834194455627,0.38771658055443725,4.285983936118939e-06,7e-06,0.03754521928040191,0.06132
fusivel_ac_derived,fusivel_ac,derived_sensitivity,70518.0,8.05,0.6104090333836999,0.38959096661630005,4.2728632336858995e-06,7e-06,0.03743028192708848,0.06132
fusivel_ac_derived,fusivel_ac,derived_sensitivity,70956.0,8.1,0.6085403853885516,0.3914596146114484,4.259782697719861e-06,7e-06,0.03731569643202598,0.06132
fusivel_ac_derived,fusivel_ac,derived_sensitivity,71394.0,8.15,0.6066774578941474,0.39332254210585255,4.246742205259032e-06,7e-06,0.03720146171806912,0.06132
fusivel_ac_derived,fusivel_ac,derived_sensitivity,71832.00000000001,8.200000000000001,0.6048202333882922,0.39517976661170784,4.2337416337180454e-06,7e-06,0.03708757671137008,0.06132
fusivel_ac_derived,fusivel_ac,derived_sensitivity,72270.0,8.25,0.6029686944124006,0.39703130558759936,4.2207808608868044e-06,7e-06,0.036974040341368405,0.06132
fusivel_ac_derived,fusivel_ac,derived_sensitivity,72708.0,8.3,0.6011228235613336,0.3988771764386664,4.207859764929335e-06,7e-06,0.036860851540780976,0.06132
fusivel_ac_derived,fusivel_ac,derived_sensitivity,73146.0,8.35,0.5992826034832344,0.40071739651676563,4.194978224382641e-06,7e-06,0.036748009245591934,0.06132
fusivel_ac_derived,fusivel_ac,derived_sensitivity,73584.0,8.4,0.5974480168793656,0.40255198312063445,4.1821361181555585e-06,7e-06,0.036635512395042695,0.06132
fusivel_ac_derived,fusivel_ac,derived_sensitivity,74022.00000000001,8.450000000000001,0.5956190465039464,0.4043809534960537,4.169333325527624e-06,7e-06,0.036523359931621986,0.06132
fusivel_ac_derived,fusivel_ac,derived_sensitivity,74460.0,8.5,0.5937956751639909,0.40620432483600916,4.156569726147937e-06,7e-06,0.036411550801055924,0.06132
fusivel_ac_derived,fusivel_ac,derived_sensitivity,74898.0,8.55,0.5919778857191458,0.4080221142808542,4.143845200034021e-06,7e-06,0.03630008395229802,0.06132
fusivel_ac_derived,fusivel_ac,derived_sensitivity,75336.0,8.6,0.5901656610815298,0.40983433891847015,4.1311596275707085e-06,7e-06,0.03618895833751941,0.06132
fusivel_ac_derived,fusivel_ac,derived_sensitivity,75774.0,8.65,0.588358984215573,0.41164101578442697,4.118512889509011e-06,7e-06,0.03607817291209894,0.06132
fusivel_ac_derived,fusivel_ac,derived_sensitivity,76212.00000000001,8.700000000000001,0.5865578381378561,0.4134421618621439,4.105904866964993e-06,7e-06,0.03596772663461334,0.06132
fusivel_ac_derived,fusivel_ac,derived_sensitivity,76650.0,8.75,0.5847622059169518,0.41523779408304823,4.0933354414186625e-06,7e-06,0.03585761846682748,0.06132
fusivel_ac_derived,fusivel_ac,derived_sensitivity,77088.0,8.8,0.5829720706732645,0.41702792932673555,4.0808044947128515e-06,7e-06,0.035747847373684576,0.06132
fusivel_ac_derived,fusivel_ac,derived_sensitivity,77526.0,8.85,0.5811874155788724,0.4188125844211275,4.068311909052107e-06,7e-06,0.03563841232329646,0.06132
fusivel_ac_derived,fusivel_ac,derived_sensitivity,77964.0,8.9,0.5794082238573695,0.42059177614263055,4.055857567001586e-06,7e-06,0.035529312286933894,0.06132
fusivel_ac_derived,fusivel_ac,derived_sensitivity,78402.00000000001,8.950000000000001,0.5776344787837067,0.42236552121629334,4.043441351485947e-06,7e-06,0.035420546239016894,0.06132
fusivel_ac_derived,fusivel_ac,derived_sensitivity,78840.0,9.0,0.5758661636840361,0.4241338363159639,4.031063145788253e-06,7e-06,0.0353121131571051,0.06132
fusivel_ac_derived,fusivel_ac,derived_sensitivity,79278.0,9.05,0.574103261935553,0.4258967380644469,4.018722833548872e-06,7e-06,0.035204012021888116,0.06132
fusivel_ac_derived,fusivel_ac,derived_sensitivity,79716.0,9.1,0.5723457569663406,0.4276542430336594,4.006420298764384e-06,7e-06,0.035096241817176,0.06132
fusivel_ac_derived,fusivel_ac,derived_sensitivity,80154.0,9.15,0.5705936322552134,0.4294063677447866,3.994155425786494e-06,7e-06,0.03498880152988969,0.06132
fusivel_ac_derived,fusivel_ac,derived_sensitivity,80592.00000000001,9.200000000000001,0.5688468713315625,0.4311531286684375,3.981928099320938e-06,7e-06,0.034881690150051416,0.06132
fusivel_ac_derived,fusivel_ac,derived_sensitivity,81030.0,9.25,0.5671054577752006,0.4328945422247994,3.969738204426404e-06,7e-06,0.034774906670775305,0.06132
fusivel_ac_derived,fusivel_ac,derived_sensitivity,81468.0,9.3,0.5653693752162074,0.4346306247837926,3.957585626513452e-06,7e-06,0.03466845008825784,0.06132
fusivel_ac_derived,fusivel_ac,derived_sensitivity,81906.0,9.35,0.563638607334776,0.43636139266522395,3.9454702513434316e-06,7e-06,0.03456231940176846,0.06132
fusivel_ac_derived,fusivel_ac,derived_sensitivity,82344.0,9.4,0.5619131378610596,0.43808686213894044,3.933391965027417e-06,7e-06,0.03445651361364017,0.06132
fusivel_ac_derived,fusivel_ac,derived_sensitivity,82782.00000000001,9.450000000000001,0.560192950575018,0.4398070494249821,3.921350654025126e-06,7e-06,0.0343510317292601,0.06132
fusivel_ac_derived,fusivel_ac,derived_sensitivity,83220.0,9.5,0.5584780293062657,0.4415219706937344,3.90934620514386e-06,7e-06,0.03424587275706021,0.06132
fusivel_ac_derived,fusivel_ac,derived_sensitivity,83658.0,9.55,0.5567683579339195,0.4432316420660805,3.897378505537437e-06,7e-06,0.03414103570850795,0.06132
fusivel_ac_derived,fusivel_ac,derived_sensitivity,84096.00000000001,9.600000000000001,0.5550639203864474,0.4449360796135526,3.885447442705131e-06,7e-06,0.03403651959809695,0.06132
fusivel_ac_derived,fusivel_ac,derived_sensitivity,84534.0,9.65,0.5533647006415172,0.44663529935848273,3.873552904490621e-06,7e-06,0.03393232344333784,0.06132
fusivel_ac_derived,fusivel_ac,derived_sensitivity,84972.00000000001,9.700000000000001,0.5516706827258457,0.44832931727415426,3.86169477908092e-06,7e-06,0.03382844626474886,0.06132
fusivel_ac_derived,fusivel_ac,derived_sensitivity,85410.0,9.75,0.5499818507150492,0.45001814928495076,3.849872955005344e-06,7e-06,0.03372488708584682,0.06132
fusivel_ac_derived,fusivel_ac,derived_sensitivity,85848.0,9.8,0.5482981887334929,0.4517018112665071,3.83808732113445e-06,7e-06,0.03362164493313778,0.06132
fusivel_ac_derived,fusivel_ac,derived_sensitivity,86286.00000000001,9.850000000000001,0.5466196809541424,0.45338031904585757,3.826337766678997e-06,7e-06,0.03351871883610801,0.06132
fusivel_ac_derived,fusivel_ac,derived_sensitivity,86724.0,9.9,0.5449463115984149,0.45505368840158517,3.8146241811889042e-06,7e-06,0.033416107827214804,0.06132
fusivel_ac_derived,fusivel_ac,derived_sensitivity,87162.00000000001,9.950000000000001,0.54327806493603,0.45672193506397,3.80294645455221e-06,7e-06,0.03331381094187736,0.06132
fusivel_ac_derived,fusivel_ac,derived_sensitivity,87600.0,10.0,0.5416149252848632,0.45838507471513673,3.7913044769940425e-06,7e-06,0.03321182721846781,0.06132
fusivel_ac_derived,fusivel_ac,derived_sensitivity,88038.0,10.05,0.5399568770107975,0.4600431229892025,3.7796981390755826e-06,7e-06,0.033110155698302106,0.06132
fusivel_ac_derived,fusivel_ac,derived_sensitivity,88476.00000000001,10.100000000000001,0.5383039045275764,0.46169609547242363,3.7681273316930344e-06,7e-06,0.03300879542563098,0.06132
fusivel_ac_derived,fusivel_ac,derived_sensitivity,88914.0,10.15,0.5366559922966582,0.4633440077033419,3.7565919460766073e-06,7e-06,0.03290774544763108,0.06132
fusivel_ac_derived,fusivel_ac,derived_sensitivity,89352.00000000001,10.200000000000001,0.5350131248270688,0.4649868751729312,3.7450918737894813e-06,7e-06,0.03280700481439586,0.06132
fusivel_ac_derived,fusivel_ac,derived_sensitivity,89790.0,10.25,0.5333752866752574,0.46662471332474265,3.7336270067268013e-06,7e-06,0.03270657257892678,0.06132
fusivel_ac_derived,fusivel_ac,derived_sensitivity,90228.0,10.3,0.53174246244495,0.46825753755504995,3.7221972371146503e-06,7e-06,0.032606447797124335,0.06132
fusivel_ac_derived,fusivel_ac,derived_sensitivity,90666.00000000001,10.350000000000001,0.5301146367870055,0.4698853632129944,3.710802457509039e-06,7e-06,0.032506629527779184,0.06132
fusivel_ac_derived,fusivel_ac,derived_sensitivity,91104.0,10.4,0.5284917943992715,0.4715082056007284,3.6994425607949005e-06,7e-06,0.03240711683256333,0.06132
fusivel_ac_derived,fusivel_ac,derived_sensitivity,91542.00000000001,10.450000000000001,0.5268739200264396,0.47312607997356043,3.688117440185077e-06,7e-06,0.03230790877602128,0.06132
fusivel_ac_derived,fusivel_ac,derived_sensitivity,91980.0,10.5,0.5252609984599029,0.474739001540097,3.6768269892193206e-06,7e-06,0.032209004425561245,0.06132
fusivel_ac_derived,fusivel_ac,derived_sensitivity,92418.0,10.55,0.5236530145376127,0.47634698546238735,3.6655711017632887e-06,7e-06,0.03211040285144641,0.06132
fusivel_ac_derived,fusivel_ac,derived_sensitivity,92856.00000000001,10.600000000000001,0.5220499531439355,0.4779500468560644,3.654349672007549e-06,7e-06,0.03201210312678613,0.06132
fusivel_ac_derived,fusivel_ac,derived_sensitivity,93294.0,10.65,0.5204517992095122,0.47954820079048777,3.6431625944665857e-06,7e-06,0.03191410432752729,0.06132
fusivel_ac_derived,fusivel_ac,derived_sensitivity,93732.00000000001,10.700000000000001,0.5188585377111148,0.48114146228888516,3.6320097639778035e-06,7e-06,0.03181640553244556,0.06132
fusivel_ac_derived,fusivel_ac,derived_sensitivity,94170.0,10.75,0.5172701536715064,0.4827298463284936,3.620891075700545e-06,7e-06,0.031719005823136776,0.06132
fusivel_ac_derived,fusivel_ac,derived_sensitivity,94608.0,10.8,0.5156866321592998,0.4843133678407002,3.6098064251150983e-06,7e-06,0.03162190428400826,0.06132
fusivel_ac_derived,fusivel_ac,derived_sensitivity,95046.00000000001,10.850000000000001,0.5141079582888173,0.4858920417111828,3.598755708021721e-06,7e-06,0.031525100002270275,0.06132
fusivel_ac_derived,fusivel_ac,derived_sensitivity,95484.0,10.9,0.512534117219951,0.487465882780049,3.587738820539657e-06,7e-06,0.0314285920679274,0.06132
fusivel_ac_derived,fusivel_ac,derived_sensitivity,95922.00000000001,10.950000000000001,0.5109650941580229,0.48903490584197706,3.5767556591061603e-06,7e-06,0.03133237957376996,0.06132
fusivel_ac_derived,fusivel_ac,derived_sensitivity,96360.0,11.0,0.5094008743536463,0.49059912564635366,3.5658061204755243e-06,7e-06,0.031236461615365592,0.06132
fusivel_ac_derived,fusivel_ac,derived_sensitivity,96798.0,11.05,0.5078414431025865,0.49215855689741356,3.5548901017181052e-06,7e-06,0.0311408372910506,0.06132
fusivel_ac_derived,fusivel_ac,derived_sensitivity,97236.00000000001,11.100000000000001,0.5062867857456229,0.49371321425437703,3.5440075002193603e-06,7e-06,0.031045505701921595,0.06132
fusivel_ac_derived,fusivel_ac,derived_sensitivity,97674.0,11.15,0.504736887668412,0.49526311233158804,3.5331582136788836e-06,7e-06,0.03095046595182702,0.06132
fusivel_ac_derived,fusivel_ac,derived_sensitivity,98112.00000000001,11.200000000000001,0.503191734301348,0.49680826569865194,3.522342140109436e-06,7e-06,0.030855717147358658,0.06132
fusivel_ac_derived,fusivel_ac,derived_sensitivity,98550.0,11.25,0.5016513111194284,0.4983486888805716,3.5115591778359987e-06,7e-06,0.030761258397843348,0.06132
fusivel_ac_derived,fusivel_ac,derived_sensitivity,98988.0,11.3,0.5001156036421152,0.49988439635788484,3.500809225494806e-06,7e-06,0.0306670888153345,0.06132
fusivel_ac_derived,fusivel_ac,derived_sensitivity,99426.00000000001,11.350000000000001,0.49858459743320005,0.5014154025668,3.4900921820324003e-06,7e-06,0.030573207514603826,0.06132
fusivel_ac_derived,fusivel_ac,derived_sensitivity,99864.0,11.4,0.4970582781006686,0.5029417218993314,3.47940794670468e-06,7e-06,0.030479613613133,0.06132
fusivel_ac_derived,fusivel_ac,derived_sensitivity,100302.00000000001,11.450000000000001,0.4955366312965642,0.5044633687034358,3.4687564190759493e-06,7e-06,0.030386306231105317,0.06132
fusivel_ac_derived,fusivel_ac,derived_sensitivity,100740.0,11.5,0.4940196427168542,0.5059803572831458,3.4581374990179797e-06,7e-06,0.030293284491397503,0.06132
fusivel_ac_derived,fusivel_ac,derived_sensitivity,101178.0,11.55,0.4925072981012946,0.5074927018987054,3.4475510867090623e-06,7e-06,0.030200547519571387,0.06132
fusivel_ac_derived,fusivel_ac,derived_sensitivity,101616.00000000001,11.600000000000001,0.49099958323329657,0.5090004167667035,3.436997082633076e-06,7e-06,0.030108094443865745,0.06132
fusivel_ac_derived,fusivel_ac,derived_sensitivity,102054.0,11.65,0.48949648393979245,0.5105035160602076,3.426475387578547e-06,7e-06,0.030015924395188073,0.06132
fusivel_ac_derived,fusivel_ac,derived_sensitivity,102492.00000000001,11.700000000000001,0.48799798609110256,0.5120020139088974,3.415985902637718e-06,7e-06,0.02992403650710641,0.06132
fusivel_ac_derived,fusivel_ac,derived_sensitivity,102930.0,11.75,0.48650407560080294,0.513495924399197,3.4055285292056205e-06,7e-06,0.029832429915841237,0.06132
fusivel_ac_derived,fusivel_ac,derived_sensitivity,103368.0,11.8,0.48501473842559195,0.514985261574408,3.3951031689791438e-06,7e-06,0.0297411037602573,0.06132
fusivel_ac_derived,fusivel_ac,derived_sensitivity,103806.00000000001,11.850000000000001,0.48352996056515896,0.516470039434841,3.3847097239561128e-06,7e-06,0.02965005718185555,0.06132
fusivel_ac_derived,fusivel_ac,derived_sensitivity,104244.0,11.9,0.48204972806205265,0.5179502719379473,3.3743480964343687e-06,7e-06,0.029559289324765068,0.06132
fusivel_ac_derived,fusivel_ac,derived_sensitivity,104682.00000000001,11.950000000000001,0.48057402700154955,0.5194259729984504,3.364018189010847e-06,7e-06,0.029468799335735017,0.06132
fusivel_ac_derived,fusivel_ac,derived_sensitivity,105120.0,12.0,0.4791028435115236,0.5208971564884763,3.353719904580665e-06,7e-06,0.029378586364126626,0.06132
fusivel_ac_derived,fusivel_ac,derived_sensitivity,105558.0,12.05,0.47763616376231527,0.5223638362376847,3.3434531463362068e-06,7e-06,0.02928864956190517,0.06132
fusivel_ac_derived,fusivel_ac,derived_sensitivity,105996.00000000001,12.100000000000001,0.476173973966602,0.523826026033398,3.333217817766214e-06,7e-06,0.029198988083632034,0.06132
fusivel_ac_derived,fusivel_ac,derived_sensitivity,106434.0,12.15,0.4747162603792685,0.5252837396207315,3.3230138226548794e-06,7e-06,0.029109601086456743,0.06132
fusivel_ac_derived,fusivel_ac,derived_sensitivity,106872.00000000001,12.200000000000001,0.47326300929727727,0.5267369907027227,3.312841065080941e-06,7e-06,0.02902048773010904,0.06132
fusivel_ac_derived,fusivel_ac,derived_sensitivity,107310.0,12.25,0.4718142070595402,0.5281857929404598,3.3026994494167815e-06,7e-06,0.028931647176891007,0.06132
fusivel_ac_derived,fusivel_ac,derived_sensitivity,107748.0,12.3,0.4703698400467897,0.5296301599532103,3.292588880327528e-06,7e-06,0.028843078591669145,0.06132
fusivel_ac_derived,fusivel_ac,derived_sensitivity,108186.00000000001,12.350000000000001,0.468929894681451,0.531070105318549,3.282509262770157e-06,7e-06,0.028754781141866574,0.06132
fusivel_ac_derived,fusivel_ac,derived_sensitivity,108624.0,12.4,0.4674943574275146,0.5325056425724854,3.272460501992602e-06,7e-06,0.028666753997455195,0.06132
fusivel_ac_derived,fusivel_ac,derived_sensitivity,109062.00000000001,12.450000000000001,0.4660632147904085,0.5339367852095914,3.2624425035328595e-06,7e-06,0.02857899633094785,0.06132
fusivel_ac_derived,fusivel_ac,derived_sensitivity,109500.0,12.5,0.4646364533168721,0.5353635466831279,3.2524551732181047e-06,7e-06,0.0284915073173906,0.06132
fusivel_ac_derived,fusivel_ac,derived_sensitivity,109938.0,12.55,0.46321405959482886,0.5367859404051711,3.242498417163802e-06,7e-06,0.028404286134354906,0.06132
fusivel_ac_derived,fusivel_ac,derived_sensitivity,110376.00000000001,12.600000000000001,0.46179602025326105,0.538203979746739,3.232572141772827e-06,7e-06,0.028317331961929967,0.06132
fusivel_ac_derived,fusivel_ac,derived_sensitivity,110814.0,12.65,0.46038232196208373,0.5396176780379163,3.222676253734586e-06,7e-06,0.028230643982714975,0.06132
fusivel_ac_derived,fusivel_ac,derived_sensitivity,111252.00000000001,12.700000000000001,0.4589729514320191,0.5410270485679809,3.2128106600241338e-06,7e-06,0.028144221381811413,0.06132
fusivel_ac_derived,fusivel_ac,derived_sensitivity,111690.0,12.75,0.4575678954144722,0.5424321045855278,3.202975267901305e-06,7e-06,0.02805806334681543,0.06132
fusivel_ac_derived,fusivel_ac,derived_sensitivity,112128.0,12.8,0.4561671407014058,0.5438328592985943,3.1931699849098406e-06,7e-06,0.027972169067810203,0.06132
fusivel_ac_derived,fusivel_ac,derived_sensitivity,112566.00000000001,12.850000000000001,0.45477067412521666,0.5452293258747833,3.1833947188765165e-06,7e-06,0.027886537737358285,0.06132
fusivel_ac_derived,fusivel_ac,derived_sensitivity,113004.0,12.9,0.4533784825586116,0.5466215174413884,3.173649377910281e-06,7e-06,0.027801168550494065,0.06132
fusivel_ac_derived,fusivel_ac,derived_sensitivity,113442.00000000001,12.950000000000001,0.4519905529144838,0.5480094470855161,3.1639338704013866e-06,7e-06,0.027716060704716147,0.06132
fusivel_ac_derived,fusivel_ac,derived_sensitivity,113880.0,13.0,0.4506068721457906,0.5493931278542094,3.154248105020534e-06,7e-06,0.027631213399979877,0.06132
fusivel_ac_derived,fusivel_ac,derived_sensitivity,114318.0,13.05,0.4492274272454298,0.5507725727545703,3.1445919907180085e-06,7e-06,0.027546625838689755,0.06132
fusivel_ac_derived,fusivel_ac,derived_sensitivity,114756.00000000001,13.100000000000001,0.4478522052461181,0.552147794753882,3.1349654367228266e-06,7e-06,0.027462297225691962,0.06132
fusivel_ac_derived,fusivel_ac,derived_sensitivity,115194.0,13.15,0.446481193220269,0.553518806779731,3.125368352541883e-06,7e-06,0.027378226768266897,0.06132
fusivel_ac_derived,fusivel_ac,derived_sensitivity,115632.00000000001,13.200000000000001,0.4451143782798714,0.5548856217201287,3.1158006479590994e-06,7e-06,0.02729441367612171,0.06132
fusivel_ac_derived,fusivel_ac,derived_sensitivity,116070.0,13.25,0.44375174757636815,0.5562482524236319,3.106262233034577e-06,7e-06,0.027210857161382895,0.06132
fusivel_ac_derived,fusivel_ac,derived_sensitivity,116508.0,13.3,0.4423932883005354,0.5576067116994646,3.0967530181037477e-06,7e-06,0.02712755643858883,0.06132
fusivel_ac_derived,fusivel_ac,derived_sensitivity,116946.00000000001,13.350000000000001,0.4410389876823624,0.5589610123176376,3.0872729137765365e-06,7e-06,0.02704451072468246,0.06132
fusivel_ac_derived,fusivel_ac,derived_sensitivity,117384.0,13.4,0.43968883299093137,0.5603111670090687,3.0778218309365196e-06,7e-06,0.026961719239003912,0.06132
fusivel_ac_derived,fusivel_ac,derived_sensitivity,117822.00000000001,13.450000000000001,0.4383428115342974,0.5616571884657027,3.0683996807400817e-06,7e-06,0.026879181203283115,0.06132
fusivel_ac_derived,fusivel_ac,derived_sensitivity,118260.0,13.5,0.43700091065936986,0.5629990893406301,3.059006374615589e-06,7e-06,0.02679689584163256,0.06132
fusivel_ac_derived,fusivel_ac,derived_sensitivity,118698.0,13.55,0.43566311775179284,0.5643368822482072,3.04964182426255e-06,7e-06,0.026714862380539935,0.06132
fusivel_ac_derived,fusivel_ac,derived_sensitivity,119136.00000000001,13.600000000000001,0.4343294202358269,0.5656705797641731,3.0403059416507883e-06,7e-06,0.026633080048860905,0.06132
fusivel_ac_derived,fusivel_ac,derived_sensitivity,119574.0,13.65,0.43299980557423084,0.5670001944257691,3.0309986390196157e-06,7e-06,0.026551548077811835,0.06132
fusivel_ac_derived,fusivel_ac,derived_sensitivity,120012.00000000001,13.700000000000001,0.43167426126814373,0.5683257387318563,3.021719828877006e-06,7e-06,0.026470265700962576,0.06132
fusivel_ac_derived,fusivel_ac,derived_sensitivity,120450.0,13.75,0.4303527748569673,0.5696472251430327,3.0124694239987714e-06,7e-06,0.026389232154229236,0.06132
fusivel_ac_derived,fusivel_ac,derived_sensitivity,120888.0,13.8,0.4290353339182493,0.5709646660817508,3.003247337427745e-06,7e-06,0.026308446675867046,0.06132
fusivel_ac_derived,fusivel_ac,derived_sensitivity,121326.00000000001,13.850000000000001,0.4277219260675659,0.5722780739324341,2.9940534824729615e-06,7e-06,0.026227908506463143,0.06132
fusivel_ac_derived,fusivel_ac,derived_sensitivity,121764.0,13.9,0.42641253895840636,0.5735874610415936,2.9848877727088443e-06,7e-06,0.026147616888929477,0.06132
fusivel_ac_derived,fusivel_ac,derived_sensitivity,122202.00000000001,13.950000000000001,0.4251071602820559,0.5748928397179441,2.9757501219743913e-06,7e-06,0.02606757106849567,0.06132
fusivel_ac_derived,fusivel_ac,derived_sensitivity,122640.0,14.0,0.42380577776748074,0.5761942222325193,2.9666404443723653e-06,7e-06,0.02598777029270192,0.06132
fusivel_ac_derived,fusivel_ac,derived_sensitivity,123078.0,14.05,0.4225083791812123,0.5774916208187877,2.957558654268486e-06,7e-06,0.02590821381139194,0.06132
fusivel_ac_derived,fusivel_ac,derived_sensitivity,123516.00000000001,14.100000000000001,0.42121495232723244,0.5787850476727676,2.948504666290627e-06,7e-06,0.025828900876705894,0.06132
fusivel_ac_derived,fusivel_ac,derived_sensitivity,123954.0,14.15,0.4199254850468588,0.5800745149531412,2.9394783953280115e-06,7e-06,0.025749830743073382,0.06132
fusivel_ac_derived,fusivel_ac,derived_sensitivity,124392.00000000001,14.200000000000001,0.41863996521863023,0.5813600347813698,2.9304797565304116e-06,7e-06,0.025671002667206407,0.06132
fusivel_ac_derived,fusivel_ac,derived_sensitivity,124830.0,14.25,0.4173583807581935,0.5826416192418065,2.9215086653073543e-06,7e-06,0.025592415908092424,0.06132
fusivel_ac_derived,fusivel_ac,derived_sensitivity,125268.0,14.3,0.4160807196181888,0.5839192803818112,2.912565037327322e-06,7e-06,0.02551406972698734,0.06132
fusivel_ac_derived,fusivel_ac,derived_sensitivity,125706.00000000001,14.350000000000001,0.4148069697881372,0.5851930302118628,2.9036487885169603e-06,7e-06,0.025435963387408573,0.06132
fusivel_ac_derived,fusivel_ac,derived_sensitivity,126144.0,14.4,0.41353711929432757,0.5864628807056724,2.894759835060293e-06,7e-06,0.025358096155128167,0.06132
fusivel_ac_derived,fusivel_ac,derived_sensitivity,126582.00000000001,14.450000000000001,0.41227115619970367,0.5877288438002963,2.885898093397926e-06,7e-06,0.02528046729816583,0.06132
fusivel_ac_derived,fusivel_ac,derived_sensitivity,127020.0,14.5,0.4110090686037526,0.5889909313962475,2.877063480226268e-06,7e-06,0.025203076086782107,0.06132
fusivel_ac_derived,fusivel_ac,derived_sensitivity,127458.0,14.55,0.4097508446423922,0.5902491553576078,2.8682559124967453e-06,7e-06,0.02512592179347149,0.06132
fusivel_ac_derived,fusivel_ac,derived_sensitivity,127896.00000000001,14.600000000000001,0.40849647248786003,0.59150352751214,2.85947530741502e-06,7e-06,0.025049003692955575,0.06132
fusivel_ac_derived,fusivel_ac,derived_sensitivity,128334.0,14.65,0.40724594034860223,0.5927540596513977,2.8507215824402155e-06,7e-06,0.024972321062176287,0.06132
fusivel_ac_derived,fusivel_ac,derived_sensitivity,128772.00000000001,14.700000000000001,0.4059992364691621,0.5940007635308379,2.8419946552841345e-06,7e-06,0.02489587318028902,0.06132
fusivel_ac_derived,fusivel_ac,derived_sensitivity,129210.0,14.75,0.4047563491300703,0.5952436508699297,2.833294443910492e-06,7e-06,0.024819659328655912,0.06132
fusivel_ac_derived,fusivel_ac,derived_sensitivity,129648.0,14.8,0.4035172666477342,0.5964827333522659,2.824620866534139e-06,7e-06,0.02474367879083906,0.06132
fusivel_ac_derived,fusivel_ac,derived_sensitivity,130086.00000000001,14.850000000000001,0.4022819773743281,0.597718022625672,2.8159738416202967e-06,7e-06,0.0246679308525938,0.06132
fusivel_ac_derived,fusivel_ac,derived_sensitivity,130524.0,14.9,0.4010504696976841,0.5989495303023159,2.8073532878837887e-06,7e-06,0.02459241480186199,0.06132
fusivel_ac_derived,fusivel_ac,derived_sensitivity,130962.00000000001,14.950000000000001,0.3998227320411825,0.6001772679588175,2.7987591242882777e-06,7e-06,0.024517129928765313,0.06132
fusivel_ac_derived,fusivel_ac,derived_sensitivity,131400.0,15.0,0.3985987528636433,0.6014012471363567,2.7901912700455033e-06,7e-06,0.02444207552559861,0.06132
fusivel_ac_derived,fusivel_ac,derived_sensitivity,131838.0,15.05,0.39737852065921736,0.6026214793407826,2.7816496446145214e-06,7e-06,0.02436725088682321,0.06132
fusivel_ac_derived,fusivel_ac,derived_sensitivity,132276.0,15.100000000000001,0.3961620239572786,0.6038379760427214,2.7731341677009504e-06,7e-06,0.024292655309060326,0.06132
fusivel_ac_derived,fusivel_ac,derived_sensitivity,132714.0,15.15,0.39494925132231606,0.6050507486776839,2.7646447592562122e-06,7e-06,0.02421828809108442,0.06132
fusivel_ac_derived,fusivel_ac,derived_sensitivity,133152.0,15.200000000000001,0.3937401913538262,0.6062598086461738,2.7561813394767836e-06,7e-06,0.024144148533816624,0.06132
fusivel_ac_derived,fusivel_ac,derived_sensitivity,133590.0,15.25,0.3925348326862061,0.607465167313794,2.7477438288034426e-06,7e-06,0.02407023594031816,0.06132
fusivel_ac_derived,fusivel_ac,derived_sensitivity,134028.0,15.3,0.39133316398864615,0.6086668360113539,2.739332147920523e-06,7e-06,0.02399654961578378,0.06132
fusivel_ac_derived,fusivel_ac,derived_sensitivity,134466.0,15.350000000000001,0.3901351739650242,0.6098648260349758,2.730946217755169e-06,7e-06,0.023923088867535282,0.06132
fusivel_ac_derived,fusivel_ac,derived_sensitivity,134904.0,15.4,0.3889408513537984,0.6110591486462016,2.722585959476589e-06,7e-06,0.02384985300501492,0.06132
fusivel_ac_derived,fusivel_ac,derived_sensitivity,135342.0,15.450000000000001,0.3877501849279024,0.6122498150720976,2.714251294495317e-06,7e-06,0.023776841339778976,0.06132
fusivel_ac_derived,fusivel_ac,derived_sensitivity,135780.0,15.5,0.38656316349463915,0.6134368365053608,2.705942144462474e-06,7e-06,0.02370405318549127,0.06132
fusivel_ac_derived,fusivel_ac,derived_sensitivity,136218.0,15.55,0.38537977589557587,0.6146202241044241,2.697658431269031e-06,7e-06,0.02363148785791671,0.06132
fusivel_ac_derived,fusivel_ac,derived_sensitivity,136656.0,15.600000000000001,0.38420001100643913,0.6157999889935609,2.689400077045074e-06,7e-06,0.023559144674914847,0.06132
fusivel_ac_derived,fusivel_ac,derived_sensitivity,137094.0,15.65,0.3830238577370102,0.6169761422629898,2.6811670041590715e-06,7e-06,0.023487022956433467,0.06132
fusivel_ac_derived,fusivel_ac,derived_sensitivity,137532.0,15.700000000000001,0.38185130503102105,0.618148694968979,2.6729591352171472e-06,7e-06,0.02341512202450221,0.06132
fusivel_ac_derived,fusivel_ac,derived_sensitivity,137970.0,15.75,0.3806823418660502,0.6193176581339498,2.6647763930623515e-06,7e-06,0.0233434412032262,0.06132
fusivel_ac_derived,fusivel_ac,derived_sensitivity,138408.0,15.8,0.37951695725341916,0.6204830427465808,2.656618700773934e-06,7e-06,0.023271979818779664,0.06132
fusivel_ac_derived,fusivel_ac,derived_sensitivity,138846.0,15.850000000000001,0.37835514023808897,0.621644859761911,2.6484859816666226e-06,7e-06,0.023200737199399614,0.06132
fusivel_ac_derived,fusivel_ac,derived_sensitivity,139284.0,15.9,0.37719687989855766,0.6228031201014423,2.6403781592899036e-06,7e-06,0.023129712675379555,0.06132
fusivel_ac_derived,fusivel_ac,derived_sensitivity,139722.0,15.950000000000001,0.3760421653467571,0.623957834653243,2.6322951574272996e-06,7e-06,0.023058905579063146,0.06132
fusivel_ac_derived,fusivel_ac,derived_sensitivity,140160.0,16.0,0.37489098572795093,0.6251090142720491,2.6242369000956565e-06,7e-06,0.02298831524483795,0.06132
fusivel_ac_derived,fusivel_ac,derived_sensitivity,140598.0,16.05,0.37374333022063244,0.6262566697793676,2.616203311544427e-06,7e-06,0.02291794100912918,0.06132
fusivel_ac_derived,fusivel_ac,derived_sensitivity,141036.0,16.1,0.3725991880364229,0.6274008119635771,2.6081943162549603e-06,7e-06,0.022847782210393453,0.06132
fusivel_ac_derived,fusivel_ac,derived_sensitivity,141474.00000000003,16.150000000000002,0.37145854841996995,0.62854145158003,2.6002098389397894e-06,7e-06,0.022777838189112554,0.06132
fusivel_ac_derived,fusivel_ac,derived_sensitivity,141912.0,16.2,0.3703214006488469,0.6296785993511531,2.592249804541928e-06,7e-06,0.022708108287787288,0.06132
fusivel_ac_derived,fusivel_ac,derived_sensitivity,142350.0,16.25,0.36918773403345123,0.6308122659665487,2.5843141382341587e-06,7e-06,0.02263859185093123,0.06132
fusivel_ac_derived,fusivel_ac,derived_sensitivity,142788.0,16.3,0.36805753791690504,0.631942462083095,2.5764027654183354e-06,7e-06,0.02256928822506462,0.06132
fusivel_ac_derived,fusivel_ac,derived_sensitivity,143226.0,16.35,0.366930801674954,0.633069198325046,2.5685156117246782e-06,7e-06,0.02250019675870818,0.06132
fusivel_ac_derived,fusivel_ac,derived_sensitivity,143664.00000000003,16.400000000000002,0.3658075147158682,0.6341924852841319,2.5606526030110775e-06,7e-06,0.02243131680237704,0.06132
fusivel_ac_derived,fusivel_ac,derived_sensitivity,144102.0,16.45,0.364687666480342,0.635312333519658,2.552813665362394e-06,7e-06,0.02236264770857457,0.06132
fusivel_ac_derived,fusivel_ac,derived_sensitivity,144540.0,16.5,0.363571246441395,0.6364287535586051,2.544998725089765e-06,7e-06,0.02229418883178634,0.06132
fusivel_ac_derived,fusivel_ac,derived_sensitivity,144978.0,16.55,0.3624582441042732,0.6375417558957268,2.5372077087299125e-06,7e-06,0.022225939528474032,0.06132
fusivel_ac_derived,fusivel_ac,derived_sensitivity,145416.0,16.6,0.3613486490063502,0.6386513509936498,2.5294405430444515e-06,7e-06,0.022157899157069394,0.06132
fusivel_ac_derived,fusivel_ac,derived_sensitivity,145854.00000000003,16.650000000000002,0.3602424507170289,0.6397575492829711,2.521697155019202e-06,7e-06,0.02209006707796821,0.06132
fusivel_ac_derived,fusivel_ac,derived_sensitivity,146292.0,16.7,0.3591396388376435,0.6408603611623565,2.5139774718635045e-06,7e-06,0.0220224426535243,0.06132
fusivel_ac_derived,fusivel_ac,derived_sensitivity,146730.0,16.75,0.3580402030013615,0.6419597969986385,2.5062814210095307e-06,7e-06,0.021955025248043488,0.06132
fusivel_ac_derived,fusivel_ac,derived_sensitivity,147168.0,16.8,0.35694413287308663,0.6430558671269133,2.4986089301116064e-06,7e-06,0.021887814227777674,0.06132
fusivel_ac_derived,fusivel_ac,derived_sensitivity,147606.0,16.85,0.3558514181493614,0.6441485818506386,2.4909599270455297e-06,7e-06,0.02182080896091884,0.06132
fusivel_ac_derived,fusivel_ac,derived_sensitivity,148044.00000000003,16.900000000000002,0.3547620485582702,0.6452379514417298,2.4833343399078916e-06,7e-06,0.02175400881759313,0.06132
fusivel_ac_derived,fusivel_ac,derived_sensitivity,148482.0,16.95,0.35367601385934333,0.6463239861406567,2.4757320970154034e-06,7e-06,0.021687413169854935,0.06132
fusivel_ac_derived,fusivel_ac,derived_sensitivity,148920.0,17.0,0.35259330384345977,0.6474066961565402,2.468153126904218e-06,7e-06,0.021621021391680952,0.06132
fusivel_ac_derived,fusivel_ac,derived_sensitivity,149358.0,17.05,0.351513908332752,0.648486091667248,2.460597358329264e-06,7e-06,0.02155483285896435,0.06132
fusivel_ac_derived,fusivel_ac,derived_sensitivity,149796.0,17.1,0.35043781718051004,0.64956218281949,2.45306472026357e-06,7e-06,0.021488846949508873,0.06132
fusivel_ac_derived,fusivel_ac,derived_sensitivity,150234.00000000003,17.150000000000002,0.3493650202710859,0.650634979728914,2.4455551418976014e-06,7e-06,0.021423063043022987,0.06132
fusivel_ac_derived,fusivel_ac,derived_sensitivity,150672.0,17.2,0.34829550751979915,0.6517044924802009,2.438068552638594e-06,7e-06,0.021357480521114084,0.06132
fusivel_ac_derived,fusivel_ac,derived_sensitivity,151110.0,17.25,0.34722926887284106,0.6527707311271589,2.4306048821098875e-06,7e-06,0.021292098767282615,0.06132
fusivel_ac_derived,fusivel_ac,derived_sensitivity,151548.0,17.3,0.34616629430718093,0.6538337056928191,2.4231640601502666e-06,7e-06,0.021226917166916336,0.06132
fusivel_ac_derived,fusivel_ac,derived_sensitivity,151986.0,17.35,0.34510657383047155,0.6548934261695284,2.4157460168133008e-06,7e-06,0.021161935107284514,0.06132
fusivel_ac_derived,fusivel_ac,derived_sensitivity,152424.00000000003,17.400000000000002,0.34405009748095544,0.6559499025190446,2.408350682366688e-06,7e-06,0.021097151977532185,0.06132
fusivel_ac_derived,fusivel_ac,derived_sensitivity,152862.0,17.45,0.3429968553273711,0.6570031446726289,2.4009779872915977e-06,7e-06,0.021032567168674396,0.06132
fusivel_ac_derived,fusivel_ac,derived_sensitivity,153300.0,17.5,0.3419468374688595,0.6580531625311404,2.3936278622820165e-06,7e-06,0.020968180073590467,0.06132
fusivel_ac_derived,fusivel_ac,derived_sensitivity,153738.0,17.55,0.34090003403487124,0.6590999659651288,2.3863002382440985e-06,7e-06,0.020903990087018303,0.06132
fusivel_ac_derived,fusivel_ac,derived_sensitivity,154176.0,17.6,0.33985643518507364,0.6601435648149263,2.3789950462955154e-06,7e-06,0.020839996605548715,0.06132
fusivel_ac_derived,fusivel_ac,derived_sensitivity,154614.00000000003,17.650000000000002,0.3388160311092583,0.6611839688907417,2.371712217764808e-06,7e-06,0.020776199027619718,0.06132
fusivel_ac_derived,fusivel_ac,derived_sensitivity,155052.0,17.7,0.337778812027249,0.662221187972751,2.364451684190743e-06,7e-06,0.02071259675351091,0.06132
fusivel_ac_derived,fusivel_ac,derived_sensitivity,155490.0,17.75,0.3367447681888094,0.6632552318111906,2.3572133773216656e-06,7e-06,0.020649189185337792,0.06132
fusivel_ac_derived,fusivel_ac,derived_sensitivity,155928.0,17.8,0.33571388987355155,0.6642861101264484,2.349997229114861e-06,7e-06,0.020585975727046183,0.06132
fusivel_ac_derived,fusivel_ac,derived_sensitivity,156366.0,17.85,0.3346861673908449,0.6653138326091551,2.342803171735914e-06,7e-06,0.020522955784406608,0.06132
fusivel_ac_derived,fusivel_ac,derived_sensitivity,156804.00000000003,17.900000000000002,0.3336615910797245,0.6663384089202755,2.3356311375580714e-06,7e-06,0.020460128765008707,0.06132
fusivel_ac_derived,fusivel_ac,derived_sensitivity,157242.0,17.95,0.3326401513088009,0.667359848691199,2.3284810591616065e-06,7e-06,0.02039749407825567,0.06132
fusivel_ac_derived,fusivel_ac,derived_sensitivity,157680.0,18.0,0.33162183847616905,0.668378161523831,2.3213528693331833e-06,7e-06,0.020335051135358686,0.06132
fusivel_ac_derived,fusivel_ac,derived_sensitivity,158118.0,18.05,0.3306066430093182,0.6693933569906818,2.3142465010652273e-06,7e-06,0.02027279934933139,0.06132
fusivel_ac_derived,fusivel_ac,derived_sensitivity,158556.0,18.1,0.3295945553650423,0.6704054446349578,2.3071618875552958e-06,7e-06,0.02021073813498439,0.06132
fusivel_ac_derived,fusivel_ac,derived_sensitivity,158994.00000000003,18.150000000000002,0.3285855660293494,0.6714144339706506,2.3000989622054458e-06,7e-06,0.020148866908919705,0.06132
fusivel_ac_derived,fusivel_ac,derived_sensitivity,159432.0,18.2,0.32757966551737344,0.6724203344826265,2.2930576586216142e-06,7e-06,0.02008718508952534,0.06132
fusivel_ac_derived,fusivel_ac,derived_sensitivity,159870.0,18.25,0.32657684437328394,0.6734231556267161,2.2860379106129875e-06,7e-06,0.02002569209696977,0.06132
fusivel_ac_derived,fusivel_ac,derived_sensitivity,160308.0,18.3,0.32557709317019773,0.6744229068298022,2.279039652191384e-06,7e-06,0.019964387353196524,0.06132
fusivel_ac_derived,fusivel_ac,derived_sensitivity,160746.0,18.35,0.3245804025100903,0.6754195974899097,2.272062817570632e-06,7e-06,0.019903270281918736,0.06132
fusivel_ac_derived,fusivel_ac,derived_sensitivity,161184.00000000003,18.400000000000002,0.3235867630237072,0.6764132369762927,2.2651073411659502e-06,7e-06,0.019842340308613725,0.06132
fusivel_ac_derived,fusivel_ac,derived_sensitivity,161622.0,18.45,0.3225961653704764,0.6774038346295236,2.258173157593335e-06,7e-06,0.019781596860517614,0.06132
fusivel_ac_derived,fusivel_ac,derived_sensitivity,162060.0,18.5,0.32160860023841986,0.6783913997615801,2.251260201668939e-06,7e-06,0.019721039366619907,0.06132
fusivel_ac_derived,fusivel_ac,derived_sensitivity,162498.0,18.55,0.3206240583440665,0.6793759416559335,2.2443684084084654e-06,7e-06,0.019660667257658155,0.06132
fusivel_ac_derived,fusivel_ac,derived_sensitivity,162936.0,18.6,0.31964253043236474,0.6803574695676353,2.237497713026553e-06,7e-06,0.019600479966112604,0.06132
fusivel_ac_derived,fusivel_ac,derived_sensitivity,163374.00000000003,18.650000000000002,0.31866400727659555,0.6813359927234045,2.2306480509361687e-06,7e-06,0.019540476926200836,0.06132
fusivel_ac_derived,fusivel_ac,derived_sensitivity,163812.0,18.7,0.31768847967828584,0.6823115203217142,2.223819357748001e-06,7e-06,0.019480657573872486,0.06132
fusivel_ac_derived,fusivel_ac,derived_sensitivity,164250.0,18.75,0.31671593846712165,0.6832840615328784,2.2170115692698516e-06,7e-06,0.0194210213468039,0.06132
fusivel_ac_derived,fusivel_ac,derived_sensitivity,164688.0,18.8,0.3157463745008621,0.6842536254991378,2.2102246215060347e-06,7e-06,0.019361567684392865,0.06132
fusivel_ac_derived,fusivel_ac,derived_sensitivity,165126.0,18.85,0.31477977866525375,0.6852202213347462,2.2034584506567762e-06,7e-06,0.01930229602775336,0.06132
fusivel_ac_derived,fusivel_ac,derived_sensitivity,165564.00000000003,18.900000000000002,0.31381614187394447,0.6861838581260555,2.196712993117611e-06,7e-06,0.01924320581971027,0.06132
fusivel_ac_derived,fusivel_ac,derived_sensitivity,166002.0,18.95,0.3128554550683983,0.6871445449316017,2.189988185478788e-06,7e-06,0.019184296504794182,0.06132
fusivel_ac_derived,fusivel_ac,derived_sensitivity,166440.0,19.0,0.31189770921781007,0.6881022907821899,2.1832839645246706e-06,7e-06,0.019125567529236113,0.06132
fusivel_ac_derived,fusivel_ac,derived_sensitivity,166878.0,19.05,0.31094289531902086,0.6890571046809791,2.176600267233146e-06,7e-06,0.01906701834096236,0.06132
fusivel_ac_derived,fusivel_ac,derived_sensitivity,167316.0,19.1,0.30999100439643307,0.6900089956035669,2.1699370307750314e-06,7e-06,0.019008648389589274,0.06132
fusivel_ac_derived,fusivel_ac,derived_sensitivity,167754.00000000003,19.150000000000002,0.3090420275019261,0.6909579724980739,2.1632941925134826e-06,7e-06,0.01895045712641811,0.06132
fusivel_ac_derived,fusivel_ac,derived_sensitivity,168192.00000000003,19.200000000000003,0.30809595571477244,0.6919040442852276,2.1566716900034072e-06,7e-06,0.018892444004429847,0.06132
fusivel_ac_derived,fusivel_ac,derived_sensitivity,168630.0,19.25,0.30715278014155345,0.6928472198584466,2.150069460990874e-06,7e-06,0.018834608478280057,0.06132
fusivel_ac_derived,fusivel_ac,derived_sensitivity,169068.0,19.3,0.306212491916076,0.693787508083924,2.1434874434125323e-06,7e-06,0.018776950004293785,0.06132
fusivel_ac_derived,fusivel_ac,derived_sensitivity,169506.0,19.35,0.3052750821992891,0.6947249178007109,2.136925575395024e-06,7e-06,0.01871946804046041,0.06132
fusivel_ac_derived,fusivel_ac,derived_sensitivity,169944.00000000003,19.400000000000002,0.30434054217920076,0.6956594578207992,2.1303837952544052e-06,7e-06,0.01866216204642859,0.06132
fusivel_ac_derived,fusivel_ac,derived_sensitivity,170382.00000000003,19.450000000000003,0.30340886307079534,0.6965911369292046,2.123862041495567e-06,7e-06,0.018605031483501167,0.06132
fusivel_ac_derived,fusivel_ac,derived_sensitivity,170820.0,19.5,0.3024800361159507,0.6975199638840494,2.117360252811655e-06,7e-06,0.018548075814630097,0.06132
fusivel_ac_derived,fusivel_ac,derived_sensitivity,171258.0,19.55,0.30155405258335577,0.6984459474166442,2.11087836808349e-06,7e-06,0.018491294504411376,0.06132
fusivel_ac_derived,fusivel_ac,derived_sensitivity,171696.0,19.6,0.300630903768429,0.699369096231571,2.104416326379003e-06,7e-06,0.018434687019080066,0.06132
fusivel_ac_derived,fusivel_ac,derived_sensitivity,172134.00000000003,19.650000000000002,0.299710580993236,0.700289419006764,2.097974066952652e-06,7e-06,0.01837825282650523,0.06132
fusivel_ac_derived,fusivel_ac,derived_sensitivity,172572.00000000003,19.700000000000003,0.29879307560640844,0.7012069243935916,2.0915515292448593e-06,7e-06,0.018321991396184966,0.06132
fusivel_ac_derived,fusivel_ac,derived_sensitivity,173010.0,19.75,0.2978783789830622,0.7021216210169379,2.0851486528814352e-06,7e-06,0.018265902199241374,0.06132
fusivel_ac_derived,fusivel_ac,derived_sensitivity,173448.0,19.8,0.29696648252471664,0.7030335174752833,2.0787653776730164e-06,7e-06,0.018209984708415623,0.06132
fusivel_ac_derived,fusivel_ac,derived_sensitivity,173886.0,19.85,0.2960573776592137,0.7039426223407863,2.0724016436144957e-06,7e-06,0.01815423839806298,0.06132
fusivel_ac_derived,fusivel_ac,derived_sensitivity,174324.00000000003,19.900000000000002,0.2951510558406372,0.7048489441593628,2.0660573908844606e-06,7e-06,0.018098662744147873,0.06132
fusivel_ac_derived,fusivel_ac,derived_sensitivity,174762.00000000003,19.950000000000003,0.29424750854923293,0.705752491450767,2.0597325598446303e-06,7e-06,0.01804325722423896,0.06132
fusivel_ac_derived,fusivel_ac,derived_sensitivity,175200.0,20.0,0.29334672729132805,0.706653272708672,2.053427091039296e-06,7e-06,0.017988021317504235,0.06132
fusivel_ac_direct,fusivel_ac,direct_bibliographic,0.0,0.0,1.0,0.0,2.17e-06,2.17e-06,0.0190092,0.0190092
fusivel_ac_direct,fusivel_ac,direct_bibliographic,438.0,0.05,0.9990499915440363,0.0009500084559637118,2.1679384816505587e-06,2.17e-06,0.018991141099258896,0.0190092
fusivel_ac_direct,fusivel_ac,direct_bibliographic,876.0,0.1,0.998100885604139,0.001899114395861021,2.1658789217609816e-06,2.17e-06,0.0189730993546262,0.0190092
fusivel_ac_direct,fusivel_ac,direct_bibliographic,1314.0000000000002,0.15000000000000002,0.9971526813229101,0.002847318677089823,2.163821318470715e-06,2.17e-06,0.01895507474980346,0.0190092
fusivel_ac_direct,fusivel_ac,direct_bibliographic,1752.0,0.2,0.9962053778437665,0.0037946221562334755,2.1617656699209735e-06,2.17e-06,0.01893706726850773,0.0190092
fusivel_ac_direct,fusivel_ac,direct_bibliographic,2190.0,0.25,0.9952589743109385,0.004741025689061578,2.1597119742547366e-06,2.17e-06,0.018919076894471493,0.0190092
fusivel_ac_direct,fusivel_ac,direct_bibliographic,2628.0000000000005,0.30000000000000004,0.9943134698694692,0.005686530130530741,2.157660229616748e-06,2.17e-06,0.018901103611442715,0.0190092
fusivel_ac_direct,fusivel_ac,direct_bibliographic,3066.0000000000005,0.35000000000000003,0.9933688636652146,0.006631136334785356,2.1556104341535155e-06,2.17e-06,0.018883147403184797,0.0190092
fusivel_ac_direct,fusivel_ac,direct_bibliographic,3504.0,0.4,0.9924251548448416,0.0075748451551583725,2.1535625860133065e-06,2.17e-06,0.018865208253476564,0.0190092
fusivel_ac_direct,fusivel_ac,direct_bibliographic,3942.0,0.45,0.9914823425558279,0.008517657444172069,2.1515166833461465e-06,2.17e-06,0.01884728614611224,0.0190092
fusivel_ac_direct,fusivel_ac,direct_bibliographic,4380.0,0.5,0.9905404259464612,0.009459574053538814,2.1494727243038206e-06,2.17e-06,0.01882938106490147,0.0190092
fusivel_ac_direct,fusivel_ac,direct_bibliographic,4818.0,0.55,0.9895994041658381,0.01040059583416185,2.1474307070398687e-06,2.17e-06,0.01881149299366925,0.0190092
fusivel_ac_direct,fusivel_ac,direct_bibliographic,5256.000000000001,0.6000000000000001,0.988659276363864,0.011340723636136049,2.145390629709585e-06,2.17e-06,0.018793621916255963,0.0190092
fusivel_ac_direct,fusivel_ac,direct_bibliographic,5694.0,0.65,0.9877200416912513,0.01227995830874868,2.143352490470015e-06,2.17e-06,0.01877576781651733,0.0190092
fusivel_ac_direct,fusivel_ac,direct_bibliographic,6132.000000000001,0.7000000000000001,0.9867816992995198,0.0132183007004802,2.1413162874799577e-06,2.17e-06,0.01875793067832443,0.0190092
fusivel_ac_direct,fusivel_ac,direct_bibliographic,6570.0,0.75,0.985844248340995,0.014155751659004984,2.139282018899959e-06,2.17e-06,0.018740110485563642,0.0190092
fusivel_ac_direct,fusivel_ac,direct_bibliographic,7008.0,0.8,0.9849076879688079,0.015092312031192118,2.1372496828923133e-06,2.17e-06,0.018722307222136664,0.0190092
fusivel_ac_direct,fusivel_ac,direct_bibliographic,7446.000000000001,0.8500000000000001,0.9839720173368939,0.01602798266310616,2.1352192776210596e-06,2.17e-06,0.018704520871960482,0.0190092
fusivel_ac_direct,fusivel_ac,direct_bibliographic,7884.0,0.9,0.9830372355999921,0.016962764400007876,2.1331908012519827e-06,2.17e-06,0.01868675141896737,0.0190092
fusivel_ac_direct,fusivel_ac,direct_bibliographic,8322.0,0.9500000000000001,0.9821033419136449,0.01789665808635506,2.1311642519526093e-06,2.17e-06,0.018668998847104858,0.0190092
fusivel_ac_direct,fusivel_ac,direct_bibliographic,8760.0,1.0,0.9811703354341967,0.018829664565803244,2.129139627892207e-06,2.17e-06,0.01865126314033573,0.0190092
fusivel_ac_direct,fusivel_ac,direct_bibliographic,9198.0,1.05,0.9802382153187935,0.019761784681206485,2.1271169272417818e-06,2.17e-06,0.01863354428263801,0.0190092
fusivel_ac_direct,fusivel_ac,direct_bibliographic,9636.0,1.1,0.9793069807253819,0.020693019274618116,2.1250961481740786e-06,2.17e-06,0.018615842258004927,0.0190092
fusivel_ac_direct,fusivel_ac,direct_bibliographic,10074.000000000002,1.1500000000000001,0.9783766308127084,0.021623369187291522,2.1230772888635774e-06,2.17e-06,0.018598157050444937,0.0190092
fusivel_ac_direct,fusivel_ac,direct_bibliographic,10512.000000000002,1.2000000000000002,0.9774471647403191,0.02255283525968088,2.1210603474864923e-06,2.17e-06,0.018580488643981673,0.0190092
fusivel_ac_direct,fusivel_ac,direct_bibliographic,10950.0,1.25,0.9765185816685581,0.023481418331441937,2.119045322220771e-06,2.17e-06,0.018562837022653954,0.0190092
fusivel_ac_direct,fusivel_ac,direct_bibliographic,11388.0,1.3,0.9755908807585673,0.024409119241432756,2.117032211246091e-06,2.17e-06,0.018545202170515755,0.0190092
fusivel_ac_direct,fusivel_ac,direct_bibliographic,11826.0,1.35,0.9746640611722855,0.02533593882771448,2.1150210127438597e-06,2.17e-06,0.01852758407163621,0.0190092
fusivel_ac_direct,fusivel_ac,direct_bibliographic,12264.000000000002,1.4000000000000001,0.9737381220724479,0.026261877927552087,2.113011724897212e-06,2.17e-06,0.018509982710099578,0.0190092
fusivel_ac_direct,fusivel_ac,direct_bibliographic,12702.000000000002,1.4500000000000002,0.9728130626225848,0.02718693737741514,2.111004345891009e-06,2.17e-06,0.018492398070005238,0.0190092
fusivel_ac_direct,fusivel_ac,direct_bibliographic,13140.0,1.5,0.9718888819870214,0.028111118012978546,2.1089988739118366e-06,2.17e-06,0.018474830135467687,0.0190092
fusivel_ac_direct,fusivel_ac,direct_bibliographic,13578.0,1.55,0.9709655793308767,0.029034420669123335,2.1069953071480024e-06,2.17e-06,0.0184572788906165,0.0190092
fusivel_ac_direct,fusivel_ac,direct_bibliographic,14016.0,1.6,0.9700431538200626,0.029956846179937373,2.1049936437895356e-06,2.17e-06,0.018439744319596333,0.0190092
fusivel_ac_direct,fusivel_ac,direct_bibliographic,14454.000000000002,1.6500000000000001,0.9691216046212838,0.030878395378716145,2.102993882028186e-06,2.17e-06,0.01842222640656691,0.0190092
fusivel_ac_direct,fusivel_ac,direct_bibliographic,14892.000000000002,1.7000000000000002,0.9682009309020365,0.031799069097963484,2.1009960200574194e-06,2.17e-06,0.018404725135702994,0.0190092
fusivel_ac_direct,fusivel_ac,direct_bibliographic,15330.0,1.75,0.9672811318306076,0.03271886816939235,2.0990000560724183e-06,2.17e-06,0.018387240491194383,0.0190092
fusivel_ac_direct,fusivel_ac,direct_bibliographic,15768.0,1.8,0.9663622065760744,0.03363779342392558,2.0970059882700817e-06,2.17e-06,0.018369772457245914,0.0190092
fusivel_ac_direct,fusivel_ac,direct_bibliographic,16206.0,1.85,0.9654441543083034,0.034555845691696604,2.0950138148490186e-06,2.17e-06,0.018352321018077402,0.0190092
fusivel_ac_direct,fusivel_ac,direct_bibliographic,16644.0,1.9000000000000001,0.9645269741979497,0.03547302580205022,2.093023534009551e-06,2.17e-06,0.018334886157923665,0.0190092
fusivel_ac_direct,fusivel_ac,direct_bibliographic,17082.0,1.9500000000000002,0.9636106654164567,0.03638933458354337,2.091035143953711e-06,2.17e-06,0.018317467861034508,0.0190092
fusivel_ac_direct,fusivel_ac,direct_bibliographic,17520.0,2.0,0.9626952271360542,0.037304772863945825,2.0890486428852374e-06,2.17e-06,0.01830006611167468,0.0190092
fusivel_ac_direct,fusivel_ac,direct_bibliographic,17958.000000000004,2.0500000000000003,0.961780658529759,0.03821934147024099,2.087064029009577e-06,2.17e-06,0.018282680894123896,0.0190092
fusivel_ac_direct,fusivel_ac,direct_bibliographic,18396.0,2.1,0.9608669587713734,0.0391330412286266,2.0850813005338803e-06,2.17e-06,0.01826531219267679,0.0190092
fusivel_ac_direct,fusivel_ac,direct_bibliographic,18834.0,2.15,0.9599541270354844,0.04004587296451554,2.0831004556670013e-06,2.17e-06,0.018247959991642932,0.0190092
fusivel_ac_direct,fusivel_ac,direct_bibliographic,19272.0,2.2,0.9590421624974634,0.040957837502536516,2.0811214926194957e-06,2.17e-06,0.01823062427534678,0.0190092
fusivel_ac_direct,fusivel_ac,direct_bibliographic,19710.0,2.25,0.9581310643334652,0.04186893566653483,2.0791444096036196e-06,2.17e-06,0.018213305028127708,0.0190092
fusivel_ac_direct,fusivel_ac,direct_bibliographic,20148.000000000004,2.3000000000000003,0.9572208317204268,0.042779168279573135,2.077169204833326e-06,2.17e-06,0.018196002234339936,0.0190092
fusivel_ac_direct,fusivel_ac,direct_bibliographic,20586.0,2.35,0.9563114638360678,0.04368853616393215,2.075195876524267e-06,2.17e-06,0.01817871587835258,0.0190092
fusivel_ac_direct,fusivel_ac,direct_bibliographic,21024.000000000004,2.4000000000000004,0.9554029598588886,0.04459704014111146,2.073224422893788e-06,2.17e-06,0.018161445944549583,0.0190092
fusivel_ac_direct,fusivel_ac,direct_bibliographic,21462.0,2.45,0.9544953189681699,0.045504681031830155,2.0712548421609285e-06,2.17e-06,0.018144192417329733,0.0190092
fusivel_ac_direct,fusivel_ac,direct_bibliographic,21900.0,2.5,0.9535885403439723,0.0464114596560277,2.06928713254642e-06,2.17e-06,0.018126955281106638,0.0190092
fusivel_ac_direct,fusivel_ac,direct_bibliographic,22338.000000000004,2.5500000000000003,0.9526826231671355,0.04731737683286457,2.067321292272684e-06,2.17e-06,0.01810973452030871,0.0190092
fusivel_ac_direct,fusivel_ac,direct_bibliographic,22776.0,2.6,0.9517775666192769,0.04822243338072303,2.065357319563831e-06,2.17e-06,0.01809253011937916,0.0190092
fusivel_ac_direct,fusivel_ac,direct_bibliographic,23214.000000000004,2.6500000000000004,0.950873369882792,0.04912663011720792,2.0633952126456585e-06,2.17e-06,0.01807534206277597,0.0190092
fusivel_ac_direct,fusivel_ac,direct_bibliographic,23652.0,2.7,0.9499700321408527,0.05002996785914727,2.0614349697456503e-06,2.17e-06,0.018058170334971896,0.0190092
fusivel_ac_direct,fusivel_ac,direct_bibliographic,24090.0,2.75,0.9490675525774068,0.0509324474225932,2.059476589092973e-06,2.17e-06,0.018041014920454443,0.0190092
fusivel_ac_direct,fusivel_ac,direct_bibliographic,24528.000000000004,2.8000000000000003,0.9481659303771774,0.051834069622822526,2.057520068918475e-06,2.17e-06,0.01802387580372584,0.0190092
fusivel_ac_direct,fusivel_ac,direct_bibliographic,24966.0,2.85,0.9472651647256625,0.05273483527433754,2.0555654074546875e-06,2.17e-06,0.018006752969303062,0.0190092
fusivel_ac_direct,fusivel_ac,direct_bibliographic,25404.000000000004,2.9000000000000004,0.9463652548091332,0.053634745190866785,2.0536126029358193e-06,2.17e-06,0.017989646401717775,0.0190092
fusivel_ac_direct,fusivel_ac,direct_bibliographic,25842.0,2.95,0.9454661998146343,0.05453380018536571,2.0516616535977566e-06,2.17e-06,0.017972556085516348,0.0190092
fusivel_ac_direct,fusivel_ac,direct_bibliographic,26280.0,3.0,0.9445679989299826,0.055432001070017486,2.0497125576780623e-06,2.17e-06,0.017955482005259826,0.0190092
fusivel_ac_direct,fusivel_ac,direct_bibliographic,26718.000000000004,3.0500000000000003,0.9436706513437663,0.0563293486562337,2.0477653134159728e-06,2.17e-06,0.01793842414552392,0.0190092
fusivel_ac_direct,fusivel_ac,direct_bibliographic,27156.0,3.1,0.942774156245345,0.05722584375465505,2.0458199190523986e-06,2.17e-06,0.017921382490899012,0.0190092
fusivel_ac_direct,fusivel_ac,direct_bibliographic,27594.000000000004,3.1500000000000004,0.9418785128248478,0.05812148717515219,2.04387637282992e-06,2.17e-06,0.017904357025990098,0.0190092
fusivel_ac_direct,fusivel_ac,direct_bibliographic,28032.0,3.2,0.9409837202731737,0.05901627972682631,2.041934672992787e-06,2.17e-06,0.017887347735416812,0.0190092
fusivel_ac_direct,fusivel_ac,direct_bibliographic,28470.0,3.25,0.94008977778199,0.059910222218010026,2.0399948177869183e-06,2.17e-06,0.017870354603813404,0.0190092
fusivel_ac_direct,fusivel_ac,direct_bibliographic,28908.000000000004,3.3000000000000003,0.9391966845437321,0.06080331545626797,2.0380568054598986e-06,2.17e-06,0.01785337761582871,0.0190092
fusivel_ac_direct,fusivel_ac,direct_bibliographic,29346.0,3.35,0.9383044397516024,0.06169556024839759,2.036120634260977e-06,2.17e-06,0.01783641675612616,0.0190092
fusivel_ac_direct,fusivel_ac,direct_bibliographic,29784.000000000004,3.4000000000000004,0.93741304259957,0.06258695740042992,2.034186302441067e-06,2.17e-06,0.017819472009383747,0.0190092
fusivel_ac_direct,fusivel_ac,direct_bibliographic,30222.0,3.45,0.9365224922823698,0.06347750771763017,2.0322538082527425e-06,2.17e-06,0.017802543360294024,0.0190092
fusivel_ac_direct,fusivel_ac,direct_bibliographic,30660.0,3.5,0.9356327879955013,0.06436721200449863,2.030323149950238e-06,2.17e-06,0.017785630793564083,0.0190092
fusivel_ac_direct,fusivel_ac,direct_bibliographic,31098.000000000004,3.5500000000000003,0.9347439289352287,0.06525607106477127,2.028394325789446e-06,2.17e-06,0.01776873429391555,0.0190092
fusivel_ac_direct,fusivel_ac,direct_bibliographic,31536.0,3.6,0.9338559142985795,0.06614408570142047,2.0264673340279177e-06,2.17e-06,0.017751853846084558,0.0190092
fusivel_ac_direct,fusivel_ac,direct_bibliographic,31974.000000000004,3.6500000000000004,0.9329687432833441,0.06703125671665584,2.0245421729248566e-06,2.17e-06,0.017734989434821744,0.0190092
fusivel_ac_direct,fusivel_ac,direct_bibliographic,32412.0,3.7,0.9320824150880751,0.06791758491192486,2.022618840741123e-06,2.17e-06,0.01771814104489224,0.0190092
fusivel_ac_direct,fusivel_ac,direct_bibliographic,32850.0,3.75,0.9311969289120864,0.0688030710879136,2.0206973357392274e-06,2.17e-06,0.01770130866107563,0.0190092
fusivel_ac_direct,fusivel_ac,direct_bibliographic,33288.0,3.8000000000000003,0.9303122839554525,0.06968771604454753,2.018777656183332e-06,2.17e-06,0.01768449226816599,0.0190092
fusivel_ac_direct,fusivel_ac,direct_bibliographic,33726.0,3.85,0.9294284794190079,0.07057152058099213,2.016859800339247e-06,2.17e-06,0.017667691850971803,0.0190092
fusivel_ac_direct,fusivel_ac,direct_bibliographic,34164.0,3.9000000000000004,0.9285455145043463,0.07145448549565367,2.0149437664744313e-06,2.17e-06,0.017650907394316018,0.0190092
fusivel_ac_direct,fusivel_ac,direct_bibliographic,34602.0,3.95,0.92766338841382,0.07233661158617997,2.0130295528579894e-06,2.17e-06,0.01763413888303599,0.0190092
fusivel_ac_direct,fusivel_ac,direct_bibliographic,35040.0,4.0,0.926782100350539,0.07321789964946106,2.0111171577606695e-06,2.17e-06,0.017617386301983465,0.0190092
fusivel_ac_direct,fusivel_ac,direct_bibliographic,35478.0,4.05,0.9259016495183702,0.07409835048162988,2.009206579454863e-06,2.17e-06,0.0176006496360246,0.0190092
fusivel_ac_direct,fusivel_ac,direct_bibliographic,35916.00000000001,4.1000000000000005,0.9250220351219369,0.07497796487806309,2.007297816214603e-06,2.17e-06,0.01758392887003992,0.0190092
fusivel_ac_direct,fusivel_ac,direct_bibliographic,36354.0,4.15,0.9241432563666183,0.07585674363338168,2.0053908663155617e-06,2.17e-06,0.01756722398892432,0.0190092
fusivel_ac_direct,fusivel_ac,direct_bibliographic,36792.0,4.2,0.9232653124585481,0.07673468754145181,2.0034857280350497e-06,2.17e-06,0.017550534977587035,0.0190092
fusivel_ac_direct,fusivel_ac,direct_bibliographic,37230.0,4.25,0.9223882026046146,0.07761179739538542,2.0015823996520136e-06,2.17e-06,0.017533861820951638,0.0190092
fusivel_ac_direct,fusivel_ac,direct_bibliographic,37668.0,4.3,0.921511926012459,0.07848807398754096,1.999680879447036e-06,2.17e-06,0.017517204503956035,0.0190092
fusivel_ac_direct,fusivel_ac,direct_bibliographic,38106.00000000001,4.3500000000000005,0.9206364818904758,0.07936351810952422,1.9977811657023325e-06,2.17e-06,0.017500563011552433,0.0190092
fusivel_ac_direct,fusivel_ac,direct_bibliographic,38544.0,4.4,0.9197618694478111,0.08023813055218884,1.9958832567017503e-06,2.17e-06,0.017483937328707334,0.0190092
fusivel_ac_direct,fusivel_ac,direct_bibliographic,38982.0,4.45,0.9188880878943627,0.08111191210563726,1.993987150730767e-06,2.17e-06,0.01746732744040152,0.0190092
fusivel_ac_direct,fusivel_ac,direct_bibliographic,39420.0,4.5,0.9180151364407788,0.08198486355922123,1.99209284607649e-06,2.17e-06,0.017450733331630053,0.0190092
fusivel_ac_direct,fusivel_ac,direct_bibliographic,39858.0,4.55,0.9171430142984573,0.08285698570154264,1.9902003410276525e-06,2.17e-06,0.017434154987402237,0.0190092
fusivel_ac_direct,fusivel_ac,direct_bibliographic,40296.00000000001,4.6000000000000005,0.9162717206795458,0.08372827932045424,1.9883096338746142e-06,2.17e-06,0.01741759239274162,0.0190092
fusivel_ac_direct,fusivel_ac,direct_bibliographic,40734.0,4.65,0.9154012547969398,0.08459874520306021,1.9864207229093595e-06,2.17e-06,0.01740104553268599,0.0190092
fusivel_ac_direct,fusivel_ac,direct_bibliographic,41172.0,4.7,0.9145316158642829,0.0854683841357171,1.984533606425494e-06,2.17e-06,0.017384514392287324,0.0190092
fusivel_ac_direct,fusivel_ac,direct_bibliographic,41610.0,4.75,0.9136628030959657,0.08633719690403432,1.9826482827182457e-06,2.17e-06,0.017367998956611834,0.0190092
fusivel_ac_direct,fusivel_ac,direct_bibliographic,42048.00000000001,4.800000000000001,0.912794815707125,0.08720518429287502,1.980764750084461e-06,2.17e-06,0.01735149921073988,0.0190092
fusivel_ac_direct,fusivel_ac,direct_bibliographic,42486.00000000001,4.8500000000000005,0.9119276529136434,0.08807234708635663,1.978883006822606e-06,2.17e-06,0.017335015139766027,0.0190092
fusivel_ac_direct,fusivel_ac,direct_bibliographic,42924.0,4.9,0.9110613139321483,0.08893868606785171,1.9770030512327617e-06,2.17e-06,0.017318546728798994,0.0190092
fusivel_ac_direct,fusivel_ac,direct_bibliographic,43362.0,4.95,0.9101957979800114,0.08980420201998866,1.9751248816166246e-06,2.17e-06,0.01730209396296163,0.0190092
fusivel_ac_direct,fusivel_ac,direct_bibliographic,43800.0,5.0,0.9093311042753477,0.09066889572465231,1.9732484962775043e-06,2.17e-06,0.017285656827390937,0.0190092
fusivel_ac_direct,fusivel_ac,direct_bibliographic,44238.00000000001,5.050000000000001,0.9084672320370153,0.09153276796298472,1.971373893520323e-06,2.17e-06,0.017269235307238028,0.0190092
fusivel_ac_direct,fusivel_ac,direct_bibliographic,44676.00000000001,5.1000000000000005,0.9076041804846141,0.09239581951538584,1.9695010716516124e-06,2.17e-06,0.017252829387668124,0.0190092
fusivel_ac_direct,fusivel_ac,direct_bibliographic,45114.0,5.15,0.9067419488384858,0.09325805116151421,1.967630028979514e-06,2.17e-06,0.017236439053860544,0.0190092
fusivel_ac_direct,fusivel_ac,direct_bibliographic,45552.0,5.2,0.9058805363197122,0.09411946368028778,1.9657607638137754e-06,2.17e-06,0.017220064291008672,0.0190092
fusivel_ac_direct,fusivel_ac,direct_bibliographic,45990.0,5.25,0.9050199421501155,0.09498005784988446,1.9638932744657507e-06,2.17e-06,0.017203705084319978,0.0190092
fusivel_ac_direct,fusivel_ac,direct_bibliographic,46428.00000000001,5.300000000000001,0.9041601655522571,0.09583983444774288,1.962027559248398e-06,2.17e-06,0.017187361419015966,0.0190092
fusivel_ac_direct,fusivel_ac,direct_bibliographic,46866.00000000001,5.3500000000000005,0.903301205749437,0.09669879425056307,1.960163616476278e-06,2.17e-06,0.017171033280332197,0.0190092
fusivel_ac_direct,fusivel_ac,direct_bibliographic,47304.0,5.4,0.9024430619656928,0.09755693803430723,1.958301444465553e-06,2.17e-06,0.017154720653518245,0.0190092
fusivel_ac_direct,fusivel_ac,direct_bibliographic,47742.0,5.45,0.9015857334257996,0.09841426657420042,1.956441041533985e-06,2.17e-06,0.01713842352383771,0.0190092
fusivel_ac_direct,fusivel_ac,direct_bibliographic,48180.0,5.5,0.9007292193552688,0.09927078064473117,1.9545824060009332e-06,2.17e-06,0.017122141876568176,0.0190092
fusivel_ac_direct,fusivel_ac,direct_bibliographic,48618.00000000001,5.550000000000001,0.8998735189803477,0.1001264810196523,1.9527255361873546e-06,2.17e-06,0.017105875697001227,0.0190092
fusivel_ac_direct,fusivel_ac,direct_bibliographic,49056.00000000001,5.6000000000000005,0.8990186315280185,0.10098136847198144,1.9508704304158003e-06,2.17e-06,0.01708962497044241,0.0190092
fusivel_ac_direct,fusivel_ac,direct_bibliographic,49494.0,5.65,0.898164556225998,0.10183544377400197,1.9490170870104157e-06,2.17e-06,0.01707338968221124,0.0190092
fusivel_ac_direct,fusivel_ac,direct_bibliographic,49932.0,5.7,0.8973112923027364,0.10268870769726356,1.947165504296938e-06,2.17e-06,0.017057169817641177,0.0190092
fusivel_ac_direct,fusivel_ac,direct_bibliographic,50370.0,5.75,0.8964588389874171,0.10354116101258289,1.9453156806026952e-06,2.17e-06,0.01704096536207961,0.0190092
fusivel_ac_direct,fusivel_ac,direct_bibliographic,50808.00000000001,5.800000000000001,0.8956071955099556,0.10439280449004436,1.9434676142566037e-06,2.17e-06,0.017024776300887848,0.0190092
fusivel_ac_direct,fusivel_ac,direct_bibliographic,51246.00000000001,5.8500000000000005,0.8947563611009992,0.10524363889900076,1.9416213035891682e-06,2.17e-06,0.017008602619441114,0.0190092
fusivel_ac_direct,fusivel_ac,direct_bibliographic,51684.0,5.9,0.893906334991926,0.10609366500807402,1.9397767469324793e-06,2.17e-06,0.016992444303128518,0.0190092
fusivel_ac_direct,fusivel_ac,direct_bibliographic,52122.0,5.95,0.8930571164148441,0.10694288358515588,1.9379339426202117e-06,2.17e-06,0.016976301337353054,0.0190092
fusivel_ac_direct,fusivel_ac,direct_bibliographic,52560.0,6.0,0.8922087046025914,0.10779129539740855,1.9360928889876235e-06,2.17e-06,0.01696017370753158,0.0190092
fusivel_ac_direct,fusivel_ac,direct_bibliographic,52998.00000000001,6.050000000000001,0.8913610987887345,0.10863890121126546,1.934253584371554e-06,2.17e-06,0.016944061399094813,0.0190092
fusivel_ac_direct,fusivel_ac,direct_bibliographic,53436.00000000001,6.1000000000000005,0.8905142982075681,0.10948570179243186,1.9324160271104227e-06,2.17e-06,0.016927964397487304,0.0190092
fusivel_ac_direct,fusivel_ac,direct_bibliographic,53874.0,6.15,0.8896683020941144,0.11033169790588562,1.930580215544228e-06,2.17e-06,0.01691188268816744,0.0190092
fusivel_ac_direct,fusivel_ac,direct_bibliographic,54312.0,6.2,0.888823109684122,0.11117689031587791,1.9287461480145448e-06,2.17e-06,0.016895816256607413,0.0190092
fusivel_ac_direct,fusivel_ac,direct_bibliographic,54750.0,6.25,0.8879787202140662,0.11202127978593379,1.926913822864524e-06,2.17e-06,0.01687976508829323,0.0190092
fusivel_ac_direct,fusivel_ac,direct_bibliographic,55188.00000000001,6.300000000000001,0.887135132921147,0.112864867078853,1.925083238438889e-06,2.17e-06,0.016863729168724667,0.0190092
fusivel_ac_direct,fusivel_ac,direct_bibliographic,55626.00000000001,6.3500000000000005,0.8862923470432894,0.11370765295671058,1.923254393083938e-06,2.17e-06,0.016847708483415297,0.0190092
fusivel_ac_direct,fusivel_ac,direct_bibliographic,56064.0,6.4,0.8854503618191424,0.11454963818085762,1.921427285147539e-06,2.17e-06,0.01683170301789244,0.0190092
fusivel_ac_direct,fusivel_ac,direct_bibliographic,56502.0,6.45,0.884609176488078,0.11539082351192194,1.9196019129791294e-06,2.17e-06,0.016815712757697172,0.0190092
fusivel_ac_direct,fusivel_ac,direct_bibliographic,56940.0,6.5,0.8837687902901913,0.1162312097098087,1.917778274929715e-06,2.17e-06,0.016799737688384303,0.0190092
fusivel_ac_direct,fusivel_ac,direct_bibliographic,57378.00000000001,6.550000000000001,0.8829292024662988,0.11707079753370121,1.9159563693518685e-06,2.17e-06,0.016783777795522366,0.0190092
fusivel_ac_direct,fusivel_ac,direct_bibliographic,57816.00000000001,6.6000000000000005,0.8820904122579385,0.1179095877420615,1.9141361945997267e-06,2.17e-06,0.016767833064693604,0.0190092
fusivel_ac_direct,fusivel_ac,direct_bibliographic,58254.0,6.65,0.8812524189073689,0.11874758109263106,1.9123177490289908e-06,2.17e-06,0.016751903481493958,0.0190092
fusivel_ac_direct,fusivel_ac,direct_bibliographic,58692.0,6.7,0.8804152216575685,0.11958477834243152,1.9105010309969234e-06,2.17e-06,0.01673598903153305,0.0190092
fusivel_ac_direct,fusivel_ac,direct_bibliographic,59130.0,6.75,0.8795788197522346,0.1204211802477654,1.908686038862349e-06,2.17e-06,0.016720089700434176,0.0190092
fusivel_ac_direct,fusivel_ac,direct_bibliographic,59568.00000000001,6.800000000000001,0.8787432124357833,0.12125678756421661,1.90687277098565e-06,2.17e-06,0.016704205473834294,0.0190092
fusivel_ac_direct,fusivel_ac,direct_bibliographic,60006.00000000001,6.8500000000000005,0.8779083989533487,0.1220916010466513,1.9050612257287666e-06,2.17e-06,0.016688336337383997,0.0190092
fusivel_ac_direct,fusivel_ac,direct_bibliographic,60444.0,6.9,0.8770743785507814,0.12292562144921854,1.9032514014551956e-06,2.17e-06,0.016672482276747513,0.0190092
fusivel_ac_direct,fusivel_ac,direct_bibliographic,60882.0,6.95,0.8762411504746491,0.12375884952535088,1.9014432965299886e-06,2.17e-06,0.0166566432776027,0.0190092
fusivel_ac_direct,fusivel_ac,direct_bibliographic,61320.0,7.0,0.8754087139722349,0.12459128602776519,1.8996369093197496e-06,2.17e-06,0.016640819325641005,0.0190092
fusivel_ac_direct,fusivel_ac,direct_bibliographic,61758.00000000001,7.050000000000001,0.8745770682915368,0.12542293170846314,1.8978322381926349e-06,2.17e-06,0.01662501040656748,0.0190092
fusivel_ac_direct,fusivel_ac,direct_bibliographic,62196.00000000001,7.1000000000000005,0.873746212681268,0.12625378731873207,1.8960292815183515e-06,2.17e-06,0.016609216506100758,0.0190092
fusivel_ac_direct,fusivel_ac,direct_bibliographic,62634.0,7.15,0.8729161463908545,0.1270838536091455,1.8942280376681542e-06,2.17e-06,0.01659343760997303,0.0190092
fusivel_ac_direct,fusivel_ac,direct_bibliographic,63072.0,7.2,0.8720868686704359,0.12791313132956408,1.892428505014846e-06,2.17e-06,0.01657767370393005,0.0190092
fusivel_ac_direct,fusivel_ac,direct_bibliographic,63510.0,7.25,0.8712583787708641,0.1287416212291359,1.890630681932775e-06,2.17e-06,0.01656192477373111,0.0190092
fusivel_ac_direct,fusivel_ac,direct_bibliographic,63948.00000000001,7.300000000000001,0.8704306759437025,0.12956932405629745,1.8888345667978344e-06,2.17e-06,0.01654619080514903,0.0190092
fusivel_ac_direct,fusivel_ac,direct_bibliographic,64386.00000000001,7.3500000000000005,0.8696037594412258,0.13039624055877422,1.88704015798746e-06,2.17e-06,0.01653047178397015,0.0190092
fusivel_ac_direct,fusivel_ac,direct_bibliographic,64824.0,7.4,0.8687776285164188,0.13122237148358118,1.8852474538806289e-06,2.17e-06,0.01651476769599431,0.0190092
fusivel_ac_direct,fusivel_ac,direct_bibliographic,65262.0,7.45,0.8679522824229761,0.13204771757702388,1.883456452857858e-06,2.17e-06,0.016499078527034836,0.0190092
fusivel_ac_direct,fusivel_ac,direct_bibliographic,65700.0,7.5,0.8671277204153013,0.13287227958469872,1.8816671533012037e-06,2.17e-06,0.016483404262918545,0.0190092
fusivel_ac_direct,fusivel_ac,direct_bibliographic,66138.0,7.550000000000001,0.8663039417485062,0.13369605825149378,1.8798795535942585e-06,2.17e-06,0.016467744889485703,0.0190092
fusivel_ac_direct,fusivel_ac,direct_bibliographic,66576.0,7.6000000000000005,0.8654809456784104,0.13451905432158956,1.8780936521221505e-06,2.17e-06,0.016452100392590038,0.0190092
fusivel_ac_direct,fusivel_ac,direct_bibliographic,67014.0,7.65,0.8646587314615405,0.1353412685384595,1.8763094472715429e-06,2.17e-06,0.016436470758098717,0.0190092
fusivel_ac_direct,fusivel_ac,direct_bibliographic,67452.0,7.7,0.8638372983551291,0.13616270164487085,1.8745269374306303e-06,2.17e-06,0.01642085597189232,0.0190092
fusivel_ac_direct,fusivel_ac,direct_bibliographic,67890.0,7.75,0.863016645617115,0.13698335438288506,1.8727461209891396e-06,2.17e-06,0.016405256019864863,0.0190092
fusivel_ac_direct,fusivel_ac,direct_bibliographic,68328.0,7.800000000000001,0.8621967725061412,0.13780322749385876,1.8709669963383264e-06,2.17e-06,0.01638967088792374,0.0190092
fusivel_ac_direct,fusivel_ac,direct_bibliographic,68766.0,7.8500000000000005,0.8613776782815558,0.1386223217184442,1.869189561870976e-06,2.17e-06,0.01637410056198975,0.0190092
fusivel_ac_direct,fusivel_ac,direct_bibliographic,69204.0,7.9,0.8605593622034099,0.13944063779659008,1.8674138159813994e-06,2.17e-06,0.016358545027997058,0.0190092
fusivel_ac_direct,fusivel_ac,direct_bibliographic,69642.0,7.95,0.859741823532458,0.14025817646754205,1.8656397570654338e-06,2.17e-06,0.0163430042718932,0.0190092
fusivel_ac_direct,fusivel_ac,direct_bibliographic,70080.0,8.0,0.8589250615301565,0.14107493846984356,1.8638673835204395e-06,2.17e-06,0.01632747827963905,0.0190092
fusivel_ac_direct,fusivel_ac,direct_bibliographic,70518.0,8.05,0.8581090754586637,0.14189092454133637,1.8620966937453002e-06,2.17e-06,0.01631196703720883,0.0190092
fusivel_ac_direct,fusivel_ac,direct_bibliographic,70956.0,8.1,0.8572938645808387,0.1427061354191613,1.86032768614042e-06,2.17e-06,0.01629647053059008,0.0190092
fusivel_ac_direct,fusivel_ac,direct_bibliographic,71394.0,8.15,0.8564794281602411,0.1435205718397589,1.8585603591077233e-06,2.17e-06,0.016280988745783657,0.0190092
fusivel_ac_direct,fusivel_ac,direct_bibliographic,71832.00000000001,8.200000000000001,0.8556657654611298,0.14433423453887012,1.8567947110506517e-06,2.17e-06,0.01626552166880371,0.0190092
fusivel_ac_direct,fusivel_ac,direct_bibliographic,72270.0,8.25,0.8548528757484631,0.14514712425153684,1.8550307403741649e-06,2.17e-06,0.016250069285677685,0.0190092
fusivel_ac_direct,fusivel_ac,direct_bibliographic,72708.0,8.3,0.8540407582878972,0.14595924171210278,1.8532684454847367e-06,2.17e-06,0.016234631582446295,0.0190092
fusivel_ac_direct,fusivel_ac,direct_bibliographic,73146.0,8.35,0.8532294123457861,0.1467705876542139,1.8515078247903558e-06,2.17e-06,0.016219208545163517,0.0190092
fusivel_ac_direct,fusivel_ac,direct_bibliographic,73584.0,8.4,0.8524188371891807,0.14758116281081937,1.849748876700522e-06,2.17e-06,0.016203800159896573,0.0190092
fusivel_ac_direct,fusivel_ac,direct_bibliographic,74022.00000000001,8.450000000000001,0.8516090320858282,0.14839096791417186,1.847991599626247e-06,2.17e-06,0.016188406412725925,0.0190092
fusivel_ac_direct,fusivel_ac,direct_bibliographic,74460.0,8.5,0.8507999963041716,0.14920000369582848,1.8462359919800523e-06,2.17e-06,0.01617302728974526,0.0190092
fusivel_ac_direct,fusivel_ac,direct_bibliographic,74898.0,8.55,0.8499917291133486,0.1500082708866513,1.8444820521759664e-06,2.17e-06,0.016157662777061467,0.0190092
fusivel_ac_direct,fusivel_ac,direct_bibliographic,75336.0,8.6,0.8491842297831917,0.15081577021680823,1.842729778629526e-06,2.17e-06,0.01614231286079465,0.0190092
fusivel_ac_direct,fusivel_ac,direct_bibliographic,75774.0,8.65,0.8483774975842268,0.15162250241577327,1.840979169757772e-06,2.17e-06,0.016126977527078083,0.0190092
fusivel_ac_direct,fusivel_ac,direct_bibliographic,76212.00000000001,8.700000000000001,0.8475715317876723,0.15242846821232767,1.8392302239792488e-06,2.17e-06,0.01611165676205822,0.0190092
fusivel_ac_direct,fusivel_ac,direct_bibliographic,76650.0,8.75,0.84676633166544,0.15323366833456004,1.8374829397140048e-06,2.17e-06,0.01609635055189468,0.0190092
fusivel_ac_direct,fusivel_ac,direct_bibliographic,77088.0,8.8,0.8459618964901324,0.15403810350986757,1.8357373153835873e-06,2.17e-06,0.016081058882760225,0.0190092
fusivel_ac_direct,fusivel_ac,direct_bibliographic,77526.0,8.85,0.8451582255350437,0.15484177446495628,1.8339933494110448e-06,2.17e-06,0.01606578174084075,0.0190092
fusivel_ac_direct,fusivel_ac,direct_bibliographic,77964.0,8.9,0.8443553180741581,0.15564468192584188,1.832251040220923e-06,2.17e-06,0.016050519112335286,0.0190092
fusivel_ac_direct,fusivel_ac,direct_bibliographic,78402.00000000001,8.950000000000001,0.8435531733821497,0.15644682661785028,1.8305103862392649e-06,2.17e-06,0.01603527098345596,0.0190092
fusivel_ac_direct,fusivel_ac,direct_bibliographic,78840.0,9.0,0.8427517907343817,0.15724820926561833,1.8287713858936081e-06,2.17e-06,0.016020037340428006,0.0190092
fusivel_ac_direct,fusivel_ac,direct_bibliographic,79278.0,9.05,0.8419511694069054,0.15804883059309455,1.8270340376129848e-06,2.17e-06,0.016004818169489746,0.0190092
fusivel_ac_direct,fusivel_ac,direct_bibliographic,79716.0,9.1,0.8411513086764604,0.15884869132353965,1.825298339827919e-06,2.17e-06,0.01598961345689257,0.0190092
fusivel_ac_direct,fusivel_ac,direct_bibliographic,80154.0,9.15,0.8403522078204728,0.1596477921795272,1.823564290970426e-06,2.17e-06,0.01597442318890093,0.0190092
fusivel_ac_direct,fusivel_ac,direct_bibliographic,80592.00000000001,9.200000000000001,0.8395538661170555,0.16044613388294449,1.8218318894740105e-06,2.17e-06,0.01595924735179233,0.0190092
fusivel_ac_direct,fusivel_ac,direct_bibliographic,81030.0,9.25,0.8387562828450074,0.16124371715499267,1.820101133773666e-06,2.17e-06,0.015944085931857314,0.0190092
fusivel_ac_direct,fusivel_ac,direct_bibliographic,81468.0,9.3,0.8379594572838118,0.16204054271618812,1.8183720223058716e-06,2.17e-06,0.015928938915399437,0.0190092
fusivel_ac_direct,fusivel_ac,direct_bibliographic,81906.0,9.35,0.8371633887136375,0.1628366112863625,1.8166445535085934e-06,2.17e-06,0.015913806288735278,0.0190092
fusivel_ac_direct,fusivel_ac,direct_bibliographic,82344.0,9.4,0.8363680764153363,0.1636319235846637,1.8149187258212798e-06,2.17e-06,0.01589868803819441,0.0190092
fusivel_ac_direct,fusivel_ac,direct_bibliographic,82782.00000000001,9.450000000000001,0.8355735196704436,0.1644264803295564,1.8131945376848626e-06,2.17e-06,0.015883584150119395,0.0190092
fusivel_ac_direct,fusivel_ac,direct_bibliographic,83220.0,9.5,0.8347797177611773,0.16522028223882265,1.8114719875417547e-06,2.17e-06,0.01586849461086577,0.0190092
fusivel_ac_direct,fusivel_ac,direct_bibliographic,83658.0,9.55,0.8339866699704372,0.16601333002956276,1.8097510738358488e-06,2.17e-06,0.015853419406802037,0.0190092
fusivel_ac_direct,fusivel_ac,direct_bibliographic,84096.00000000001,9.600000000000001,0.8331943755818043,0.16680562441819574,1.8080317950125153e-06,2.17e-06,0.015838358524309634,0.0190092
fusivel_ac_direct,fusivel_ac,direct_bibliographic,84534.0,9.65,0.8324028338795402,0.16759716612045983,1.8063141495186022e-06,2.17e-06,0.015823311949782957,0.0190092
fusivel_ac_direct,fusivel_ac,direct_bibliographic,84972.00000000001,9.700000000000001,0.8316120441485865,0.16838795585141358,1.8045981358024326e-06,2.17e-06,0.01580827966962931,0.0190092
fusivel_ac_direct,fusivel_ac,direct_bibliographic,85410.0,9.75,0.830822005674564,0.16917799432543595,1.8028837523138037e-06,2.17e-06,0.01579326167026892,0.0190092
fusivel_ac_direct,fusivel_ac,direct_bibliographic,85848.0,9.8,0.8300327177437724,0.16996728225622754,1.801170997503986e-06,2.17e-06,0.015778257938134917,0.0190092
fusivel_ac_direct,fusivel_ac,direct_bibliographic,86286.00000000001,9.850000000000001,0.8292441796431893,0.17075582035681067,1.7994598698257209e-06,2.17e-06,0.015763268459673314,0.0190092
fusivel_ac_direct,fusivel_ac,direct_bibliographic,86724.0,9.9,0.8284563906604696,0.1715436093395304,1.797750367733219e-06,2.17e-06,0.015748293221343,0.0190092
fusivel_ac_direct,fusivel_ac,direct_bibliographic,87162.00000000001,9.950000000000001,0.8276693500839449,0.172330649916055,1.7960424896821604e-06,2.17e-06,0.015733332209615727,0.0190092
fusivel_ac_direct,fusivel_ac,direct_bibliographic,87600.0,10.0,0.8268830572026232,0.17311694279737674,1.7943362341296925e-06,2.17e-06,0.015718385410976105,0.0190092
fusivel_ac_direct,fusivel_ac,direct_bibliographic,88038.0,10.05,0.8260975113061877,0.17390248869381236,1.7926315995344273e-06,2.17e-06,0.015703452811921585,0.0190092
fusivel_ac_direct,fusivel_ac,direct_bibliographic,88476.00000000001,10.100000000000001,0.8253127116849962,0.17468728831500385,1.7909285843564416e-06,2.17e-06,0.01568853439896243,0.0190092
fusivel_ac_direct,fusivel_ac,direct_bibliographic,88914.0,10.15,0.8245286576300811,0.1754713423699189,1.789227187057276e-06,2.17e-06,0.015673630158621738,0.0190092
fusivel_ac_direct,fusivel_ac,direct_bibliographic,89352.00000000001,10.200000000000001,0.8237453484331481,0.1762546515668519,1.7875274060999312e-06,2.17e-06,0.015658740077435396,0.0190092
fusivel_ac_direct,fusivel_ac,direct_bibliographic,89790.0,10.25,0.8229627833865758,0.17703721661342414,1.7858292399488694e-06,2.17e-06,0.015643864141952096,0.0190092
fusivel_ac_direct,fusivel_ac,direct_bibliographic,90228.0,10.3,0.8221809617834152,0.17781903821658482,1.784132687070011e-06,2.17e-06,0.015629002338733294,0.0190092
fusivel_ac_direct,fusivel_ac,direct_bibliographic,90666.00000000001,10.350000000000001,0.8213998829173885,0.17860011708261148,1.782437745930733e-06,2.17e-06,0.01561415465435322,0.0190092
fusivel_ac_direct,fusivel_ac,direct_bibliographic,91104.0,10.4,0.8206195460828895,0.17938045391711055,1.78074441499987e-06,2.17e-06,0.015599321075398862,0.0190092
fusivel_ac_direct,fusivel_ac,direct_bibliographic,91542.00000000001,10.450000000000001,0.8198399505749816,0.18016004942501845,1.77905269274771e-06,2.17e-06,0.01558450158846994,0.0190092
fusivel_ac_direct,fusivel_ac,direct_bibliographic,91980.0,10.5,0.8190610956893984,0.1809389043106015,1.7773625776459946e-06,2.17e-06,0.015569696180178913,0.0190092
fusivel_ac_direct,fusivel_ac,direct_bibliographic,92418.0,10.55,0.8182829807225427,0.18171701927745734,1.7756740681679177e-06,2.17e-06,0.01555490483715096,0.0190092
fusivel_ac_direct,fusivel_ac,direct_bibliographic,92856.00000000001,10.600000000000001,0.817505604971485,0.182494395028515,1.7739871627881223e-06,2.17e-06,0.01554012754602395,0.0190092
fusivel_ac_direct,fusivel_ac,direct_bibliographic,93294.0,10.65,0.8167289677339644,0.1832710322660356,1.7723018599827027e-06,2.17e-06,0.015525364293448475,0.0190092
fusivel_ac_direct,fusivel_ac,direct_bibliographic,93732.00000000001,10.700000000000001,0.8159530683083865,0.18404693169161343,1.7706181582291987e-06,2.17e-06,0.015510615066087781,0.0190092
fusivel_ac_direct,fusivel_ac,direct_bibliographic,94170.0,10.75,0.8151779059938241,0.18482209400617589,1.7689360560065982e-06,2.17e-06,0.0154958798506178,0.0190092
fusivel_ac_direct,fusivel_ac,direct_bibliographic,94608.0,10.8,0.8144034800900152,0.1855965199099848,1.7672555517953328e-06,2.17e-06,0.015481158633727116,0.0190092
fusivel_ac_direct,fusivel_ac,direct_bibliographic,95046.00000000001,10.850000000000001,0.8136297898973633,0.18637021010263663,1.7655766440772785e-06,2.17e-06,0.015466451402116959,0.0190092
fusivel_ac_direct,fusivel_ac,direct_bibliographic,95484.0,10.9,0.8128568347169369,0.18714316528306307,1.763899331335753e-06,2.17e-06,0.015451758142501196,0.0190092
fusivel_ac_direct,fusivel_ac,direct_bibliographic,95922.00000000001,10.950000000000001,0.8120846138504679,0.18791538614953207,1.7622236120555153e-06,2.17e-06,0.015437078841606314,0.0190092
fusivel_ac_direct,fusivel_ac,direct_bibliographic,96360.0,11.0,0.8113131266003519,0.18868687339964801,1.7605494847227637e-06,2.17e-06,0.01542241348617141,0.0190092
fusivel_ac_direct,fusivel_ac,direct_bibliographic,96798.0,11.05,0.8105423722696473,0.1894576277303527,1.7588769478251347e-06,2.17e-06,0.01540776206294818,0.0190092
fusivel_ac_direct,fusivel_ac,direct_bibliographic,97236.00000000001,11.100000000000001,0.8097723501620742,0.1902276498379258,1.7572059998517009e-06,2.17e-06,0.015393124558700899,0.0190092
fusivel_ac_direct,fusivel_ac,direct_bibliographic,97674.0,11.15,0.8090030595820147,0.19099694041798534,1.7555366392929717e-06,2.17e-06,0.015378500960206433,0.0190092
fusivel_ac_direct,fusivel_ac,direct_bibliographic,98112.00000000001,11.200000000000001,0.8082344998345112,0.1917655001654888,1.7538688646408895e-06,2.17e-06,0.015363891254254192,0.0190092
fusivel_ac_direct,fusivel_ac,direct_bibliographic,98550.0,11.25,0.8074666702252669,0.19253332977473317,1.752202674388829e-06,2.17e-06,0.015349295427646143,0.0190092
fusivel_ac_direct,fusivel_ac,direct_bibliographic,98988.0,11.3,0.806699570060644,0.19330042993935603,1.7505380670315974e-06,2.17e-06,0.015334713467196793,0.0190092
fusivel_ac_direct,fusivel_ac,direct_bibliographic,99426.00000000001,11.350000000000001,0.805933198647664,0.19406680135233595,1.7488750410654308e-06,2.17e-06,0.015320145359733174,0.0190092
fusivel_ac_direct,fusivel_ac,direct_bibliographic,99864.0,11.4,0.8051675552940069,0.1948324447059931,1.7472135949879948e-06,2.17e-06,0.015305591092094836,0.0190092
fusivel_ac_direct,fusivel_ac,direct_bibliographic,100302.00000000001,11.450000000000001,0.8044026393080099,0.19559736069199005,1.7455537272983816e-06,2.17e-06,0.015291050651133823,0.0190092
fusivel_ac_direct,fusivel_ac,direct_bibliographic,100740.0,11.5,0.8036384499986678,0.19636155000133215,1.7438954364971091e-06,2.17e-06,0.015276524023714676,0.0190092
fusivel_ac_direct,fusivel_ac,direct_bibliographic,101178.0,11.55,0.8028749866756315,0.1971250133243685,1.7422387210861204e-06,2.17e-06,0.015262011196714415,0.0190092
fusivel_ac_direct,fusivel_ac,direct_bibliographic,101616.00000000001,11.600000000000001,0.8021122486492079,0.1978877513507921,1.7405835795687813e-06,2.17e-06,0.015247512157022525,0.0190092
fusivel_ac_direct,fusivel_ac,direct_bibliographic,102054.0,11.65,0.8013502352303591,0.19864976476964089,1.7389300104498791e-06,2.17e-06,0.01523302689154094,0.0190092
fusivel_ac_direct,fusivel_ac,direct_bibliographic,102492.00000000001,11.700000000000001,0.8005889457307017,0.19941105426929825,1.7372780122356227e-06,2.17e-06,0.015218555387184056,0.0190092
fusivel_ac_direct,fusivel_ac,direct_bibliographic,102930.0,11.75,0.7998283794625065,0.2001716205374935,1.735627583433639e-06,2.17e-06,0.015204097630878679,0.0190092
fusivel_ac_direct,fusivel_ac,direct_bibliographic,103368.0,11.8,0.7990685357386974,0.20093146426130262,1.7339787225529733e-06,2.17e-06,0.015189653609564046,0.0190092
fusivel_ac_direct,fusivel_ac,direct_bibliographic,103806.00000000001,11.850000000000001,0.798309413872851,0.20169058612714894,1.7323314281040868e-06,2.17e-06,0.015175223310191801,0.0190092
fusivel_ac_direct,fusivel_ac,direct_bibliographic,104244.0,11.9,0.7975510131791964,0.20244898682080356,1.7306856985988561e-06,2.17e-06,0.015160806719725979,0.0190092
fusivel_ac_direct,fusivel_ac,direct_bibliographic,104682.00000000001,11.950000000000001,0.7967933329726138,0.20320666702738624,1.7290415325505718e-06,2.17e-06,0.015146403825143009,0.0190092
fusivel_ac_direct,fusivel_ac,direct_bibliographic,105120.0,12.0,0.7960363725686342,0.2039636274313657,1.7273989284739362e-06,2.17e-06,0.015132014613431681,0.0190092
fusivel_ac_direct,fusivel_ac,direct_bibliographic,105558.0,12.05,0.7952801312834394,0.20471986871656062,1.7257578848850636e-06,2.17e-06,0.015117639071593157,0.0190092
fusivel_ac_direct,fusivel_ac,direct_bibliographic,105996.00000000001,12.100000000000001,0.7945246084338602,0.2054753915661398,1.7241184003014766e-06,2.17e-06,0.015103277186640935,0.0190092
fusivel_ac_direct,fusivel_ac,direct_bibliographic,106434.0,12.15,0.7937698033373768,0.20623019666262324,1.7224804732421077e-06,2.17e-06,0.015088928945600863,0.0190092
fusivel_ac_direct,fusivel_ac,direct_bibliographic,106872.00000000001,12.200000000000001,0.7930157153121176,0.2069842846878824,1.7208441022272952e-06,2.17e-06,0.015074594335511105,0.0190092
fusivel_ac_direct,fusivel_ac,direct_bibliographic,107310.0,12.25,0.792262343676859,0.207737656323141,1.719209285778784e-06,2.17e-06,0.015060273343422147,0.0190092
fusivel_ac_direct,fusivel_ac,direct_bibliographic,107748.0,12.3,0.7915096877510244,0.20849031224897566,1.717576022419723e-06,2.17e-06,0.015045965956396774,0.0190092
fusivel_ac_direct,fusivel_ac,direct_bibliographic,108186.00000000001,12.350000000000001,0.7907577468546837,0.20924225314531636,1.7159443106746636e-06,2.17e-06,0.015031672161510053,0.0190092
fusivel_ac_direct,fusivel_ac,direct_bibliographic,108624.0,12.4,0.7900065203085529,0.20999347969144708,1.7143141490695598e-06,2.17e-06,0.015017391945849345,0.0190092
fusivel_ac_direct,fusivel_ac,direct_bibliographic,109062.00000000001,12.450000000000001,0.7892560074339933,0.2107439925660067,1.7126855361317655e-06,2.17e-06,0.015003125296514265,0.0190092
fusivel_ac_direct,fusivel_ac,direct_bibliographic,109500.0,12.5,0.7885062075530108,0.21149379244698913,1.7110584703900334e-06,2.17e-06,0.014988872200616692,0.0190092
fusivel_ac_direct,fusivel_ac,direct_bibliographic,109938.0,12.55,0.7877571199882556,0.21224288001174438,1.7094329503745145e-06,2.17e-06,0.014974632645280747,0.0190092
fusivel_ac_direct,fusivel_ac,direct_bibliographic,110376.00000000001,12.600000000000001,0.7870087440630211,0.21299125593697885,1.7078089746167557e-06,2.17e-06,0.01496040661764278,0.0190092
fusivel_ac_direct,fusivel_ac,direct_bibliographic,110814.0,12.65,0.7862610791012439,0.2137389208987561,1.706186541649699e-06,2.17e-06,0.014946194104851365,0.0190092
fusivel_ac_direct,fusivel_ac,direct_bibliographic,111252.00000000001,12.700000000000001,0.7855141244275026,0.21448587557249743,1.7045656500076805e-06,2.17e-06,0.014931995094067282,0.0190092
fusivel_ac_direct,fusivel_ac,direct_bibliographic,111690.0,12.75,0.7847678793670175,0.21523212063298247,1.702946298226428e-06,2.17e-06,0.01491780957246351,0.0190092
fusivel_ac_direct,fusivel_ac,direct_bibliographic,112128.0,12.8,0.7840223432456501,0.21597765675434985,1.7013284848430607e-06,2.17e-06,0.014903637527225212,0.0190092
fusivel_ac_direct,fusivel_ac,direct_bibliographic,112566.00000000001,12.850000000000001,0.7832775153899023,0.21672248461009774,1.699712208396088e-06,2.17e-06,0.014889478945549732,0.0190092
fusivel_ac_direct,fusivel_ac,direct_bibliographic,113004.0,12.9,0.7825333951269157,0.21746660487308436,1.698097467425407e-06,2.17e-06,0.014875333814646565,0.0190092
fusivel_ac_direct,fusivel_ac,direct_bibliographic,113442.00000000001,12.950000000000001,0.781789981784471,0.21821001821552893,1.696484260472302e-06,2.17e-06,0.014861202121737365,0.0190092
fusivel_ac_direct,fusivel_ac,direct_bibliographic,113880.0,13.0,0.7810472746909881,0.2189527253090119,1.6948725860794442e-06,2.17e-06,0.01484708385405593,0.0190092
fusivel_ac_direct,fusivel_ac,direct_bibliographic,114318.0,13.05,0.7803052731755242,0.21969472682447574,1.6932624427908877e-06,2.17e-06,0.014832978998848176,0.0190092
fusivel_ac_direct,fusivel_ac,direct_bibliographic,114756.00000000001,13.100000000000001,0.7795639765677744,0.22043602343222557,1.6916538291520705e-06,2.17e-06,0.014818887543372138,0.0190092
fusivel_ac_direct,fusivel_ac,direct_bibliographic,115194.0,13.15,0.7788233841980704,0.22117661580192965,1.6900467437098127e-06,2.17e-06,0.01480480947489796,0.0190092
fusivel_ac_direct,fusivel_ac,direct_bibliographic,115632.00000000001,13.200000000000001,0.7780834953973799,0.2219165046026201,1.6884411850123144e-06,2.17e-06,0.014790744780707875,0.0190092
fusivel_ac_direct,fusivel_ac,direct_bibliographic,116070.0,13.25,0.7773443094973066,0.22265569050269338,1.6868371516091553e-06,2.17e-06,0.0147766934480962,0.0190092
fusivel_ac_direct,fusivel_ac,direct_bibliographic,116508.0,13.3,0.7766058258300889,0.2233941741699111,1.6852346420512928e-06,2.17e-06,0.014762655464369326,0.0190092
fusivel_ac_direct,fusivel_ac,direct_bibliographic,116946.00000000001,13.350000000000001,0.7758680437285996,0.22413195627140037,1.6836336548910613e-06,2.17e-06,0.014748630816845697,0.0190092
fusivel_ac_direct,fusivel_ac,direct_bibliographic,117384.0,13.4,0.7751309625263454,0.22486903747365455,1.6820341886821695e-06,2.17e-06,0.014734619492855806,0.0190092
fusivel_ac_direct,fusivel_ac,direct_bibliographic,117822.00000000001,13.450000000000001,0.7743945815574661,0.2256054184425339,1.6804362419797015e-06,2.17e-06,0.014720621479742185,0.0190092
fusivel_ac_direct,fusivel_ac,direct_bibliographic,118260.0,13.5,0.773658900156734,0.22634109984326597,1.6788398133401128e-06,2.17e-06,0.014706636764859388,0.0190092
fusivel_ac_direct,fusivel_ac,direct_bibliographic,118698.0,13.55,0.7729239176595536,0.22707608234044646,1.6772449013212313e-06,2.17e-06,0.014692665335573986,0.0190092
fusivel_ac_direct,fusivel_ac,direct_bibliographic,119136.00000000001,13.600000000000001,0.7721896334019603,0.22781036659803966,1.675651504482254e-06,2.17e-06,0.014678707179264545,0.0190092
fusivel_ac_direct,fusivel_ac,direct_bibliographic,119574.0,13.65,0.771456046720621,0.228543953279379,1.6740596213837474e-06,2.17e-06,0.014664762283321626,0.0190092
fusivel_ac_direct,fusivel_ac,direct_bibliographic,120012.00000000001,13.700000000000001,0.7707231569528321,0.22927684304716794,1.6724692505876458e-06,2.17e-06,0.014650830635147776,0.0190092
fusivel_ac_direct,fusivel_ac,direct_bibliographic,120450.0,13.75,0.7699909634365198,0.23000903656348018,1.670880390657248e-06,2.17e-06,0.014636912222157492,0.0190092
fusivel_ac_direct,fusivel_ac,direct_bibliographic,120888.0,13.8,0.7692594655102395,0.2307405344897605,1.6692930401572197e-06,2.17e-06,0.014623007031777244,0.0190092
fusivel_ac_direct,fusivel_ac,direct_bibliographic,121326.00000000001,13.850000000000001,0.7685286625131746,0.23147133748682538,1.667707197653589e-06,2.17e-06,0.014609115051445439,0.0190092
fusivel_ac_direct,fusivel_ac,direct_bibliographic,121764.0,13.9,0.7677985537851366,0.23220144621486333,1.6661228617137464e-06,2.17e-06,0.014595236268612418,0.0190092
fusivel_ac_direct,fusivel_ac,direct_bibliographic,122202.00000000001,13.950000000000001,0.767069138666564,0.23293086133343593,1.664540030906444e-06,2.17e-06,0.014581370670740449,0.0190092
fusivel_ac_direct,fusivel_ac,direct_bibliographic,122640.0,14.0,0.766340416498522,0.23365958350147797,1.6629587038017927e-06,2.17e-06,0.014567518245303704,0.0190092
fusivel_ac_direct,fusivel_ac,direct_bibliographic,123078.0,14.05,0.7656123866227017,0.2343876133772983,1.6613788789712627e-06,2.17e-06,0.014553678979788261,0.0190092
fusivel_ac_direct,fusivel_ac,direct_bibliographic,123516.00000000001,14.100000000000001,0.7648850483814196,0.23511495161858048,1.6598005549876805e-06,2.17e-06,0.014539852861692081,0.0190092
fusivel_ac_direct,fusivel_ac,direct_bibliographic,123954.0,14.15,0.764158401117617,0.235841598882383,1.658223730425229e-06,2.17e-06,0.014526039878525005,0.0190092
fusivel_ac_direct,fusivel_ac,direct_bibliographic,124392.00000000001,14.200000000000001,0.7634324441748594,0.2365675558251405,1.656648403859445e-06,2.17e-06,0.014512240017808738,0.0190092
fusivel_ac_direct,fusivel_ac,direct_bibliographic,124830.0,14.25,0.7627071768973364,0.2372928231026636,1.6550745738672199e-06,2.17e-06,0.014498453267076846,0.0190092
fusivel_ac_direct,fusivel_ac,direct_bibliographic,125268.0,14.3,0.7619825986298597,0.23801740137014027,1.6535022390267956e-06,2.17e-06,0.014484679613874729,0.0190092
fusivel_ac_direct,fusivel_ac,direct_bibliographic,125706.00000000001,14.350000000000001,0.7612587087178642,0.23874129128213586,1.6519313979177652e-06,2.17e-06,0.014470919045759622,0.0190092
fusivel_ac_direct,fusivel_ac,direct_bibliographic,126144.0,14.4,0.7605355065074061,0.23946449349259386,1.6503620491210713e-06,2.17e-06,0.014457171550300584,0.0190092
fusivel_ac_direct,fusivel_ac,direct_bibliographic,126582.00000000001,14.450000000000001,0.7598129913451634,0.24018700865483655,1.6487941912190046e-06,2.17e-06,0.01444343711507848,0.0190092
fusivel_ac_direct,fusivel_ac,direct_bibliographic,127020.0,14.5,0.7590911625784345,0.2409088374215655,1.6472278227952028e-06,2.17e-06,0.014429715727685977,0.0190092
fusivel_ac_direct,fusivel_ac,direct_bibliographic,127458.0,14.55,0.7583700195551376,0.24162998044486236,1.6456629424346486e-06,2.17e-06,0.014416007375727522,0.0190092
fusivel_ac_direct,fusivel_ac,direct_bibliographic,127896.00000000001,14.600000000000001,0.7576495616238109,0.2423504383761891,1.6440995487236697e-06,2.17e-06,0.014402312046819347,0.0190092
fusivel_ac_direct,fusivel_ac,direct_bibliographic,128334.0,14.65,0.7569297881336111,0.2430702118663889,1.642537640249936e-06,2.17e-06,0.014388629728589439,0.0190092
fusivel_ac_direct,fusivel_ac,direct_bibliographic,128772.00000000001,14.700000000000001,0.7562106984343133,0.2437893015656867,1.6409772156024599e-06,2.17e-06,0.01437496040867755,0.0190092
fusivel_ac_direct,fusivel_ac,direct_bibliographic,129210.0,14.75,0.7554922918763105,0.24450770812368952,1.6394182733715938e-06,2.17e-06,0.014361304074735163,0.0190092
fusivel_ac_direct,fusivel_ac,direct_bibliographic,129648.0,14.8,0.7547745678106126,0.2452254321893874,1.6378608121490293e-06,2.17e-06,0.014347660714425496,0.0190092
fusivel_ac_direct,fusivel_ac,direct_bibliographic,130086.00000000001,14.850000000000001,0.7540575255888461,0.24594247441115386,1.636304830527796e-06,2.17e-06,0.014334030315423494,0.0190092
fusivel_ac_direct,fusivel_ac,direct_bibliographic,130524.0,14.9,0.7533411645632537,0.2466588354367463,1.6347503271022605e-06,2.17e-06,0.014320412865415803,0.0190092
fusivel_ac_direct,fusivel_ac,direct_bibliographic,130962.00000000001,14.950000000000001,0.752625484086693,0.24737451591330697,1.6331973004681238e-06,2.17e-06,0.014306808352100764,0.0190092
fusivel_ac_direct,fusivel_ac,direct_bibliographic,131400.0,15.0,0.7519104835126369,0.2480895164873631,1.631645749222422e-06,2.17e-06,0.014293216763188416,0.0190092
fusivel_ac_direct,fusivel_ac,direct_bibliographic,131838.0,15.05,0.7511961621951722,0.24880383780482784,1.6300956719635236e-06,2.17e-06,0.014279638086400467,0.0190092
fusivel_ac_direct,fusivel_ac,direct_bibliographic,132276.0,15.100000000000001,0.7504825194889992,0.24951748051100076,1.6285470672911283e-06,2.17e-06,0.014266072309470284,0.0190092
fusivel_ac_direct,fusivel_ac,direct_bibliographic,132714.0,15.15,0.7497695547494317,0.25023044525056826,1.6269999338062669e-06,2.17e-06,0.014252519420142898,0.0190092
fusivel_ac_direct,fusivel_ac,direct_bibliographic,133152.0,15.200000000000001,0.7490572673323956,0.25094273266760436,1.6254542701112985e-06,2.17e-06,0.014238979406174974,0.0190092
fusivel_ac_direct,fusivel_ac,direct_bibliographic,133590.0,15.25,0.7483456565944288,0.2516543434055712,1.6239100748099104e-06,2.17e-06,0.014225452255334815,0.0190092
fusivel_ac_direct,fusivel_ac,direct_bibliographic,134028.0,15.3,0.7476347218926803,0.2523652781073196,1.6223673465071163e-06,2.17e-06,0.01421193795540234,0.0190092
fusivel_ac_direct,fusivel_ac,direct_bibliographic,134466.0,15.350000000000001,0.7469244625849102,0.25307553741508976,1.6208260838092551e-06,2.17e-06,0.014198436494169075,0.0190092
fusivel_ac_direct,fusivel_ac,direct_bibliographic,134904.0,15.4,0.7462148780294884,0.25378512197051156,1.6192862853239897e-06,2.17e-06,0.014184947859438149,0.0190092
fusivel_ac_direct,fusivel_ac,direct_bibliographic,135342.0,15.450000000000001,0.7455059675853944,0.2544940324146055,1.617747949660306e-06,2.17e-06,0.01417147203902428,0.0190092
fusivel_ac_direct,fusivel_ac,direct_bibliographic,135780.0,15.5,0.744797730612217,0.25520226938778307,1.616211075428511e-06,2.17e-06,0.014158009020753756,0.0190092
fusivel_ac_direct,fusivel_ac,direct_bibliographic,136218.0,15.55,0.7440901664701527,0.25590983352984725,1.6146756612402313e-06,2.17e-06,0.014144558792464427,0.0190092
fusivel_ac_direct,fusivel_ac,direct_bibliographic,136656.0,15.600000000000001,0.7433832745200066,0.25661672547999337,1.6131417057084144e-06,2.17e-06,0.01413112134200571,0.0190092
fusivel_ac_direct,fusivel_ac,direct_bibliographic,137094.0,15.65,0.7426770541231906,0.2573229458768093,1.6116092074473236e-06,2.17e-06,0.014117696657238554,0.0190092
fusivel_ac_direct,fusivel_ac,direct_bibliographic,137532.0,15.700000000000001,0.7419715046417235,0.2580284953582766,1.6100781650725398e-06,2.17e-06,0.014104284726035449,0.0190092
fusivel_ac_direct,fusivel_ac,direct_bibliographic,137970.0,15.75,0.7412666254382296,0.25873337456177037,1.6085485772009582e-06,2.17e-06,0.014090885536280394,0.0190092
fusivel_ac_direct,fusivel_ac,direct_bibliographic,138408.0,15.8,0.7405624158759396,0.25943758412406037,1.6070204424507889e-06,2.17e-06,0.01407749907586891,0.0190092
fusivel_ac_direct,fusivel_ac,direct_bibliographic,138846.0,15.850000000000001,0.7398588753186885,0.2601411246813114,1.605493759441554e-06,2.17e-06,0.014064125332708014,0.0190092
fusivel_ac_direct,fusivel_ac,direct_bibliographic,139284.0,15.9,0.739156003130916,0.26084399686908394,1.6039685267940877e-06,2.17e-06,0.014050764294716208,0.0190092
fusivel_ac_direct,fusivel_ac,direct_bibliographic,139722.0,15.950000000000001,0.7384537986776654,0.2615462013223347,1.6024447431305338e-06,2.17e-06,0.014037415949823476,0.0190092
fusivel_ac_direct,fusivel_ac,direct_bibliographic,140160.0,16.0,0.737752261324583,0.262247738675417,1.6009224070743452e-06,2.17e-06,0.014024080285971264,0.0190092
fusivel_ac_direct,fusivel_ac,direct_bibliographic,140598.0,16.05,0.7370513904379183,0.26294860956208166,1.5994015172502828e-06,2.17e-06,0.014010757291112477,0.0190092
fusivel_ac_direct,fusivel_ac,direct_bibliographic,141036.0,16.1,0.7363511853845225,0.2636488146154775,1.5978820722844137e-06,2.17e-06,0.013997446953211465,0.0190092
fusivel_ac_direct,fusivel_ac,direct_bibliographic,141474.00000000003,16.150000000000002,0.7356516455318483,0.26434835446815175,1.5963640708041106e-06,2.17e-06,0.013984149260244008,0.0190092
fusivel_ac_direct,fusivel_ac,direct_bibliographic,141912.0,16.2,0.7349527702479494,0.2650472297520506,1.5948475114380501e-06,2.17e-06,0.013970864200197318,0.0190092
fusivel_ac_direct,fusivel_ac,direct_bibliographic,142350.0,16.25,0.73425455890148,0.2657454410985201,1.5933323928162116e-06,2.17e-06,0.013957591761070013,0.0190092
fusivel_ac_direct,fusivel_ac,direct_bibliographic,142788.0,16.3,0.7335570108616936,0.2664429891383064,1.591818713569875e-06,2.17e-06,0.013944331930872106,0.0190092
fusivel_ac_direct,fusivel_ac,direct_bibliographic,143226.0,16.35,0.7328601254984435,0.2671398745015565,1.5903064723316223e-06,2.17e-06,0.013931084697625011,0.0190092
fusivel_ac_direct,fusivel_ac,direct_bibliographic,143664.00000000003,16.400000000000002,0.7321639021821813,0.2678360978178187,1.5887956677353334e-06,2.17e-06,0.01391785004936152,0.0190092
fusivel_ac_direct,fusivel_ac,direct_bibliographic,144102.0,16.45,0.7314683402839569,0.2685316597160431,1.5872862984161866e-06,2.17e-06,0.013904627974125795,0.0190092
fusivel_ac_direct,fusivel_ac,direct_bibliographic,144540.0,16.5,0.7307734391754174,0.2692265608245826,1.5857783630106558e-06,2.17e-06,0.013891418459973345,0.0190092
fusivel_ac_direct,fusivel_ac,direct_bibliographic,144978.0,16.55,0.7300791982288071,0.26992080177119293,1.5842718601565114e-06,2.17e-06,0.01387822149497104,0.0190092
fusivel_ac_direct,fusivel_ac,direct_bibliographic,145416.0,16.6,0.7293856168169665,0.2706143831830335,1.5827667884928172e-06,2.17e-06,0.01386503706719708,0.0190092
fusivel_ac_direct,fusivel_ac,direct_bibliographic,145854.00000000003,16.650000000000002,0.7286926943133321,0.27130730568666794,1.5812631466599305e-06,2.17e-06,0.013851865164740991,0.0190092
fusivel_ac_direct,fusivel_ac,direct_bibliographic,146292.0,16.7,0.7280004300919355,0.27199956990806456,1.5797609332995e-06,2.17e-06,0.01383870577570362,0.0190092
fusivel_ac_direct,fusivel_ac,direct_bibliographic,146730.0,16.75,0.7273088235274029,0.27269117647259716,1.5782601470544642e-06,2.17e-06,0.013825558888197106,0.0190092
fusivel_ac_direct,fusivel_ac,direct_bibliographic,147168.0,16.8,0.7266178739949548,0.2733821260050452,1.576760786569052e-06,2.17e-06,0.013812424490344895,0.0190092
fusivel_ac_direct,fusivel_ac,direct_bibliographic,147606.0,16.85,0.7259275808704052,0.27407241912959474,1.5752628504887792e-06,2.17e-06,0.013799302570281705,0.0190092
fusivel_ac_direct,fusivel_ac,direct_bibliographic,148044.00000000003,16.900000000000002,0.725237943530161,0.274762056469839,1.5737663374604495e-06,2.17e-06,0.013786193116153537,0.0190092
fusivel_ac_direct,fusivel_ac,direct_bibliographic,148482.0,16.95,0.7245489613512217,0.27545103864877835,1.5722712461321512e-06,2.17e-06,0.013773096116117644,0.0190092
fusivel_ac_direct,fusivel_ac,direct_bibliographic,148920.0,17.0,0.7238606337111783,0.2761393662888217,1.5707775751532568e-06,2.17e-06,0.01376001155834253,0.0190092
fusivel_ac_direct,fusivel_ac,direct_bibliographic,149358.0,17.05,0.7231729599882134,0.27682704001178654,1.5692853231744231e-06,2.17e-06,0.013746939431007946,0.0190092
fusivel_ac_direct,fusivel_ac,direct_bibliographic,149796.0,17.1,0.7224859395611003,0.27751406043889965,1.5677944888475877e-06,2.17e-06,0.013733879722304868,0.0190092
fusivel_ac_direct,fusivel_ac,direct_bibliographic,150234.00000000003,17.150000000000002,0.7217995718092023,0.27820042819079766,1.566305070825969e-06,2.17e-06,0.013720832420435489,0.0190092
fusivel_ac_direct,fusivel_ac,direct_bibliographic,150672.0,17.2,0.7211138561124727,0.27888614388752736,1.5648170677640657e-06,2.17e-06,0.013707797513613215,0.0190092
fusivel_ac_direct,fusivel_ac,direct_bibliographic,151110.0,17.25,0.7204287918514533,0.2795712081485468,1.5633304783176536e-06,2.17e-06,0.013694774990062646,0.0190092
fusivel_ac_direct,fusivel_ac,direct_bibliographic,151548.0,17.3,0.7197443784072746,0.2802556215927254,1.5618453011437859e-06,2.17e-06,0.013681764838019564,0.0190092
fusivel_ac_direct,fusivel_ac,direct_bibliographic,151986.0,17.35,0.7190606151616554,0.28093938483834463,1.5603615349007922e-06,2.17e-06,0.01366876704573094,0.0190092
fusivel_ac_direct,fusivel_ac,direct_bibliographic,152424.00000000003,17.400000000000002,0.7183775014969013,0.28162249850309873,1.5588791782482758e-06,2.17e-06,0.013655781601454897,0.0190092
fusivel_ac_direct,fusivel_ac,direct_bibliographic,152862.0,17.45,0.7176950367959052,0.2823049632040948,1.5573982298471142e-06,2.17e-06,0.01364280849346072,0.0190092
fusivel_ac_direct,fusivel_ac,direct_bibliographic,153300.0,17.5,0.7170132204421459,0.2829867795578541,1.5559186883594565e-06,2.17e-06,0.013629847710028838,0.0190092
fusivel_ac_direct,fusivel_ac,direct_bibliographic,153738.0,17.55,0.7163320518196881,0.28366794818031194,1.5544405524487231e-06,2.17e-06,0.013616899239450815,0.0190092
fusivel_ac_direct,fusivel_ac,direct_bibliographic,154176.0,17.6,0.7156515303131815,0.2843484696868185,1.5529638207796039e-06,2.17e-06,0.01360396307002933,0.0190092
fusivel_ac_direct,fusivel_ac,direct_bibliographic,154614.00000000003,17.650000000000002,0.7149716553078606,0.2850283446921394,1.5514884920180573e-06,2.17e-06,0.013591039190078182,0.0190092
fusivel_ac_direct,fusivel_ac,direct_bibliographic,155052.0,17.7,0.7142924261895438,0.2857075738104562,1.55001456483131e-06,2.17e-06,0.013578127587922276,0.0190092
fusivel_ac_direct,fusivel_ac,direct_bibliographic,155490.0,17.75,0.7136138423446329,0.28638615765536707,1.5485420378878534e-06,2.17e-06,0.013565228251897595,0.0190092
fusivel_ac_direct,fusivel_ac,direct_bibliographic,155928.0,17.8,0.7129359031601127,0.28706409683988726,1.5470709098574445e-06,2.17e-06,0.013552341170351213,0.0190092
fusivel_ac_direct,fusivel_ac,direct_bibliographic,156366.0,17.85,0.7122586080235505,0.2877413919764495,1.5456011794111045e-06,2.17e-06,0.013539466331641275,0.0190092
fusivel_ac_direct,fusivel_ac,direct_bibliographic,156804.00000000003,17.900000000000002,0.7115819563230952,0.2884180436769048,1.5441328452211165e-06,2.17e-06,0.01352660372413698,0.0190092
fusivel_ac_direct,fusivel_ac,direct_bibliographic,157242.0,17.95,0.710905947447477,0.2890940525525229,1.5426659059610251e-06,2.17e-06,0.01351375333621858,0.0190092
fusivel_ac_direct,fusivel_ac,direct_bibliographic,157680.0,18.0,0.710230580786007,0.28976941921399296,1.541200360305635e-06,2.17e-06,0.013500915156277363,0.0190092
fusivel_ac_direct,fusivel_ac,direct_bibliographic,158118.0,18.05,0.7095558557285763,0.2904441442714237,1.5397362069310104e-06,2.17e-06,0.01348808917271565,0.0190092
fusivel_ac_direct,fusivel_ac,direct_bibliographic,158556.0,18.1,0.7088817716656556,0.29111822833434436,1.5382734445144725e-06,2.17e-06,0.01347527537394678,0.0190092
fusivel_ac_direct,fusivel_ac,direct_bibliographic,158994.00000000003,18.150000000000002,0.7082083279882946,0.29179167201170536,1.5368120717345992e-06,2.17e-06,0.013462473748395088,0.0190092
fusivel_ac_direct,fusivel_ac,direct_bibliographic,159432.0,18.2,0.7075355240881219,0.29246447591187813,1.5353520872712245e-06,2.17e-06,0.013449684284495927,0.0190092
fusivel_ac_direct,fusivel_ac,direct_bibliographic,159870.0,18.25,0.7068633593573435,0.29313664064265654,1.5338934898054352e-06,2.17e-06,0.013436906970695613,0.0190092
fusivel_ac_direct,fusivel_ac,direct_bibliographic,160308.0,18.3,0.7061918331887431,0.29380816681125693,1.5324362780195726e-06,2.17e-06,0.013424141795451457,0.0190092
fusivel_ac_direct,fusivel_ac,direct_bibliographic,160746.0,18.35,0.7055209449756813,0.2944790550243187,1.5309804505972284e-06,2.17e-06,0.01341138874723172,0.0190092
fusivel_ac_direct,fusivel_ac,direct_bibliographic,161184.00000000003,18.400000000000002,0.7048506941120948,0.2951493058879052,1.5295260062232457e-06,2.17e-06,0.013398647814515633,0.0190092
fusivel_ac_direct,fusivel_ac,direct_bibliographic,161622.0,18.45,0.7041810799924965,0.29581892000750354,1.5280729435837173e-06,2.17e-06,0.013385918985793364,0.0190092
fusivel_ac_direct,fusivel_ac,direct_bibliographic,162060.0,18.5,0.7035121020119739,0.29648789798802605,1.5266212613659833e-06,2.17e-06,0.013373202249566014,0.0190092
fusivel_ac_direct,fusivel_ac,direct_bibliographic,162498.0,18.55,0.7028437595661897,0.2971562404338102,1.5251709582586317e-06,2.17e-06,0.013360497594345613,0.0190092
fusivel_ac_direct,fusivel_ac,direct_bibliographic,162936.0,18.6,0.7021760520513806,0.29782394794861944,1.5237220329514958e-06,2.17e-06,0.013347805008655103,0.0190092
fusivel_ac_direct,fusivel_ac,direct_bibliographic,163374.00000000003,18.650000000000002,0.7015089788643565,0.2984910211356435,1.5222744841356536e-06,2.17e-06,0.013335124481028325,0.0190092
fusivel_ac_direct,fusivel_ac,direct_bibliographic,163812.0,18.7,0.700842539402501,0.2991574605974991,1.5208283105034272e-06,2.17e-06,0.013322456000010021,0.0190092
fusivel_ac_direct,fusivel_ac,direct_bibliographic,164250.0,18.75,0.7001767330637695,0.2998232669362305,1.5193835107483798e-06,2.17e-06,0.013309799554155807,0.0190092
fusivel_ac_direct,fusivel_ac,direct_bibliographic,164688.0,18.8,0.6995115592466898,0.30048844075331016,1.517940083565317e-06,2.17e-06,0.013297155132032177,0.0190092
fusivel_ac_direct,fusivel_ac,direct_bibliographic,165126.0,18.85,0.6988470173503611,0.3011529826496389,1.5164980276502837e-06,2.17e-06,0.013284522722216485,0.0190092
fusivel_ac_direct,fusivel_ac,direct_bibliographic,165564.00000000003,18.900000000000002,0.6981831067744532,0.3018168932255468,1.5150573417005634e-06,2.17e-06,0.013271902313296936,0.0190092
fusivel_ac_direct,fusivel_ac,direct_bibliographic,166002.0,18.95,0.6975198269192066,0.3024801730807935,1.5136180244146783e-06,2.17e-06,0.013259293893872582,0.0190092
fusivel_ac_direct,fusivel_ac,direct_bibliographic,166440.0,19.0,0.6968571771854309,0.3031428228145691,1.5121800744923852e-06,2.17e-06,0.013246697452553293,0.0190092
fusivel_ac_direct,fusivel_ac,direct_bibliographic,166878.0,19.05,0.6961951569745057,0.30380484302549426,1.5107434906346773e-06,2.17e-06,0.013234112977959773,0.0190092
fusivel_ac_direct,fusivel_ac,direct_bibliographic,167316.0,19.1,0.695533765688379,0.304466234311621,1.5093082715437824e-06,2.17e-06,0.013221540458723533,0.0190092
fusivel_ac_direct,fusivel_ac,direct_bibliographic,167754.00000000003,19.150000000000002,0.6948730027295668,0.3051269972704333,1.5078744159231599e-06,2.17e-06,0.01320897988348688,0.0190092
fusivel_ac_direct,fusivel_ac,direct_bibliographic,168192.00000000003,19.200000000000003,0.6942128675011527,0.3057871324988473,1.5064419224775014e-06,2.17e-06,0.013196431240902912,0.0190092
fusivel_ac_direct,fusivel_ac,direct_bibliographic,168630.0,19.25,0.6935533594067879,0.30644664059321214,1.5050107899127297e-06,2.17e-06,0.013183894519635513,0.0190092
fusivel_ac_direct,fusivel_ac,direct_bibliographic,169068.0,19.3,0.6928944778506894,0.30710552214931064,1.5035810169359958e-06,2.17e-06,0.013171369708359323,0.0190092
fusivel_ac_direct,fusivel_ac,direct_bibliographic,169506.0,19.35,0.6922362222376407,0.30776377776235936,1.5021526022556803e-06,2.17e-06,0.013158856795759758,0.0190092
fusivel_ac_direct,fusivel_ac,direct_bibliographic,169944.00000000003,19.400000000000002,0.6915785919729904,0.3084214080270095,1.5007255445813892e-06,2.17e-06,0.01314635577053297,0.0190092
fusivel_ac_direct,fusivel_ac,direct_bibliographic,170382.00000000003,19.450000000000003,0.6909215864626527,0.30907841353734733,1.4992998426239563e-06,2.17e-06,0.013133866621385857,0.0190092
fusivel_ac_direct,fusivel_ac,direct_bibliographic,170820.0,19.5,0.6902652051131053,0.3097347948868947,1.4978754950954384e-06,2.17e-06,0.01312138933703604,0.0190092
fusivel_ac_direct,fusivel_ac,direct_bibliographic,171258.0,19.55,0.6896094473313903,0.31039055266860965,1.496452500709117e-06,2.17e-06,0.013108923906211864,0.0190092
fusivel_ac_direct,fusivel_ac,direct_bibliographic,171696.0,19.6,0.6889543125251131,0.311045687474887,1.4950308581794954e-06,2.17e-06,0.013096470317652379,0.0190092
fusivel_ac_direct,fusivel_ac,direct_bibliographic,172134.00000000003,19.650000000000002,0.6882998001024415,0.31170019989755854,1.493610566222298e-06,2.17e-06,0.013084028560107331,0.0190092
fusivel_ac_direct,fusivel_ac,direct_bibliographic,172572.00000000003,19.700000000000003,0.687645909472106,0.312354090527894,1.49219162355447e-06,2.17e-06,0.013071598622337158,0.0190092
fusivel_ac_direct,fusivel_ac,direct_bibliographic,173010.0,19.75,0.6869926400433988,0.3130073599566013,1.4907740288941754e-06,2.17e-06,0.013059180493112976,0.0190092
fusivel_ac_direct,fusivel_ac,direct_bibliographic,173448.0,19.8,0.6863399912261726,0.3136600087738274,1.4893577809607946e-06,2.17e-06,0.01304677416121656,0.0190092
fusivel_ac_direct,fusivel_ac,direct_bibliographic,173886.0,19.85,0.6856879624308417,0.31431203756915826,1.4879428784749266e-06,2.17e-06,0.013034379615440357,0.0190092
fusivel_ac_direct,fusivel_ac,direct_bibliographic,174324.00000000003,19.900000000000002,0.6850365530683798,0.31496344693162015,1.4865293201583843e-06,2.17e-06,0.013021996844587446,0.0190092
fusivel_ac_direct,fusivel_ac,direct_bibliographic,174762.00000000003,19.950000000000003,0.6843857625503207,0.3156142374496793,1.4851171047341959e-06,2.17e-06,0.013009625837471556,0.0190092
fusivel_ac_direct,fusivel_ac,direct_bibliographic,175200.0,20.0,0.6837355902887567,0.31626440971124326,1.4837062309266022e-06,2.17e-06,0.012997266582917034,0.0190092
igbt_datasheet_lower,igbt,external_datasheet,0.0,0.0,1.0,0.0,1e-08,1e-08,8.76e-05,8.76e-05
igbt_datasheet_lower,igbt,external_datasheet,438.0,0.05,0.9999956200095922,4.379990407814005e-06,9.999956200095923e-09,1e-08,8.759961631284028e-05,8.76e-05
igbt_datasheet_lower,igbt,external_datasheet,876.0,0.1,0.9999912400383687,8.759961631312037e-06,9.999912400383686e-09,1e-08,8.75992326273611e-05,8.76e-05
igbt_datasheet_lower,igbt,external_datasheet,1314.0000000000002,0.15000000000000002,0.9999868600863294,1.3139913670578125e-05,9.999868600863295e-09,1e-08,8.759884894356246e-05,8.76e-05
igbt_datasheet_lower,igbt,external_datasheet,1752.0,0.2,0.9999824801534742,1.7519846525696295e-05,9.999824801534743e-09,1e-08,8.759846526144435e-05,8.76e-05
igbt_datasheet_lower,igbt,external_datasheet,2190.0,0.25,0.9999781002398033,2.189976019675057e-05,9.999781002398033e-09,1e-08,8.759808158100677e-05,8.76e-05
igbt_datasheet_lower,igbt,external_datasheet,2628.0000000000005,0.30000000000000004,0.9999737203453162,2.627965468382498e-05,9.999737203453162e-09,1e-08,8.75976979022497e-05,8.76e-05
igbt_datasheet_lower,igbt,external_datasheet,3066.0000000000005,0.35000000000000003,0.999969340470013,3.0659529987003556e-05,9.99969340470013e-09,1e-08,8.759731422517314e-05,8.76e-05
igbt_datasheet_lower,igbt,external_datasheet,3504.0,0.4,0.9999649606138936,3.50393861063703e-05,9.999649606138937e-09,1e-08,8.759693054977709e-05,8.76e-05
igbt_datasheet_lower,igbt,external_datasheet,3942.0,0.45,0.9999605807769579,3.941922304200926e-05,9.999605807769579e-09,1e-08,8.75965468760615e-05,8.76e-05
igbt_datasheet_lower,igbt,external_datasheet,4380.0,0.5,0.999956200959206,4.379904079400446e-05,9.99956200959206e-09,1e-08,8.759616320402644e-05,8.76e-05
igbt_datasheet_lower,igbt,external_datasheet,4818.0,0.55,0.9999518211606375,4.8178839362439916e-05,9.999518211606375e-09,1e-08,8.759577953367184e-05,8.76e-05
igbt_datasheet_lower,igbt,external_datasheet,5256.000000000001,0.6000000000000001,0.9999474413812526,5.2558618747399665e-05,9.999474413812526e-09,1e-08,8.759539586499773e-05,8.76e-05
igbt_datasheet_lower,igbt,external_datasheet,5694.0,0.65,0.9999430616210511,5.6938378948967694e-05,9.99943061621051e-09,1e-08,8.759501219800407e-05,8.76e-05
igbt_datasheet_lower,igbt,external_datasheet,6132.000000000001,0.7000000000000001,0.9999386818800328,6.131811996722808e-05,9.999386818800328e-09,1e-08,8.759462853269088e-05,8.76e-05
igbt_datasheet_lower,igbt,external_datasheet,6570.0,0.75,0.9999343021581977,6.569784180226478e-05,9.999343021581977e-09,1e-08,8.759424486905811e-05,8.76e-05
igbt_datasheet_lower,igbt,external_datasheet,7008.0,0.8,0.9999299224555458,7.007754445416189e-05,9.999299224555459e-09,1e-08,8.759386120710582e-05,8.76e-05
igbt_datasheet_lower,igbt,external_datasheet,7446.000000000001,0.8500000000000001,0.999925542772077,7.44572279230034e-05,9.99925542772077e-09,1e-08,8.759347754683395e-05,8.76e-05
igbt_datasheet_lower,igbt,external_datasheet,7884.0,0.9,0.9999211631077911,7.883689220887329e-05,9.99921163107791e-09,1e-08,8.759309388824249e-05,8.76e-05
igbt_datasheet_lower,igbt,external_datasheet,8322.0,0.9500000000000001,0.9999167834626881,8.321653731185564e-05,9.999167834626882e-09,1e-08,8.759271023133148e-05,8.76e-05
igbt_datasheet_lower,igbt,external_datasheet,8760.0,1.0,0.9999124038367679,8.759616323203445e-05,9.99912403836768e-09,1e-08,8.759232657610088e-05,8.76e-05
igbt_datasheet_lower,igbt,external_datasheet,9198.0,1.05,0.9999080242300306,9.197576996949372e-05,9.999080242300306e-09,1e-08,8.759194292255068e-05,8.76e-05
igbt_datasheet_lower,igbt,external_datasheet,9636.0,1.1,0.9999036446424757,9.635535752431752e-05,9.999036446424757e-09,1e-08,8.759155927068087e-05,8.76e-05
igbt_datasheet_lower,igbt,external_datasheet,10074.000000000002,1.1500000000000001,0.9998992650741034,0.00010073492589658984,9.998992650741034e-09,1e-08,8.759117562049145e-05,8.76e-05
igbt_datasheet_lower,igbt,external_datasheet,10512.000000000002,1.2000000000000002,0.9998948855249136,0.00010511447508639469,9.998948855249136e-09,1e-08,8.759079197198243e-05,8.76e-05
igbt_datasheet_lower,igbt,external_datasheet,10950.0,1.25,0.9998905059949061,0.00010949400509381608,9.998905059949061e-09,1e-08,8.759040832515378e-05,8.76e-05
igbt_datasheet_lower,igbt,external_datasheet,11388.0,1.3,0.999886126484081,0.00011387351591893805,9.99886126484081e-09,1e-08,8.75900246800055e-05,8.76e-05
igbt_datasheet_lower,igbt,external_datasheet,11826.0,1.35,0.9998817469924381,0.00011825300756184462,9.998817469924382e-09,1e-08,8.758964103653759e-05,8.76e-05
igbt_datasheet_lower,igbt,external_datasheet,12264.000000000002,1.4000000000000001,0.9998773675199774,0.00012263248002261984,9.998773675199773e-09,1e-08,8.758925739475001e-05,8.76e-05
igbt_datasheet_lower,igbt,external_datasheet,12702.000000000002,1.4500000000000002,0.9998729880666987,0.00012701193330134764,9.998729880666986e-09,1e-08,8.75888737546428e-05,8.76e-05
igbt_datasheet_lower,igbt,external_datasheet,13140.0,1.5,0.9998686086326019,0.00013139136739811209,9.99868608632602e-09,1e-08,8.758849011621592e-05,8.76e-05
igbt_datasheet_lower,igbt,external_datasheet,13578.0,1.55,0.999864229217687,0.00013577078231299724,9.99864229217687e-09,1e-08,8.758810647946938e-05,8.76e-05
igbt_datasheet_lower,igbt,external_datasheet,14016.0,1.6,0.9998598498219539,0.00014015017804608706,9.998598498219539e-09,1e-08,8.758772284440316e-05,8.76e-05
igbt_datasheet_lower,igbt,external_datasheet,14454.000000000002,1.6500000000000001,0.9998554704454026,0.00014452955459746557,9.998554704454026e-09,1e-08,8.758733921101727e-05,8.76e-05
igbt_datasheet_lower,igbt,external_datasheet,14892.000000000002,1.7000000000000002,0.9998510910880328,0.0001489089119672168,9.998510910880329e-09,1e-08,8.758695557931168e-05,8.76e-05
igbt_datasheet_lower,igbt,external_datasheet,15330.0,1.75,0.9998467117498445,0.00015328825015542474,9.998467117498445e-09,1e-08,8.758657194928638e-05,8.76e-05
igbt_datasheet_lower,igbt,external_datasheet,15768.0,1.8,0.9998423324308379,0.00015766756916217343,9.998423324308379e-09,1e-08,8.75861883209414e-05,8.76e-05
igbt_datasheet_lower,igbt,external_datasheet,16206.0,1.85,0.9998379531310124,0.00016204686898754688,9.998379531310124e-09,1e-08,8.758580469427669e-05,8.76e-05
igbt_datasheet_lower,igbt,external_datasheet,16644.0,1.9000000000000001,0.9998335738503684,0.00016642614963162912,9.998335738503685e-09,1e-08,8.758542106929228e-05,8.76e-05
igbt_datasheet_lower,igbt,external_datasheet,17082.0,1.9500000000000002,0.9998291945889055,0.0001708054110945041,9.998291945889055e-09,1e-08,8.758503744598812e-05,8.76e-05
igbt_datasheet_lower,igbt,external_datasheet,17520.0,2.0,0.9998248153466237,0.00017518465337625593,9.998248153466238e-09,1e-08,8.758465382436424e-05,8.76e-05
igbt_datasheet_lower,igbt,external_datasheet,17958.000000000004,2.0500000000000003,0.999820436123523,0.00017956387647696857,9.99820436123523e-09,1e-08,8.758427020442061e-05,8.76e-05
igbt_datasheet_lower,igbt,external_datasheet,18396.0,2.1,0.9998160569196033,0.00018394308039672598,9.998160569196033e-09,1e-08,8.758388658615725e-05,8.76e-05
igbt_datasheet_lower,igbt,external_datasheet,18834.0,2.15,0.9998116777348643,0.00018832226513561227,9.998116777348644e-09,1e-08,8.758350296957412e-05,8.76e-05
igbt_datasheet_lower,igbt,external_datasheet,19272.0,2.2,0.9998072985693063,0.00019270143069371142,9.998072985693062e-09,1e-08,8.758311935467123e-05,8.76e-05
igbt_datasheet_lower,igbt,external_datasheet,19710.0,2.25,0.9998029194229289,0.00019708057707110737,9.99802919422929e-09,1e-08,8.758273574144858e-05,8.76e-05
igbt_datasheet_lower,igbt,external_datasheet,20148.000000000004,2.3000000000000003,0.9997985402957321,0.0002014597042678843,9.997985402957321e-09,1e-08,8.758235212990613e-05,8.76e-05
igbt_datasheet_lower,igbt,external_datasheet,20586.0,2.35,0.9997941611877159,0.00020583881228412602,9.99794161187716e-09,1e-08,8.758196852004392e-05,8.76e-05
igbt_datasheet_lower,igbt,external_datasheet,21024.000000000004,2.4000000000000004,0.99978978209888,0.0002102179011199167,9.9978978209888e-09,1e-08,8.758158491186189e-05,8.76e-05
igbt_datasheet_lower,igbt,external_datasheet,21462.0,2.45,0.9997854030292247,0.0002145969707753402,9.997854030292247e-09,1e-08,8.758120130536008e-05,8.76e-05
igbt_datasheet_lower,igbt,external_datasheet,21900.0,2.5,0.9997810239787495,0.00021897602125048066,9.997810239787495e-09,1e-08,8.758081770053846e-05,8.76e-05
igbt_datasheet_lower,igbt,external_datasheet,22338.000000000004,2.5500000000000003,0.9997766449474546,0.0002233550525454221,9.997766449474546e-09,1e-08,8.758043409739702e-05,8.76e-05
igbt_datasheet_lower,igbt,external_datasheet,22776.0,2.6,0.9997722659353397,0.00022773406466024837,9.997722659353397e-09,1e-08,8.758005049593576e-05,8.76e-05
igbt_datasheet_lower,igbt,external_datasheet,23214.000000000004,2.6500000000000004,0.9997678869424049,0.00023211305759504366,9.99767886942405e-09,1e-08,8.757966689615467e-05,8.76e-05
igbt_datasheet_lower,igbt,external_datasheet,23652.0,2.7,0.9997635079686501,0.00023649203134989182,9.997635079686501e-09,1e-08,8.757928329805375e-05,8.76e-05
igbt_datasheet_lower,igbt,external_datasheet,24090.0,2.75,0.9997591290140752,0.000240870985924877,9.997591290140752e-09,1e-08,8.757889970163299e-05,8.76e-05
igbt_datasheet_lower,igbt,external_datasheet,24528.000000000004,2.8000000000000003,0.9997547500786799,0.0002452499213200832,9.997547500786799e-09,1e-08,8.757851610689235e-05,8.76e-05
igbt_datasheet_lower,igbt,external_datasheet,24966.0,2.85,0.9997503711624643,0.00024962883753559427,9.997503711624644e-09,1e-08,8.757813251383188e-05,8.76e-05
igbt_datasheet_lower,igbt,external_datasheet,25404.000000000004,2.9000000000000004,0.9997459922654285,0.00025400773457149434,9.997459922654284e-09,1e-08,8.757774892245153e-05,8.76e-05
igbt_datasheet_lower,igbt,external_datasheet,25842.0,2.95,0.9997416133875722,0.00025838661242786736,9.997416133875722e-09,1e-08,8.757736533275132e-05,8.76e-05
igbt_datasheet_lower,igbt,external_datasheet,26280.0,3.0,0.9997372345288952,0.00026276547110479746,9.997372345288952e-09,1e-08,8.757698174473122e-05,8.76e-05
igbt_datasheet_lower,igbt,external_datasheet,26718.000000000004,3.0500000000000003,0.9997328556893976,0.00026714431060236856,9.997328556893976e-09,1e-08,8.757659815839123e-05,8.76e-05
igbt_datasheet_lower,igbt,external_datasheet,27156.0,3.1,0.9997284768690793,0.0002715231309206646,9.997284768690794e-09,1e-08,8.757621457373134e-05,8.76e-05
igbt_datasheet_lower,igbt,external_datasheet,27594.000000000004,3.1500000000000004,0.9997240980679403,0.0002759019320597697,9.997240980679403e-09,1e-08,8.757583099075157e-05,8.76e-05
igbt_datasheet_lower,igbt,external_datasheet,28032.0,3.2,0.9997197192859802,0.0002802807140197678,9.997197192859802e-09,1e-08,8.757544740945187e-05,8.76e-05
igbt_datasheet_lower,igbt,external_datasheet,28470.0,3.25,0.9997153405231992,0.0002846594768007428,9.997153405231993e-09,1e-08,8.757506382983226e-05,8.76e-05
igbt_datasheet_lower,igbt,external_datasheet,28908.000000000004,3.3000000000000003,0.9997109617795972,0.000289038220402779,9.997109617795972e-09,1e-08,8.757468025189272e-05,8.76e-05
igbt_datasheet_lower,igbt,external_datasheet,29346.0,3.35,0.999706583055174,0.0002934169448259601,9.99706583055174e-09,1e-08,8.757429667563325e-05,8.76e-05
igbt_datasheet_lower,igbt,external_datasheet,29784.000000000004,3.4000000000000004,0.9997022043499296,0.00029779565007037037,9.997022043499296e-09,1e-08,8.757391310105384e-05,8.76e-05
igbt_datasheet_lower,igbt,external_datasheet,30222.0,3.45,0.9996978256638639,0.0003021743361360935,9.99697825663864e-09,1e-08,8.757352952815449e-05,8.76e-05
igbt_datasheet_lower,igbt,external_datasheet,30660.0,3.5,0.9996934469969768,0.0003065530030232138,9.996934469969768e-09,1e-08,8.757314595693516e-05,8.76e-05
igbt_datasheet_lower,igbt,external_datasheet,31098.000000000004,3.5500000000000003,0.9996890683492682,0.0003109316507318151,9.996890683492683e-09,1e-08,8.75727623873959e-05,8.76e-05
igbt_datasheet_lower,igbt,external_datasheet,31536.0,3.6,0.999684689720738,0.00031531027926198134,9.99684689720738e-09,1e-08,8.757237881953665e-05,8.76e-05
igbt_datasheet_lower,igbt,external_datasheet,31974.000000000004,3.6500000000000004,0.9996803111113862,0.00031968888861379674,9.996803111113862e-09,1e-08,8.757199525335742e-05,8.76e-05
igbt_datasheet_lower,igbt,external_datasheet,32412.0,3.7,0.9996759325212127,0.0003240674787873451,9.996759325212127e-09,1e-08,8.757161168885824e-05,8.76e-05
igbt_datasheet_lower,igbt,external_datasheet,32850.0,3.75,0.9996715539502172,0.00032844604978271054,9.996715539502173e-09,1e-08,8.757122812603903e-05,8.76e-05
igbt_datasheet_lower,igbt,external_datasheet,33288.0,3.8000000000000003,0.9996671753984,0.000332824601599977,9.996671753984e-09,1e-08,8.757084456489984e-05,8.76e-05
igbt_datasheet_lower,igbt,external_datasheet,33726.0,3.85,0.9996627968657608,0.0003372031342392285,9.996627968657608e-09,1e-08,8.757046100544064e-05,8.76e-05
igbt_datasheet_lower,igbt,external_datasheet,34164.0,3.9000000000000004,0.9996584183522994,0.00034158164770054905,9.996584183522994e-09,1e-08,8.757007744766143e-05,8.76e-05
igbt_datasheet_lower,igbt,external_datasheet,34602.0,3.95,0.9996540398580159,0.00034596014198402266,9.99654039858016e-09,1e-08,8.75696938915622e-05,8.76e-05
igbt_datasheet_lower,igbt,external_datasheet,35040.0,4.0,0.9996496613829102,0.00035033861708973327,9.996496613829102e-09,1e-08,8.756931033714293e-05,8.76e-05
igbt_datasheet_lower,igbt,external_datasheet,35478.0,4.05,0.9996452829269822,0.00035471707301776496,9.996452829269822e-09,1e-08,8.756892678440364e-05,8.76e-05
igbt_datasheet_lower,igbt,external_datasheet,35916.00000000001,4.1000000000000005,0.9996409044902318,0.0003590955097682017,9.996409044902319e-09,1e-08,8.756854323334431e-05,8.76e-05
igbt_datasheet_lower,igbt,external_datasheet,36354.0,4.15,0.9996365260726588,0.0003634739273411274,9.996365260726589e-09,1e-08,8.756815968396492e-05,8.76e-05
igbt_datasheet_lower,igbt,external_datasheet,36792.0,4.2,0.9996321476742633,0.0003678523257366261,9.996321476742633e-09,1e-08,8.756777613626547e-05,8.76e-05
igbt_datasheet_lower,igbt,external_datasheet,37230.0,4.25,0.9996277692950453,0.0003722307049547819,9.996277692950452e-09,1e-08,8.756739259024597e-05,8.76e-05
igbt_datasheet_lower,igbt,external_datasheet,37668.0,4.3,0.9996233909350043,0.00037660906499567873,9.996233909350043e-09,1e-08,8.756700904590638e-05,8.76e-05
igbt_datasheet_lower,igbt,external_datasheet,38106.00000000001,4.3500000000000005,0.9996190125941405,0.0003809874058594006,9.996190125941406e-09,1e-08,8.756662550324671e-05,8.76e-05
igbt_datasheet_lower,igbt,external_datasheet,38544.0,4.4,0.999614634272454,0.00038536572754603143,9.99614634272454e-09,1e-08,8.756624196226696e-05,8.76e-05
igbt_datasheet_lower,igbt,external_datasheet,38982.0,4.45,0.9996102559699444,0.00038974403005565526,9.996102559699443e-09,1e-08,8.756585842296713e-05,8.76e-05
igbt_datasheet_lower,igbt,external_datasheet,39420.0,4.5,0.9996058776866117,0.00039412231338835607,9.996058776866117e-09,1e-08,8.756547488534718e-05,8.76e-05
igbt_datasheet_lower,igbt,external_datasheet,39858.0,4.55,0.9996014994224558,0.00039850057754421794,9.996014994224558e-09,1e-08,8.756509134940713e-05,8.76e-05
igbt_datasheet_lower,igbt,external_datasheet,40296.00000000001,4.6000000000000005,0.9995971211774767,0.00040287882252332486,9.995971211774767e-09,1e-08,8.756470781514695e-05,8.76e-05
igbt_datasheet_lower,igbt,external_datasheet,40734.0,4.65,0.9995927429516742,0.00040725704832576066,9.995927429516743e-09,1e-08,8.756432428256666e-05,8.76e-05
igbt_datasheet_lower,igbt,external_datasheet,41172.0,4.7,0.9995883647450484,0.0004116352549516095,9.995883647450485e-09,1e-08,8.756394075166624e-05,8.76e-05
igbt_datasheet_lower,igbt,external_datasheet,41610.0,4.75,0.9995839865575991,0.0004160134424009553,9.995839865575991e-09,1e-08,8.756355722244568e-05,8.76e-05
igbt_datasheet_lower,igbt,external_datasheet,42048.00000000001,4.800000000000001,0.9995796083893261,0.0004203916106738821,9.995796083893262e-09,1e-08,8.756317369490498e-05,8.76e-05
igbt_datasheet_lower,igbt,external_datasheet,42486.00000000001,4.8500000000000005,0.9995752302402295,0.0004247697597704739,9.995752302402296e-09,1e-08,8.756279016904411e-05,8.76e-05
igbt_datasheet_lower,igbt,external_datasheet,42924.0,4.9,0.9995708521103092,0.00042914788969081446,9.995708521103092e-09,1e-08,8.756240664486309e-05,8.76e-05
igbt_datasheet_lower,igbt,external_datasheet,43362.0,4.95,0.999566473999565,0.0004335260004349881,9.99566473999565e-09,1e-08,8.75620231223619e-05,8.76e-05
igbt_datasheet_lower,igbt,external_datasheet,43800.0,5.0,0.9995620959079969,0.00043790409200307863,9.99562095907997e-09,1e-08,8.756163960154054e-05,8.76e-05
igbt_datasheet_lower,igbt,external_datasheet,44238.00000000001,5.050000000000001,0.9995577178356049,0.0004422821643951702,9.995577178356048e-09,1e-08,8.756125608239898e-05,8.76e-05
igbt_datasheet_lower,igbt,external_datasheet,44676.00000000001,5.1000000000000005,0.9995533397823887,0.0004466602176113466,9.995533397823887e-09,1e-08,8.756087256493725e-05,8.76e-05
igbt_datasheet_lower,igbt,external_datasheet,45114.0,5.15,0.9995489617483483,0.00045103825165169185,9.995489617483483e-09,1e-08,8.756048904915531e-05,8.76e-05
igbt_datasheet_lower,igbt,external_datasheet,45552.0,5.2,0.9995445837334836,0.00045541626651629004,9.995445837334836e-09,1e-08,8.756010553505316e-05,8.76e-05
igbt_datasheet_lower,igbt,external_datasheet,45990.0,5.25,0.9995402057377948,0.00045979426220522517,9.995402057377948e-09,1e-08,8.755972202263082e-05,8.76e-05
igbt_datasheet_lower,igbt,external_datasheet,46428.00000000001,5.300000000000001,0.9995358277612815,0.0004641722387185812,9.995358277612815e-09,1e-08,8.755933851188826e-05,8.76e-05
igbt_datasheet_lower,igbt,external_datasheet,46866.00000000001,5.3500000000000005,0.9995314498039436,0.00046855019605644205,9.995314498039437e-09,1e-08,8.755895500282547e-05,8.76e-05
igbt_datasheet_lower,igbt,external_datasheet,47304.0,5.4,0.999527071865781,0.00047292813421889165,9.995270718657811e-09,1e-08,8.755857149544243e-05,8.76e-05
igbt_datasheet_lower,igbt,external_datasheet,47742.0,5.45,0.9995226939467939,0.0004773060532060142,9.99522693946794e-09,1e-08,8.755818798973915e-05,8.76e-05
igbt_datasheet_lower,igbt,external_datasheet,48180.0,5.5,0.9995183160469822,0.0004816839530178936,9.995183160469821e-09,1e-08,8.755780448571564e-05,8.76e-05
igbt_datasheet_lower,igbt,external_datasheet,48618.00000000001,5.550000000000001,0.9995139381663454,0.00048606183365461385,9.995139381663453e-09,1e-08,8.755742098337185e-05,8.76e-05
igbt_datasheet_lower,igbt,external_datasheet,49056.00000000001,5.6000000000000005,0.9995095603048837,0.0004904396951162589,9.995095603048837e-09,1e-08,8.755703748270782e-05,8.76e-05
igbt_datasheet_lower,igbt,external_datasheet,49494.0,5.65,0.9995051824625971,0.0004948175374029126,9.995051824625972e-09,1e-08,8.755665398372351e-05,8.76e-05
igbt_datasheet_lower,igbt,external_datasheet,49932.0,5.7,0.9995008046394853,0.0004991953605146592,9.995008046394854e-09,1e-08,8.755627048641892e-05,8.76e-05
igbt_datasheet_lower,igbt,external_datasheet,50370.0,5.75,0.9994964268355484,0.0005035731644515824,9.994964268355484e-09,1e-08,8.755588699079404e-05,8.76e-05
igbt_datasheet_lower,igbt,external_datasheet,50808.00000000001,5.800000000000001,0.9994920490507863,0.0005079509492137666,9.994920490507863e-09,1e-08,8.755550349684888e-05,8.76e-05
igbt_datasheet_lower,igbt,external_datasheet,51246.00000000001,5.8500000000000005,0.9994876712851987,0.0005123287148012953,9.994876712851986e-09,1e-08,8.75551200045834e-05,8.76e-05
igbt_datasheet_lower,igbt,external_datasheet,51684.0,5.9,0.9994832935387857,0.0005167064612142528,9.994832935387858e-09,1e-08,8.755473651399764e-05,8.76e-05
igbt_datasheet_lower,igbt,external_datasheet,52122.0,5.95,0.9994789158115472,0.000521084188452723,9.994789158115473e-09,1e-08,8.755435302509155e-05,8.76e-05
igbt_datasheet_lower,igbt,external_datasheet,52560.0,6.0,0.9994745381034832,0.00052546189651679,9.994745381034832e-09,1e-08,8.755396953786513e-05,8.76e-05
igbt_datasheet_lower,igbt,external_datasheet,52998.00000000001,6.050000000000001,0.9994701604145935,0.0005298395854065376,9.994701604145935e-09,1e-08,8.755358605231839e-05,8.76e-05
igbt_datasheet_lower,igbt,external_datasheet,53436.00000000001,6.1000000000000005,0.999465782744878,0.0005342172551220499,9.99465782744878e-09,1e-08,8.755320256845132e-05,8.76e-05
igbt_datasheet_lower,igbt,external_datasheet,53874.0,6.15,0.9994614050943366,0.0005385949056634107,9.994614050943366e-09,1e-08,8.75528190862639e-05,8.76e-05
igbt_datasheet_lower,igbt,external_datasheet,54312.0,6.2,0.9994570274629693,0.0005429725370307043,9.994570274629692e-09,1e-08,8.75524356057561e-05,8.76e-05
igbt_datasheet_lower,igbt,external_datasheet,54750.0,6.25,0.999452649850776,0.0005473501492240144,9.99452649850776e-09,1e-08,8.755205212692798e-05,8.76e-05
igbt_datasheet_lower,igbt,external_datasheet,55188.00000000001,6.300000000000001,0.9994482722577566,0.000551727742243425,9.994482722577566e-09,1e-08,8.755166864977947e-05,8.76e-05
igbt_datasheet_lower,igbt,external_datasheet,55626.00000000001,6.3500000000000005,0.9994438946839109,0.0005561053160890203,9.99443894683911e-09,1e-08,8.75512851743106e-05,8.76e-05
igbt_datasheet_lower,igbt,external_datasheet,56064.0,6.4,0.9994395171292391,0.0005604828707608841,9.994395171292391e-09,1e-08,8.755090170052135e-05,8.76e-05
igbt_datasheet_lower,igbt,external_datasheet,56502.0,6.45,0.9994351395937409,0.0005648604062591004,9.99435139593741e-09,1e-08,8.755051822841171e-05,8.76e-05
igbt_datasheet_lower,igbt,external_datasheet,56940.0,6.5,0.9994307620774162,0.0005692379225837532,9.994307620774162e-09,1e-08,8.755013475798166e-05,8.76e-05
igbt_datasheet_lower,igbt,external_datasheet,57378.00000000001,6.550000000000001,0.9994263845802651,0.0005736154197349266,9.994263845802651e-09,1e-08,8.754975128923122e-05,8.76e-05
igbt_datasheet_lower,igbt,external_datasheet,57816.00000000001,6.6000000000000005,0.9994220071022873,0.0005779928977127045,9.994220071022873e-09,1e-08,8.754936782216037e-05,8.76e-05
igbt_datasheet_lower,igbt,external_datasheet,58254.0,6.65,0.9994176296434828,0.0005823703565171705,9.994176296434828e-09,1e-08,8.754898435676909e-05,8.76e-05
igbt_datasheet_lower,igbt,external_datasheet,58692.0,6.7,0.9994132522038516,0.0005867477961484092,9.994132522038516e-09,1e-08,8.75486008930574e-05,8.76e-05
igbt_datasheet_lower,igbt,external_datasheet,59130.0,6.75,0.9994088747833935,0.0005911252166065043,9.994088747833934e-09,1e-08,8.754821743102526e-05,8.76e-05
igbt_datasheet_lower,igbt,external_datasheet,59568.00000000001,6.800000000000001,0.9994044973821085,0.0005955026178915398,9.994044973821085e-09,1e-08,8.75478339706727e-05,8.76e-05
igbt_datasheet_lower,igbt,external_datasheet,60006.00000000001,6.8500000000000005,0.9994001199999965,0.0005998800000035997,9.994001199999964e-09,1e-08,8.754745051199969e-05,8.76e-05
igbt_datasheet_lower,igbt,external_datasheet,60444.0,6.9,0.9993957426370572,0.0006042573629427677,9.993957426370572e-09,1e-08,8.754706705500621e-05,8.76e-05
igbt_datasheet_lower,igbt,external_datasheet,60882.0,6.95,0.9993913652932909,0.0006086347067091282,9.99391365293291e-09,1e-08,8.754668359969228e-05,8.76e-05
igbt_datasheet_lower,igbt,external_datasheet,61320.0,7.0,0.9993869879686972,0.000613012031302765,9.993869879686972e-09,1e-08,8.754630014605787e-05,8.76e-05
igbt_datasheet_lower,igbt,external_datasheet,61758.00000000001,7.050000000000001,0.9993826106632763,0.000617389336723762,9.993826106632763e-09,1e-08,8.754591669410301e-05,8.76e-05
igbt_datasheet_lower,igbt,external_datasheet,62196.00000000001,7.1000000000000005,0.9993782333770278,0.0006217666229722033,9.993782333770279e-09,1e-08,8.754553324382764e-05,8.76e-05
igbt_datasheet_lower,igbt,external_datasheet,62634.0,7.15,0.9993738561099518,0.0006261438900481727,9.993738561099518e-09,1e-08,8.754514979523178e-05,8.76e-05
igbt_datasheet_lower,igbt,external_datasheet,63072.0,7.2,0.9993694788620482,0.0006305211379517544,9.993694788620482e-09,1e-08,8.754476634831541e-05,8.76e-05
igbt_datasheet_lower,igbt,external_datasheet,63510.0,7.25,0.9993651016333169,0.0006348983666830322,9.993651016333169e-09,1e-08,8.754438290307856e-05,8.76e-05
igbt_datasheet_lower,igbt,external_datasheet,63948.00000000001,7.300000000000001,0.9993607244237579,0.0006392755762420903,9.993607244237578e-09,1e-08,8.754399945952119e-05,8.76e-05
igbt_datasheet_lower,igbt,external_datasheet,64386.00000000001,7.3500000000000005,0.999356347233371,0.0006436527666290124,9.99356347233371e-09,1e-08,8.754361601764331e-05,8.76e-05
igbt_datasheet_lower,igbt,external_datasheet,64824.0,7.4,0.9993519700621561,0.0006480299378438826,9.993519700621562e-09,1e-08,8.754323257744489e-05,8.76e-05
igbt_datasheet_lower,igbt,external_datasheet,65262.0,7.45,0.9993475929101132,0.0006524070898867849,9.993475929101132e-09,1e-08,8.754284913892592e-05,8.76e-05
igbt_datasheet_lower,igbt,external_datasheet,65700.0,7.5,0.9993432157772422,0.0006567842227578032,9.993432157772422e-09,1e-08,8.754246570208641e-05,8.76e-05
igbt_datasheet_lower,igbt,external_datasheet,66138.0,7.550000000000001,0.999338838663543,0.0006611613364570215,9.99338838663543e-09,1e-08,8.754208226692637e-05,8.76e-05
igbt_datasheet_lower,igbt,external_datasheet,66576.0,7.6000000000000005,0.9993344615690155,0.0006655384309845238,9.993344615690155e-09,1e-08,8.754169883344576e-05,8.76e-05
igbt_datasheet_lower,igbt,external_datasheet,67014.0,7.65,0.9993300844936596,0.0006699155063403941,9.993300844936596e-09,1e-08,8.754131540164457e-05,8.76e-05
igbt_datasheet_lower,igbt,external_datasheet,67452.0,7.7,0.9993257074374753,0.0006742925625247163,9.993257074374753e-09,1e-08,8.754093197152284e-05,8.76e-05
igbt_datasheet_lower,igbt,external_datasheet,67890.0,7.75,0.9993213304004624,0.0006786695995375743,9.993213304004625e-09,1e-08,8.754054854308051e-05,8.76e-05
igbt_datasheet_lower,igbt,external_datasheet,68328.0,7.800000000000001,0.9993169533826209,0.0006830466173790523,9.99316953382621e-09,1e-08,8.75401651163176e-05,8.76e-05
igbt_datasheet_lower,igbt,external_datasheet,68766.0,7.8500000000000005,0.9993125763839508,0.000687423616049234,9.993125763839508e-09,1e-08,8.753978169123408e-05,8.76e-05
igbt_datasheet_lower,igbt,external_datasheet,69204.0,7.9,0.9993081994044518,0.0006918005955482036,9.993081994044518e-09,1e-08,8.753939826782997e-05,8.76e-05
igbt_datasheet_lower,igbt,external_datasheet,69642.0,7.95,0.999303822444124,0.000696177555876045,9.99303822444124e-09,1e-08,8.753901484610525e-05,8.76e-05
igbt_datasheet_lower,igbt,external_datasheet,70080.0,8.0,0.9992994455029671,0.0007005544970328422,9.992994455029671e-09,1e-08,8.753863142605992e-05,8.76e-05
igbt_datasheet_lower,igbt,external_datasheet,70518.0,8.05,0.9992950685809813,0.000704931419018679,9.992950685809812e-09,1e-08,8.753824800769396e-05,8.76e-05
igbt_datasheet_lower,igbt,external_datasheet,70956.0,8.1,0.9992906916781664,0.0007093083218336396,9.992906916781664e-09,1e-08,8.753786459100738e-05,8.76e-05
igbt_datasheet_lower,igbt,external_datasheet,71394.0,8.15,0.9992863147945222,0.0007136852054778078,9.992863147945223e-09,1e-08,8.753748117600015e-05,8.76e-05
igbt_datasheet_lower,igbt,external_datasheet,71832.00000000001,8.200000000000001,0.9992819379300487,0.0007180620699512678,9.992819379300488e-09,1e-08,8.753709776267228e-05,8.76e-05
igbt_datasheet_lower,igbt,external_datasheet,72270.0,8.25,0.9992775610847459,0.000722438915254103,9.992775610847458e-09,1e-08,8.753671435102374e-05,8.76e-05
igbt_datasheet_lower,igbt,external_datasheet,72708.0,8.3,0.9992731842586136,0.000726815741386398,9.992731842586136e-09,1e-08,8.753633094105455e-05,8.76e-05
igbt_datasheet_lower,igbt,external_datasheet,73146.0,8.35,0.9992688074516518,0.0007311925483482364,9.992688074516518e-09,1e-08,8.75359475327647e-05,8.76e-05
igbt_datasheet_lower,igbt,external_datasheet,73584.0,8.4,0.9992644306638603,0.0007355693361397024,9.992644306638604e-09,1e-08,8.753556412615416e-05,8.76e-05
igbt_datasheet_lower,igbt,external_datasheet,74022.00000000001,8.450000000000001,0.9992600538952391,0.00073994610476088,9.99260053895239e-09,1e-08,8.753518072122295e-05,8.76e-05
igbt_datasheet_lower,igbt,external_datasheet,74460.0,8.5,0.9992556771457881,0.0007443228542118527,9.992556771457881e-09,1e-08,8.753479731797104e-05,8.76e-05
igbt_datasheet_lower,igbt,external_datasheet,74898.0,8.55,0.9992513004155072,0.0007486995844927049,9.992513004155073e-09,1e-08,8.753441391639844e-05,8.76e-05
igbt_datasheet_lower,igbt,external_datasheet,75336.0,8.6,0.9992469237043965,0.0007530762956035205,9.992469237043965e-09,1e-08,8.753403051650514e-05,8.76e-05
igbt_datasheet_lower,igbt,external_datasheet,75774.0,8.65,0.9992425470124556,0.0007574529875443834,9.992425470124557e-09,1e-08,8.753364711829111e-05,8.76e-05
igbt_datasheet_lower,igbt,external_datasheet,76212.00000000001,8.700000000000001,0.9992381703396847,0.0007618296603153778,9.992381703396847e-09,1e-08,8.753326372175638e-05,8.76e-05
igbt_datasheet_lower,igbt,external_datasheet,76650.0,8.75,0.9992337936860834,0.0007662063139165871,9.992337936860835e-09,1e-08,8.753288032690092e-05,8.76e-05
igbt_datasheet_lower,igbt,external_datasheet,77088.0,8.8,0.9992294170516519,0.0007705829483480957,9.992294170516519e-09,1e-08,8.753249693372471e-05,8.76e-05
igbt_datasheet_lower,igbt,external_datasheet,77526.0,8.85,0.99922504043639,0.0007749595636099875,9.9922504043639e-09,1e-08,8.753211354222777e-05,8.76e-05
igbt_datasheet_lower,igbt,external_datasheet,77964.0,8.9,0.9992206638402976,0.0007793361597023466,9.992206638402976e-09,1e-08,8.753173015241006e-05,8.76e-05
igbt_datasheet_lower,igbt,external_datasheet,78402.00000000001,8.950000000000001,0.9992162872633747,0.0007837127366252567,9.992162872633747e-09,1e-08,8.753134676427162e-05,8.76e-05
igbt_datasheet_lower,igbt,external_datasheet,78840.0,9.0,0.9992119107056212,0.0007880892943788016,9.992119107056212e-09,1e-08,8.753096337781242e-05,8.76e-05
igbt_datasheet_lower,igbt,external_datasheet,79278.0,9.05,0.9992075341670369,0.0007924658329630657,9.992075341670368e-09,1e-08,8.753057999303243e-05,8.76e-05
igbt_datasheet_lower,igbt,external_datasheet,79716.0,9.1,0.9992031576476219,0.0007968423523781328,9.992031576476219e-09,1e-08,8.753019660993167e-05,8.76e-05
igbt_datasheet_lower,igbt,external_datasheet,80154.0,9.15,0.9991987811473759,0.0008012188526240869,9.99198781147376e-09,1e-08,8.752981322851014e-05,8.76e-05
igbt_datasheet_lower,igbt,external_datasheet,80592.00000000001,9.200000000000001,0.9991944046662989,0.0008055953337010119,9.99194404666299e-09,1e-08,8.75294298487678e-05,8.76e-05
igbt_datasheet_lower,igbt,external_datasheet,81030.0,9.25,0.9991900282043911,0.0008099717956089917,9.991900282043911e-09,1e-08,8.752904647070467e-05,8.76e-05
igbt_datasheet_lower,igbt,external_datasheet,81468.0,9.3,0.9991856517616519,0.0008143482383481103,9.991856517616518e-09,1e-08,8.75286630943207e-05,8.76e-05
igbt_datasheet_lower,igbt,external_datasheet,81906.0,9.35,0.9991812753380815,0.0008187246619184517,9.991812753380816e-09,1e-08,8.752827971961595e-05,8.76e-05
igbt_datasheet_lower,igbt,external_datasheet,82344.0,9.4,0.9991768989336799,0.0008231010663200999,9.991768989336798e-09,1e-08,8.752789634659035e-05,8.76e-05
igbt_datasheet_lower,igbt,external_datasheet,82782.00000000001,9.450000000000001,0.9991725225484469,0.0008274774515531389,9.99172522548447e-09,1e-08,8.752751297524395e-05,8.76e-05
igbt_datasheet_lower,igbt,external_datasheet,83220.0,9.5,0.9991681461823824,0.0008318538176176523,9.991681461823824e-09,1e-08,8.75271296055767e-05,8.76e-05
igbt_datasheet_lower,igbt,external_datasheet,83658.0,9.55,0.9991637698354863,0.0008362301645137245,9.991637698354863e-09,1e-08,8.75267462375886e-05,8.76e-05
igbt_datasheet_lower,igbt,external_datasheet,84096.00000000001,9.600000000000001,0.9991593935077585,0.0008406064922414393,9.991593935077585e-09,1e-08,8.752636287127964e-05,8.76e-05
igbt_datasheet_lower,igbt,external_datasheet,84534.0,9.65,0.9991550171991991,0.0008449828008008803,9.99155017199199e-09,1e-08,8.752597950664983e-05,8.76e-05
igbt_datasheet_lower,igbt,external_datasheet,84972.00000000001,9.700000000000001,0.9991506409098079,0.0008493590901921322,9.99150640909808e-09,1e-08,8.752559614369917e-05,8.76e-05
igbt_datasheet_lower,igbt,external_datasheet,85410.0,9.75,0.9991462646395847,0.0008537353604152782,9.991462646395848e-09,1e-08,8.752521278242762e-05,8.76e-05
igbt_datasheet_lower,igbt,external_datasheet,85848.0,9.8,0.9991418883885296,0.0008581116114704028,9.991418883885295e-09,1e-08,8.752482942283518e-05,8.76e-05
igbt_datasheet_lower,igbt,external_datasheet,86286.00000000001,9.850000000000001,0.9991375121566424,0.0008624878433575898,9.991375121566424e-09,1e-08,8.752444606492187e-05,8.76e-05
igbt_datasheet_lower,igbt,external_datasheet,86724.0,9.9,0.9991331359439231,0.000866864056076923,9.991331359439231e-09,1e-08,8.752406270868767e-05,8.76e-05
igbt_datasheet_lower,igbt,external_datasheet,87162.00000000001,9.950000000000001,0.9991287597503715,0.0008712402496284866,9.991287597503715e-09,1e-08,8.752367935413254e-05,8.76e-05
igbt_datasheet_lower,igbt,external_datasheet,87600.0,10.0,0.9991243835759877,0.0008756164240123642,9.991243835759876e-09,1e-08,8.752329600125651e-05,8.76e-05
igbt_datasheet_lower,igbt,external_datasheet,88038.0,10.05,0.9991200074207713,0.0008799925792286402,9.991200074207714e-09,1e-08,8.752291265005958e-05,8.76e-05
igbt_datasheet_lower,igbt,external_datasheet,88476.00000000001,10.100000000000001,0.9991156312847226,0.0008843687152773984,9.991156312847227e-09,1e-08,8.75225293005417e-05,8.76e-05
igbt_datasheet_lower,igbt,external_datasheet,88914.0,10.15,0.9991112551678413,0.0008887448321587224,9.991112551678413e-09,1e-08,8.752214595270289e-05,8.76e-05
igbt_datasheet_lower,igbt,external_datasheet,89352.00000000001,10.200000000000001,0.9991068790701273,0.0008931209298726966,9.991068790701273e-09,1e-08,8.752176260654315e-05,8.76e-05
igbt_datasheet_lower,igbt,external_datasheet,89790.0,10.25,0.9991025029915805,0.0008974970084194045,9.991025029915805e-09,1e-08,8.752137926206246e-05,8.76e-05
igbt_datasheet_lower,igbt,external_datasheet,90228.0,10.3,0.999098126932201,0.0009018730677989306,9.99098126932201e-09,1e-08,8.752099591926081e-05,8.76e-05
igbt_datasheet_lower,igbt,external_datasheet,90666.00000000001,10.350000000000001,0.9990937508919886,0.0009062491080113589,9.990937508919885e-09,1e-08,8.75206125781382e-05,8.76e-05
igbt_datasheet_lower,igbt,external_datasheet,91104.0,10.4,0.9990893748709432,0.0009106251290567725,9.990893748709433e-09,1e-08,8.752022923869463e-05,8.76e-05
igbt_datasheet_lower,igbt,external_datasheet,91542.00000000001,10.450000000000001,0.9990849988690648,0.0009150011309352563,9.990849988690648e-09,1e-08,8.751984590093007e-05,8.76e-05
igbt_datasheet_lower,igbt,external_datasheet,91980.0,10.5,0.9990806228863531,0.0009193771136468935,9.990806228863532e-09,1e-08,8.751946256484454e-05,8.76e-05
igbt_datasheet_lower,igbt,external_datasheet,92418.0,10.55,0.9990762469228083,0.0009237530771917685,9.990762469228082e-09,1e-08,8.7519079230438e-05,8.76e-05
igbt_datasheet_lower,igbt,external_datasheet,92856.00000000001,10.600000000000001,0.99907187097843,0.0009281290215699654,9.9907187097843e-09,1e-08,8.751869589771047e-05,8.76e-05
igbt_datasheet_lower,igbt,external_datasheet,93294.0,10.65,0.9990674950532185,0.0009325049467815677,9.990674950532185e-09,1e-08,8.751831256666194e-05,8.76e-05
igbt_datasheet_lower,igbt,external_datasheet,93732.00000000001,10.700000000000001,0.9990631191471734,0.0009368808528266596,9.990631191471735e-09,1e-08,8.75179292372924e-05,8.76e-05
igbt_datasheet_lower,igbt,external_datasheet,94170.0,10.75,0.9990587432602946,0.0009412567397053249,9.990587432602947e-09,1e-08,8.751754590960182e-05,8.76e-05
igbt_datasheet_lower,igbt,external_datasheet,94608.0,10.8,0.9990543673925824,0.0009456326074176475,9.990543673925825e-09,1e-08,8.751716258359022e-05,8.76e-05
igbt_datasheet_lower,igbt,external_datasheet,95046.00000000001,10.850000000000001,0.9990499915440363,0.000950008455963712,9.990499915440363e-09,1e-08,8.751677925925758e-05,8.76e-05
igbt_datasheet_lower,igbt,external_datasheet,95484.0,10.9,0.9990456157146564,0.0009543842853436014,9.990456157146565e-09,1e-08,8.751639593660392e-05,8.76e-05
igbt_datasheet_lower,igbt,external_datasheet,95922.00000000001,10.950000000000001,0.9990412399044426,0.0009587600955574003,9.990412399044426e-09,1e-08,8.751601261562917e-05,8.76e-05
igbt_datasheet_lower,igbt,external_datasheet,96360.0,11.0,0.9990368641133948,0.0009631358866051922,9.990368641133949e-09,1e-08,8.751562929633339e-05,8.76e-05
igbt_datasheet_lower,igbt,external_datasheet,96798.0,11.05,0.9990324883415129,0.0009675116584870615,9.99032488341513e-09,1e-08,8.751524597871654e-05,8.76e-05
igbt_datasheet_lower,igbt,external_datasheet,97236.00000000001,11.100000000000001,0.9990281125887969,0.000971887411203092,9.99028112588797e-09,1e-08,8.751486266277862e-05,8.76e-05
igbt_datasheet_lower,igbt,external_datasheet,97674.0,11.15,0.9990237368552466,0.0009762631447533674,9.990237368552466e-09,1e-08,8.751447934851961e-05,8.76e-05
igbt_datasheet_lower,igbt,external_datasheet,98112.00000000001,11.200000000000001,0.999019361140862,0.000980638859137972,9.99019361140862e-09,1e-08,8.751409603593951e-05,8.76e-05
igbt_datasheet_lower,igbt,external_datasheet,98550.0,11.25,0.999014985445643,0.0009850145543569893,9.99014985445643e-09,1e-08,8.751371272503833e-05,8.76e-05
igbt_datasheet_lower,igbt,external_datasheet,98988.0,11.3,0.9990106097695894,0.0009893902304105038,9.990106097695895e-09,1e-08,8.751332941581604e-05,8.76e-05
igbt_datasheet_lower,igbt,external_datasheet,99426.00000000001,11.350000000000001,0.9990062341127014,0.000993765887298599,9.990062341127014e-09,1e-08,8.751294610827264e-05,8.76e-05
igbt_datasheet_lower,igbt,external_datasheet,99864.0,11.4,0.9990018584749787,0.000998141525021359,9.990018584749787e-09,1e-08,8.751256280240814e-05,8.76e-05
igbt_datasheet_lower,igbt,external_datasheet,100302.00000000001,11.450000000000001,0.9989974828564211,0.0010025171435788676,9.989974828564212e-09,1e-08,8.751217949822249e-05,8.76e-05
igbt_datasheet_lower,igbt,external_datasheet,100740.0,11.5,0.9989931072570288,0.0010068927429712092,9.989931072570289e-09,1e-08,8.751179619571573e-05,8.76e-05
igbt_datasheet_lower,igbt,external_datasheet,101178.0,11.55,0.9989887316768016,0.0010112683231984672,9.989887316768016e-09,1e-08,8.751141289488782e-05,8.76e-05
igbt_datasheet_lower,igbt,external_datasheet,101616.00000000001,11.600000000000001,0.9989843561157393,0.001015643884260726,9.989843561157394e-09,1e-08,8.751102959573877e-05,8.76e-05
igbt_datasheet_lower,igbt,external_datasheet,102054.0,11.65,0.998979980573842,0.0010200194261580692,9.98979980573842e-09,1e-08,8.751064629826856e-05,8.76e-05
igbt_datasheet_lower,igbt,external_datasheet,102492.00000000001,11.700000000000001,0.9989756050511094,0.0010243949488905808,9.989756050511095e-09,1e-08,8.751026300247719e-05,8.76e-05
igbt_datasheet_lower,igbt,external_datasheet,102930.0,11.75,0.9989712295475417,0.0010287704524583447,9.989712295475418e-09,1e-08,8.750987970836466e-05,8.76e-05
igbt_datasheet_lower,igbt,external_datasheet,103368.0,11.8,0.9989668540631386,0.001033145936861445,9.989668540631385e-09,1e-08,8.750949641593094e-05,8.76e-05
igbt_datasheet_lower,igbt,external_datasheet,103806.00000000001,11.850000000000001,0.9989624785979,0.001037521402099966,9.989624785979e-09,1e-08,8.750911312517605e-05,8.76e-05
igbt_datasheet_lower,igbt,external_datasheet,104244.0,11.9,0.998958103151826,0.0010418968481739907,9.98958103151826e-09,1e-08,8.750872983609996e-05,8.76e-05
igbt_datasheet_lower,igbt,external_datasheet,104682.00000000001,11.950000000000001,0.9989537277249164,0.001046272275083604,9.989537277249165e-09,1e-08,8.750834654870269e-05,8.76e-05
igbt_datasheet_lower,igbt,external_datasheet,105120.0,12.0,0.9989493523171711,0.001050647682828889,9.98949352317171e-09,1e-08,8.750796326298419e-05,8.76e-05
igbt_datasheet_lower,igbt,external_datasheet,105558.0,12.05,0.9989449769285901,0.0010550230714099303,9.989449769285901e-09,1e-08,8.75075799789445e-05,8.76e-05
igbt_datasheet_lower,igbt,external_datasheet,105996.00000000001,12.100000000000001,0.9989406015591732,0.0010593984408268115,9.989406015591732e-09,1e-08,8.750719669658357e-05,8.76e-05
igbt_datasheet_lower,igbt,external_datasheet,106434.0,12.15,0.9989362262089204,0.0010637737910796166,9.989362262089205e-09,1e-08,8.750681341590143e-05,8.76e-05
igbt_datasheet_lower,igbt,external_datasheet,106872.00000000001,12.200000000000001,0.9989318508778315,0.0010681491221684297,9.989318508778315e-09,1e-08,8.750643013689804e-05,8.76e-05
igbt_datasheet_lower,igbt,external_datasheet,107310.0,12.25,0.9989274755659067,0.0010725244340933342,9.989274755659067e-09,1e-08,8.750604685957343e-05,8.76e-05
igbt_datasheet_lower,igbt,external_datasheet,107748.0,12.3,0.9989231002731456,0.0010768997268544148,9.989231002731456e-09,1e-08,8.750566358392756e-05,8.76e-05
igbt_datasheet_lower,igbt,external_datasheet,108186.00000000001,12.350000000000001,0.9989187249995483,0.0010812750004517552,9.989187249995482e-09,1e-08,8.750528030996042e-05,8.76e-05
igbt_datasheet_lower,igbt,external_datasheet,108624.0,12.4,0.9989143497451146,0.001085650254885439,9.989143497451146e-09,1e-08,8.750489703767204e-05,8.76e-05
igbt_datasheet_lower,igbt,external_datasheet,109062.00000000001,12.450000000000001,0.9989099745098444,0.0010900254901555506,9.989099745098444e-09,1e-08,8.750451376706238e-05,8.76e-05
igbt_datasheet_lower,igbt,external_datasheet,109500.0,12.5,0.9989055992937378,0.001094400706262173,9.989055992937379e-09,1e-08,8.750413049813143e-05,8.76e-05
igbt_datasheet_lower,igbt,external_datasheet,109938.0,12.55,0.9989012240967946,0.0010987759032053913,9.989012240967946e-09,1e-08,8.75037472308792e-05,8.76e-05
igbt_datasheet_lower,igbt,external_datasheet,110376.00000000001,12.600000000000001,0.9988968489190148,0.0011031510809852891,9.988968489190148e-09,1e-08,8.75033639653057e-05,8.76e-05
igbt_datasheet_lower,igbt,external_datasheet,110814.0,12.65,0.998892473760398,0.00110752623960195,9.98892473760398e-09,1e-08,8.750298070141086e-05,8.76e-05
igbt_datasheet_lower,igbt,external_datasheet,111252.00000000001,12.700000000000001,0.9988880986209445,0.0011119013790554582,9.988880986209446e-09,1e-08,8.750259743919475e-05,8.76e-05
igbt_datasheet_lower,igbt,external_datasheet,111690.0,12.75,0.9988837235006541,0.0011162764993458973,9.988837235006542e-09,1e-08,8.75022141786573e-05,8.76e-05
igbt_datasheet_lower,igbt,external_datasheet,112128.0,12.8,0.9988793483995266,0.0011206516004733519,9.988793483995266e-09,1e-08,8.750183091979853e-05,8.76e-05
igbt_datasheet_lower,igbt,external_datasheet,112566.00000000001,12.850000000000001,0.9988749733175621,0.0011250266824379053,9.988749733175621e-09,1e-08,8.750144766261844e-05,8.76e-05
igbt_datasheet_lower,igbt,external_datasheet,113004.0,12.9,0.9988705982547603,0.0011294017452396416,9.988705982547604e-09,1e-08,8.750106440711701e-05,8.76e-05
igbt_datasheet_lower,igbt,external_datasheet,113442.00000000001,12.950000000000001,0.9988662232111214,0.0011337767888786449,9.988662232111213e-09,1e-08,8.750068115329424e-05,8.76e-05
igbt_datasheet_lower,igbt,external_datasheet,113880.0,13.0,0.998861848186645,0.0011381518133549988,9.98861848186645e-09,1e-08,8.75002979011501e-05,8.76e-05
igbt_datasheet_lower,igbt,external_datasheet,114318.0,13.05,0.9988574731813312,0.0011425268186687878,9.988574731813313e-09,1e-08,8.749991465068462e-05,8.76e-05
igbt_datasheet_lower,igbt,external_datasheet,114756.00000000001,13.100000000000001,0.9988530981951799,0.0011469018048200956,9.9885309819518e-09,1e-08,8.749953140189777e-05,8.76e-05
igbt_datasheet_lower,igbt,external_datasheet,115194.0,13.15,0.998848723228191,0.0011512767718090055,9.98848723228191e-09,1e-08,8.749914815478953e-05,8.76e-05
igbt_datasheet_lower,igbt,external_datasheet,115632.00000000001,13.200000000000001,0.9988443482803644,0.0011556517196356026,9.988443482803644e-09,1e-08,8.749876490935991e-05,8.76e-05
igbt_datasheet_lower,igbt,external_datasheet,116070.0,13.25,0.9988399733517,0.0011600266482999695,9.988399733517001e-09,1e-08,8.749838166560893e-05,8.76e-05
igbt_datasheet_lower,igbt,external_datasheet,116508.0,13.3,0.9988355984421978,0.0011644015578021912,9.988355984421978e-09,1e-08,8.749799842353653e-05,8.76e-05
igbt_datasheet_lower,igbt,external_datasheet,116946.00000000001,13.350000000000001,0.9988312235518576,0.0011687764481423514,9.988312235518576e-09,1e-08,8.749761518314273e-05,8.76e-05
igbt_datasheet_lower,igbt,external_datasheet,117384.0,13.4,0.9988268486806795,0.0011731513193205334,9.988268486806795e-09,1e-08,8.749723194442752e-05,8.76e-05
igbt_datasheet_lower,igbt,external_datasheet,117822.00000000001,13.450000000000001,0.9988224738286632,0.0011775261713368223,9.988224738286632e-09,1e-08,8.74968487073909e-05,8.76e-05
igbt_datasheet_lower,igbt,external_datasheet,118260.0,13.5,0.9988180989958088,0.0011819010041913005,9.988180989958088e-09,1e-08,8.749646547203286e-05,8.76e-05
igbt_datasheet_lower,igbt,external_datasheet,118698.0,13.55,0.998813724182116,0.001186275817884053,9.98813724182116e-09,1e-08,8.749608223835337e-05,8.76e-05
igbt_datasheet_lower,igbt,external_datasheet,119136.00000000001,13.600000000000001,0.9988093493875848,0.001190650612415164,9.988093493875849e-09,1e-08,8.749569900635244e-05,8.76e-05
igbt_datasheet_lower,igbt,external_datasheet,119574.0,13.65,0.9988049746122153,0.0011950253877847164,9.988049746122152e-09,1e-08,8.749531577603005e-05,8.76e-05
igbt_datasheet_lower,igbt,external_datasheet,120012.00000000001,13.700000000000001,0.9988005998560072,0.001199400143992795,9.988005998560072e-09,1e-08,8.749493254738624e-05,8.76e-05
igbt_datasheet_lower,igbt,external_datasheet,120450.0,13.75,0.9987962251189605,0.001203774881039483,9.987962251189605e-09,1e-08,8.749454932042094e-05,8.76e-05
igbt_datasheet_lower,igbt,external_datasheet,120888.0,13.8,0.9987918504010751,0.001208149598924865,9.987918504010751e-09,1e-08,8.749416609513417e-05,8.76e-05
igbt_datasheet_lower,igbt,external_datasheet,121326.00000000001,13.850000000000001,0.9987874757023509,0.0012125242976490245,9.98787475702351e-09,1e-08,8.749378287152594e-05,8.76e-05
igbt_datasheet_lower,igbt,external_datasheet,121764.0,13.9,0.998783101022788,0.0012168989772120456,9.98783101022788e-09,1e-08,8.749339964959624e-05,8.76e-05
igbt_datasheet_lower,igbt,external_datasheet,122202.00000000001,13.950000000000001,0.998778726362386,0.001221273637614012,9.98778726362386e-09,1e-08,8.749301642934502e-05,8.76e-05
igbt_datasheet_lower,igbt,external_datasheet,122640.0,14.0,0.998774351721145,0.001225648278855008,9.98774351721145e-09,1e-08,8.74926332107723e-05,8.76e-05
igbt_datasheet_lower,igbt,external_datasheet,123078.0,14.05,0.9987699770990649,0.0012300229009351174,9.987699770990649e-09,1e-08,8.749224999387808e-05,8.76e-05
igbt_datasheet_lower,igbt,external_datasheet,123516.00000000001,14.100000000000001,0.9987656024961455,0.0012343975038544238,9.987656024961455e-09,1e-08,8.749186677866235e-05,8.76e-05
igbt_datasheet_lower,igbt,external_datasheet,123954.0,14.15,0.998761227912387,0.0012387720876130116,9.987612279123869e-09,1e-08,8.74914835651251e-05,8.76e-05
igbt_datasheet_lower,igbt,external_datasheet,124392.00000000001,14.200000000000001,0.9987568533477891,0.0012431466522109644,9.987568533477892e-09,1e-08,8.749110035326633e-05,8.76e-05
igbt_datasheet_lower,igbt,external_datasheet,124830.0,14.25,0.9987524788023516,0.001247521197648366,9.987524788023517e-09,1e-08,8.749071714308601e-05,8.76e-05
igbt_datasheet_lower,igbt,external_datasheet,125268.0,14.3,0.9987481042760747,0.0012518957239253006,9.987481042760748e-09,1e-08,8.749033393458414e-05,8.76e-05
igbt_datasheet_lower,igbt,external_datasheet,125706.00000000001,14.350000000000001,0.9987437297689582,0.0012562702310418526,9.987437297689583e-09,1e-08,8.748995072776075e-05,8.76e-05
igbt_datasheet_lower,igbt,external_datasheet,126144.0,14.4,0.9987393552810019,0.0012606447189981048,9.98739355281002e-09,1e-08,8.748956752261576e-05,8.76e-05
igbt_datasheet_lower,igbt,external_datasheet,126582.00000000001,14.450000000000001,0.9987349808122059,0.001265019187794142,9.98734980812206e-09,1e-08,8.748918431914923e-05,8.76e-05
igbt_datasheet_lower,igbt,external_datasheet,127020.0,14.5,0.9987306063625699,0.0012693936374300477,9.987306063625699e-09,1e-08,8.748880111736113e-05,8.76e-05
igbt_datasheet_lower,igbt,external_datasheet,127458.0,14.55,0.9987262319320941,0.001273768067905906,9.987262319320942e-09,1e-08,8.748841791725145e-05,8.76e-05
igbt_datasheet_lower,igbt,external_datasheet,127896.00000000001,14.600000000000001,0.9987218575207782,0.001278142479221801,9.987218575207783e-09,1e-08,8.748803471882019e-05,8.76e-05
igbt_datasheet_lower,igbt,external_datasheet,128334.0,14.65,0.9987174831286222,0.001282516871377816,9.987174831286222e-09,1e-08,8.74876515220673e-05,8.76e-05
igbt_datasheet_lower,igbt,external_datasheet,128772.00000000001,14.700000000000001,0.9987131087556259,0.0012868912443740358,9.98713108755626e-09,1e-08,8.748726832699284e-05,8.76e-05
igbt_datasheet_lower,igbt,external_datasheet,129210.0,14.75,0.9987087344017894,0.0012912655982105434,9.987087344017895e-09,1e-08,8.748688513359676e-05,8.76e-05
igbt_datasheet_lower,igbt,external_datasheet,129648.0,14.8,0.9987043600671126,0.0012956399328874232,9.987043600671126e-09,1e-08,8.748650194187906e-05,8.76e-05
igbt_datasheet_lower,igbt,external_datasheet,130086.00000000001,14.850000000000001,0.9986999857515952,0.0013000142484047594,9.986999857515953e-09,1e-08,8.748611875183975e-05,8.76e-05
igbt_datasheet_lower,igbt,external_datasheet,130524.0,14.9,0.9986956114552373,0.0013043885447626353,9.986956114552373e-09,1e-08,8.748573556347879e-05,8.76e-05
igbt_datasheet_lower,igbt,external_datasheet,130962.00000000001,14.950000000000001,0.9986912371780389,0.0013087628219611352,9.986912371780388e-09,1e-08,8.74853523767962e-05,8.76e-05
igbt_datasheet_lower,igbt,external_datasheet,131400.0,15.0,0.9986868629199996,0.0013131370800003428,9.986868629199997e-09,1e-08,8.748496919179197e-05,8.76e-05
igbt_datasheet_lower,igbt,external_datasheet,131838.0,15.05,0.9986824886811196,0.0013175113188803422,9.986824886811197e-09,1e-08,8.748458600846608e-05,8.76e-05
igbt_datasheet_lower,igbt,external_datasheet,132276.0,15.100000000000001,0.9986781144613988,0.0013218855386012173,9.986781144613988e-09,1e-08,8.748420282681854e-05,8.76e-05
igbt_datasheet_lower,igbt,external_datasheet,132714.0,15.15,0.998673740260837,0.0013262597391630522,9.98673740260837e-09,1e-08,8.748381964684931e-05,8.76e-05
igbt_datasheet_lower,igbt,external_datasheet,133152.0,15.200000000000001,0.998669366079434,0.0013306339205659302,9.986693660794341e-09,1e-08,8.748343646855843e-05,8.76e-05
igbt_datasheet_lower,igbt,external_datasheet,133590.0,15.25,0.99866499191719,0.001335008082809936,9.9866499191719e-09,1e-08,8.748305329194585e-05,8.76e-05
igbt_datasheet_lower,igbt,external_datasheet,134028.0,15.3,0.9986606177741049,0.001339382225895153,9.986606177741048e-09,1e-08,8.748267011701158e-05,8.76e-05
igbt_datasheet_lower,igbt,external_datasheet,134466.0,15.350000000000001,0.9986562436501784,0.0013437563498216651,9.986562436501785e-09,1e-08,8.748228694375564e-05,8.76e-05
igbt_datasheet_lower,igbt,external_datasheet,134904.0,15.4,0.9986518695454104,0.0013481304545895564,9.986518695454104e-09,1e-08,8.748190377217796e-05,8.76e-05
igbt_datasheet_lower,igbt,external_datasheet,135342.0,15.450000000000001,0.9986474954598011,0.0013525045401989106,9.986474954598012e-09,1e-08,8.748152060227858e-05,8.76e-05
igbt_datasheet_lower,igbt,external_datasheet,135780.0,15.5,0.9986431213933502,0.0013568786066498121,9.986431213933503e-09,1e-08,8.748113743405749e-05,8.76e-05
igbt_datasheet_lower,igbt,external_datasheet,136218.0,15.55,0.9986387473460576,0.0013612526539423444,9.986387473460577e-09,1e-08,8.748075426751465e-05,8.76e-05
igbt_datasheet_lower,igbt,external_datasheet,136656.0,15.600000000000001,0.9986343733179234,0.0013656266820765916,9.986343733179235e-09,1e-08,8.74803711026501e-05,8.76e-05
igbt_datasheet_lower,igbt,external_datasheet,137094.0,15.65,0.9986299993089474,0.0013700006910526373,9.986299993089474e-09,1e-08,8.747998793946379e-05,8.76e-05
igbt_datasheet_lower,igbt,external_datasheet,137532.0,15.700000000000001,0.9986256253191295,0.001374374680870566,9.986256253191295e-09,1e-08,8.747960477795575e-05,8.76e-05
igbt_datasheet_lower,igbt,external_datasheet,137970.0,15.75,0.9986212513484696,0.001378748651530461,9.986212513484696e-09,1e-08,8.747922161812593e-05,8.76e-05
igbt_datasheet_lower,igbt,external_datasheet,138408.0,15.8,0.9986168773969676,0.0013831226030324064,9.986168773969677e-09,1e-08,8.747883845997437e-05,8.76e-05
igbt_datasheet_lower,igbt,external_datasheet,138846.0,15.850000000000001,0.9986125034646235,0.0013874965353764864,9.986125034646234e-09,1e-08,8.747845530350102e-05,8.76e-05
igbt_datasheet_lower,igbt,external_datasheet,139284.0,15.9,0.9986081295514372,0.0013918704485627845,9.986081295514372e-09,1e-08,8.747807214870589e-05,8.76e-05
igbt_datasheet_lower,igbt,external_datasheet,139722.0,15.950000000000001,0.9986037556574087,0.001396244342591385,9.986037556574086e-09,1e-08,8.747768899558899e-05,8.76e-05
igbt_datasheet_lower,igbt,external_datasheet,140160.0,16.0,0.9985993817825376,0.0014006182174623714,9.985993817825375e-09,1e-08,8.747730584415029e-05,8.76e-05
igbt_datasheet_lower,igbt,external_datasheet,140598.0,16.05,0.9985950079268242,0.001404992073175828,9.985950079268241e-09,1e-08,8.747692269438979e-05,8.76e-05
igbt_datasheet_lower,igbt,external_datasheet,141036.0,16.1,0.9985906340902682,0.0014093659097318384,9.985906340902682e-09,1e-08,8.74765395463075e-05,8.76e-05
igbt_datasheet_lower,igbt,external_datasheet,141474.00000000003,16.150000000000002,0.9985862602728696,0.001413739727130487,9.985862602728695e-09,1e-08,8.747615639990336e-05,8.76e-05
igbt_datasheet_lower,igbt,external_datasheet,141912.0,16.2,0.9985818864746282,0.0014181135253718568,9.985818864746283e-09,1e-08,8.747577325517744e-05,8.76e-05
igbt_datasheet_lower,igbt,external_datasheet,142350.0,16.25,0.998577512695544,0.0014224873044560325,9.985775126955439e-09,1e-08,8.747539011212965e-05,8.76e-05
igbt_datasheet_lower,igbt,external_datasheet,142788.0,16.3,0.9985731389356169,0.0014268610643830978,9.98573138935617e-09,1e-08,8.747500697076005e-05,8.76e-05
igbt_datasheet_lower,igbt,external_datasheet,143226.0,16.35,0.9985687651948468,0.0014312348051531364,9.985687651948468e-09,1e-08,8.747462383106859e-05,8.76e-05
igbt_datasheet_lower,igbt,external_datasheet,143664.00000000003,16.400000000000002,0.9985643914732337,0.0014356085267662327,9.985643914732338e-09,1e-08,8.747424069305529e-05,8.76e-05
igbt_datasheet_lower,igbt,external_datasheet,144102.0,16.45,0.9985600177707775,0.00143998222922247,9.985600177707776e-09,1e-08,8.747385755672011e-05,8.76e-05
igbt_datasheet_lower,igbt,external_datasheet,144540.0,16.5,0.9985556440874781,0.0014443559125219326,9.985556440874781e-09,1e-08,8.747347442206308e-05,8.76e-05
igbt_datasheet_lower,igbt,external_datasheet,144978.0,16.55,0.9985512704233352,0.0014487295766647042,9.985512704233353e-09,1e-08,8.747309128908417e-05,8.76e-05
igbt_datasheet_lower,igbt,external_datasheet,145416.0,16.6,0.9985468967783492,0.001453103221650869,9.985468967783493e-09,1e-08,8.74727081577834e-05,8.76e-05
igbt_datasheet_lower,igbt,external_datasheet,145854.00000000003,16.650000000000002,0.9985425231525195,0.0014574768474805108,9.985425231525194e-09,1e-08,8.747232502816071e-05,8.76e-05
igbt_datasheet_lower,igbt,external_datasheet,146292.0,16.7,0.9985381495458463,0.0014618504541537127,9.985381495458463e-09,1e-08,8.747194190021614e-05,8.76e-05
igbt_datasheet_lower,igbt,external_datasheet,146730.0,16.75,0.9985337759583295,0.00146622404167056,9.985337759583295e-09,1e-08,8.747155877394967e-05,8.76e-05
igbt_datasheet_lower,igbt,external_datasheet,147168.0,16.8,0.9985294023899689,0.0014705976100311358,9.985294023899689e-09,1e-08,8.747117564936127e-05,8.76e-05
igbt_datasheet_lower,igbt,external_datasheet,147606.0,16.85,0.9985250288407644,0.0014749711592355241,9.985250288407645e-09,1e-08,8.747079252645096e-05,8.76e-05
igbt_datasheet_lower,igbt,external_datasheet,148044.00000000003,16.900000000000002,0.9985206553107162,0.0014793446892838093,9.985206553107162e-09,1e-08,8.747040940521874e-05,8.76e-05
igbt_datasheet_lower,igbt,external_datasheet,148482.0,16.95,0.998516281799824,0.0014837182001760738,9.98516281799824e-09,1e-08,8.747002628566458e-05,8.76e-05
igbt_datasheet_lower,igbt,external_datasheet,148920.0,17.0,0.9985119083080876,0.0014880916919124032,9.985119083080876e-09,1e-08,8.746964316778846e-05,8.76e-05
igbt_datasheet_lower,igbt,external_datasheet,149358.0,17.05,0.9985075348355071,0.0014924651644928808,9.985075348355072e-09,1e-08,8.746926005159042e-05,8.76e-05
igbt_datasheet_lower,igbt,external_datasheet,149796.0,17.1,0.9985031613820824,0.0014968386179175903,9.985031613820825e-09,1e-08,8.746887693707043e-05,8.76e-05
igbt_datasheet_lower,igbt,external_datasheet,150234.00000000003,17.150000000000002,0.9984987879478133,0.001501212052186616,9.984987879478133e-09,1e-08,8.746849382422844e-05,8.76e-05
igbt_datasheet_lower,igbt,external_datasheet,150672.0,17.2,0.9984944145326999,0.0015055854673000412,9.984944145327e-09,1e-08,8.746811071306451e-05,8.76e-05
igbt_datasheet_lower,igbt,external_datasheet,151110.0,17.25,0.998490041136742,0.0015099588632579502,9.98490041136742e-09,1e-08,8.746772760357859e-05,8.76e-05
igbt_datasheet_lower,igbt,external_datasheet,151548.0,17.3,0.9984856677599395,0.001514332240060427,9.984856677599395e-09,1e-08,8.74673444957707e-05,8.76e-05
igbt_datasheet_lower,igbt,external_datasheet,151986.0,17.35,0.9984812944022925,0.0015187055977075553,9.984812944022926e-09,1e-08,8.746696138964084e-05,8.76e-05
igbt_datasheet_lower,igbt,external_datasheet,152424.00000000003,17.400000000000002,0.9984769210638006,0.0015230789361994192,9.984769210638007e-09,1e-08,8.746657828518893e-05,8.76e-05
igbt_datasheet_lower,igbt,external_datasheet,152862.0,17.45,0.9984725477444639,0.0015274522555361022,9.984725477444639e-09,1e-08,8.746619518241504e-05,8.76e-05
igbt_datasheet_lower,igbt,external_datasheet,153300.0,17.5,0.9984681744442823,0.0015318255557176886,9.984681744442824e-09,1e-08,8.746581208131913e-05,8.76e-05
igbt_datasheet_lower,igbt,external_datasheet,153738.0,17.55,0.9984638011632557,0.001536198836744262,9.984638011632557e-09,1e-08,8.74654289819012e-05,8.76e-05
igbt_datasheet_lower,igbt,external_datasheet,154176.0,17.6,0.9984594279013841,0.0015405720986159067,9.984594279013842e-09,1e-08,8.746504588416125e-05,8.76e-05
igbt_datasheet_lower,igbt,external_datasheet,154614.00000000003,17.650000000000002,0.9984550546586674,0.0015449453413327063,9.984550546586674e-09,1e-08,8.746466278809925e-05,8.76e-05
igbt_datasheet_lower,igbt,external_datasheet,155052.0,17.7,0.9984506814351053,0.0015493185648947445,9.984506814351054e-09,1e-08,8.746427969371524e-05,8.76e-05
igbt_datasheet_lower,igbt,external_datasheet,155490.0,17.75,0.9984463082306979,0.0015536917693021056,9.98446308230698e-09,1e-08,8.746389660100913e-05,8.76e-05
igbt_datasheet_lower,igbt,external_datasheet,155928.0,17.8,0.9984419350454451,0.0015580649545548734,9.98441935045445e-09,1e-08,8.746351350998098e-05,8.76e-05
igbt_datasheet_lower,igbt,external_datasheet,156366.0,17.85,0.9984375618793468,0.0015624381206531318,9.984375618793468e-09,1e-08,8.746313042063078e-05,8.76e-05
igbt_datasheet_lower,igbt,external_datasheet,156804.00000000003,17.900000000000002,0.998433188732403,0.0015668112675969648,9.984331887324031e-09,1e-08,8.746274733295851e-05,8.76e-05
igbt_datasheet_lower,igbt,external_datasheet,157242.0,17.95,0.9984288156046135,0.0015711843953864553,9.984288156046135e-09,1e-08,8.746236424696414e-05,8.76e-05
igbt_datasheet_lower,igbt,external_datasheet,157680.0,18.0,0.9984244424959783,0.0015755575040216888,9.984244424959783e-09,1e-08,8.74619811626477e-05,8.76e-05
igbt_datasheet_lower,igbt,external_datasheet,158118.0,18.05,0.9984200694064973,0.001579930593502748,9.984200694064974e-09,1e-08,8.746159808000916e-05,8.76e-05
igbt_datasheet_lower,igbt,external_datasheet,158556.0,18.1,0.9984156963361702,0.0015843036638297176,9.984156963361703e-09,1e-08,8.746121499904852e-05,8.76e-05
igbt_datasheet_lower,igbt,external_datasheet,158994.00000000003,18.150000000000002,0.9984113232849973,0.0015886767150026814,9.984113232849973e-09,1e-08,8.746083191976576e-05,8.76e-05
igbt_datasheet_lower,igbt,external_datasheet,159432.0,18.2,0.9984069502529783,0.001593049747021722,9.984069502529784e-09,1e-08,8.746044884216091e-05,8.76e-05
igbt_datasheet_lower,igbt,external_datasheet,159870.0,18.25,0.998402577240113,0.0015974227598869251,9.98402577240113e-09,1e-08,8.746006576623391e-05,8.76e-05
igbt_datasheet_lower,igbt,external_datasheet,160308.0,18.3,0.9983982042464016,0.0016017957535983734,9.983982042464016e-09,1e-08,8.745968269198478e-05,8.76e-05
igbt_datasheet_lower,igbt,external_datasheet,160746.0,18.35,0.9983938312718439,0.0016061687281561515,9.983938312718438e-09,1e-08,8.745929961941353e-05,8.76e-05
igbt_datasheet_lower,igbt,external_datasheet,161184.00000000003,18.400000000000002,0.9983894583164397,0.0016105416835603432,9.983894583164396e-09,1e-08,8.74589165485201e-05,8.76e-05
igbt_datasheet_lower,igbt,external_datasheet,161622.0,18.45,0.998385085380189,0.0016149146198110316,9.98385085380189e-09,1e-08,8.745853347930456e-05,8.76e-05
igbt_datasheet_lower,igbt,external_datasheet,162060.0,18.5,0.9983807124630917,0.0016192875369083013,9.983807124630917e-09,1e-08,8.745815041176684e-05,8.76e-05
igbt_datasheet_lower,igbt,external_datasheet,162498.0,18.55,0.9983763395651478,0.0016236604348522361,9.983763395651478e-09,1e-08,8.745776734590695e-05,8.76e-05
igbt_datasheet_lower,igbt,external_datasheet,162936.0,18.6,0.9983719666863571,0.0016280333136429199,9.983719666863572e-09,1e-08,8.745738428172489e-05,8.76e-05
igbt_datasheet_lower,igbt,external_datasheet,163374.00000000003,18.650000000000002,0.9983675938267196,0.0016324061732804367,9.983675938267196e-09,1e-08,8.745700121922063e-05,8.76e-05
igbt_datasheet_lower,igbt,external_datasheet,163812.0,18.7,0.9983632209862351,0.00163677901376487,9.983632209862351e-09,1e-08,8.74566181583942e-05,8.76e-05
igbt_datasheet_lower,igbt,external_datasheet,164250.0,18.75,0.9983588481649037,0.001641151835096304,9.983588481649038e-09,1e-08,8.745623509924557e-05,8.76e-05
igbt_datasheet_lower,igbt,external_datasheet,164688.0,18.8,0.9983544753627251,0.0016455246372748225,9.983544753627251e-09,1e-08,8.745585204177472e-05,8.76e-05
igbt_datasheet_lower,igbt,external_datasheet,165126.0,18.85,0.9983501025796995,0.0016498974203005095,9.983501025796996e-09,1e-08,8.745546898598168e-05,8.76e-05
igbt_datasheet_lower,igbt,external_datasheet,165564.00000000003,18.900000000000002,0.9983457298158266,0.0016542701841734488,9.983457298158267e-09,1e-08,8.745508593186642e-05,8.76e-05
igbt_datasheet_lower,igbt,external_datasheet,166002.0,18.95,0.9983413570711063,0.001658642928893724,9.983413570711063e-09,1e-08,8.745470287942892e-05,8.76e-05
igbt_datasheet_lower,igbt,external_datasheet,166440.0,19.0,0.9983369843455385,0.0016630156544614196,9.983369843455385e-09,1e-08,8.745431982866917e-05,8.76e-05
igbt_datasheet_lower,igbt,external_datasheet,166878.0,19.05,0.9983326116391233,0.001667388360876619,9.983326116391233e-09,1e-08,8.74539367795872e-05,8.76e-05
igbt_datasheet_lower,igbt,external_datasheet,167316.0,19.1,0.9983282389518606,0.0016717610481394062,9.983282389518606e-09,1e-08,8.745355373218298e-05,8.76e-05
igbt_datasheet_lower,igbt,external_datasheet,167754.00000000003,19.150000000000002,0.9983238662837501,0.0016761337162498654,9.983238662837502e-09,1e-08,8.745317068645652e-05,8.76e-05
igbt_datasheet_lower,igbt,external_datasheet,168192.00000000003,19.200000000000003,0.9983194936347919,0.0016805063652080802,9.98319493634792e-09,1e-08,8.745278764240777e-05,8.76e-05
igbt_datasheet_lower,igbt,external_datasheet,168630.0,19.25,0.9983151210049859,0.0016848789950141337,9.983151210049858e-09,1e-08,8.745240460003676e-05,8.76e-05
igbt_datasheet_lower,igbt,external_datasheet,169068.0,19.3,0.9983107483943319,0.0016892516056681113,9.98310748394332e-09,1e-08,8.745202155934348e-05,8.76e-05
igbt_datasheet_lower,igbt,external_datasheet,169506.0,19.35,0.9983063758028299,0.0016936241971700961,9.9830637580283e-09,1e-08,8.74516385203279e-05,8.76e-05
igbt_datasheet_lower,igbt,external_datasheet,169944.00000000003,19.400000000000002,0.9983020032304798,0.0016979967695201724,9.983020032304798e-09,1e-08,8.745125548299003e-05,8.76e-05
igbt_datasheet_lower,igbt,external_datasheet,170382.00000000003,19.450000000000003,0.9982976306772816,0.0017023693227184236,9.982976306772816e-09,1e-08,8.745087244732986e-05,8.76e-05
igbt_datasheet_lower,igbt,external_datasheet,170820.0,19.5,0.9982932581432351,0.001706741856764933,9.982932581432352e-09,1e-08,8.74504894133474e-05,8.76e-05
igbt_datasheet_lower,igbt,external_datasheet,171258.0,19.55,0.9982888856283402,0.0017111143716597858,9.982888856283402e-09,1e-08,8.74501063810426e-05,8.76e-05
igbt_datasheet_lower,igbt,external_datasheet,171696.0,19.6,0.9982845131325969,0.0017154868674030654,9.98284513132597e-09,1e-08,8.744972335041549e-05,8.76e-05
igbt_datasheet_lower,igbt,external_datasheet,172134.00000000003,19.650000000000002,0.9982801406560051,0.0017198593439948556,9.982801406560052e-09,1e-08,8.744934032146606e-05,8.76e-05
igbt_datasheet_lower,igbt,external_datasheet,172572.00000000003,19.700000000000003,0.9982757681985648,0.0017242318014352401,9.982757681985649e-09,1e-08,8.744895729419428e-05,8.76e-05
igbt_datasheet_lower,igbt,external_datasheet,173010.0,19.75,0.9982713957602757,0.0017286042397243028,9.982713957602757e-09,1e-08,8.744857426860016e-05,8.76e-05
igbt_datasheet_lower,igbt,external_datasheet,173448.0,19.8,0.9982670233411378,0.0017329766588621278,9.982670233411378e-09,1e-08,8.744819124468367e-05,8.76e-05
igbt_datasheet_lower,igbt,external_datasheet,173886.0,19.85,0.9982626509411512,0.0017373490588487991,9.982626509411511e-09,1e-08,8.744780822244484e-05,8.76e-05
igbt_datasheet_lower,igbt,external_datasheet,174324.00000000003,19.900000000000002,0.9982582785603156,0.0017417214396844005,9.982582785603157e-09,1e-08,8.744742520188365e-05,8.76e-05
igbt_datasheet_lower,igbt,external_datasheet,174762.00000000003,19.950000000000003,0.998253906198631,0.0017460938013690156,9.98253906198631e-09,1e-08,8.744704218300009e-05,8.76e-05
igbt_datasheet_lower,igbt,external_datasheet,175200.0,20.0,0.9982495338560973,0.0017504661439027283,9.982495338560973e-09,1e-08,8.744665916579412e-05,8.76e-05
igbt_datasheet_upper,igbt,external_datasheet,0.0,0.0,1.0,0.0,1e-07,1e-07,0.0008759999999999999,0.0008759999999999999
igbt_datasheet_upper,igbt,external_datasheet,438.0,0.05,0.999956200959206,4.379904079400446e-05,9.99956200959206e-08,1e-07,0.0008759616320402644,0.0008759999999999999
igbt_datasheet_upper,igbt,external_datasheet,876.0,0.1,0.9999124038367679,8.759616323203445e-05,9.999124038367679e-08,1e-07,0.0008759232657610087,0.0008759999999999999
igbt_datasheet_upper,igbt,external_datasheet,1314.0000000000002,0.15000000000000002,0.9998686086326019,0.0001313913673981121,9.998686086326018e-08,1e-07,0.0008758849011621592,0.0008759999999999999
igbt_datasheet_upper,igbt,external_datasheet,1752.0,0.2,0.9998248153466237,0.00017518465337625593,9.998248153466236e-08,1e-07,0.0008758465382436423,0.0008759999999999999
igbt_datasheet_upper,igbt,external_datasheet,2190.0,0.25,0.9997810239787495,0.00021897602125048064,9.997810239787494e-08,1e-07,0.0008758081770053845,0.0008759999999999999
igbt_datasheet_upper,igbt,external_datasheet,2628.0000000000005,0.30000000000000004,0.9997372345288952,0.0002627654711047975,9.997372345288952e-08,1e-07,0.0008757698174473122,0.0008759999999999999
igbt_datasheet_upper,igbt,external_datasheet,3066.0000000000005,0.35000000000000003,0.9996934469969768,0.0003065530030232138,9.996934469969767e-08,1e-07,0.0008757314595693516,0.0008759999999999999
igbt_datasheet_upper,igbt,external_datasheet,3504.0,0.4,0.9996496613829102,0.00035033861708973327,9.996496613829102e-08,1e-07,0.0008756931033714293,0.0008759999999999999
igbt_datasheet_upper,igbt,external_datasheet,3942.0,0.45,0.9996058776866117,0.00039412231338835607,9.996058776866116e-08,1e-07,0.0008756547488534718,0.0008759999999999999
igbt_datasheet_upper,igbt,external_datasheet,4380.0,0.5,0.9995620959079969,0.0004379040920030786,9.995620959079969e-08,1e-07,0.0008756163960154052,0.0008759999999999999
igbt_datasheet_upper,igbt,external_datasheet,4818.0,0.55,0.9995183160469822,0.0004816839530178936,9.995183160469821e-08,1e-07,0.0008755780448571563,0.0008759999999999999
igbt_datasheet_upper,igbt,external_datasheet,5256.000000000001,0.6000000000000001,0.9994745381034832,0.0005254618965167901,9.994745381034831e-08,1e-07,0.0008755396953786512,0.0008759999999999999
igbt_datasheet_upper,igbt,external_datasheet,5694.0,0.65,0.9994307620774162,0.0005692379225837532,9.994307620774161e-08,1e-07,0.0008755013475798166,0.0008759999999999999
igbt_datasheet_upper,igbt,external_datasheet,6132.000000000001,0.7000000000000001,0.9993869879686972,0.000613012031302765,9.993869879686972e-08,1e-07,0.0008754630014605788,0.0008759999999999999
igbt_datasheet_upper,igbt,external_datasheet,6570.0,0.75,0.9993432157772422,0.0006567842227578031,9.993432157772421e-08,1e-07,0.000875424657020864,0.0008759999999999999
igbt_datasheet_upper,igbt,external_datasheet,7008.0,0.8,0.9992994455029671,0.0007005544970328422,9.99299445502967e-08,1e-07,0.0008753863142605991,0.0008759999999999999
igbt_datasheet_upper,igbt,external_datasheet,7446.000000000001,0.8500000000000001,0.9992556771457881,0.0007443228542118528,9.99255677145788e-08,1e-07,0.0008753479731797103,0.0008759999999999999
igbt_datasheet_upper,igbt,external_datasheet,7884.0,0.9,0.9992119107056212,0.0007880892943788016,9.992119107056212e-08,1e-07,0.0008753096337781242,0.0008759999999999999
igbt_datasheet_upper,igbt,external_datasheet,8322.0,0.9500000000000001,0.9991681461823824,0.0008318538176176522,9.991681461823824e-08,1e-07,0.000875271296055767,0.0008759999999999999
igbt_datasheet_upper,igbt,external_datasheet,8760.0,1.0,0.9991243835759877,0.0008756164240123641,9.991243835759876e-08,1e-07,0.0008752329600125651,0.0008759999999999999
igbt_datasheet_upper,igbt,external_datasheet,9198.0,1.05,0.9990806228863531,0.0009193771136468934,9.990806228863531e-08,1e-07,0.0008751946256484453,0.0008759999999999999
igbt_datasheet_upper,igbt,external_datasheet,9636.0,1.1,0.9990368641133948,0.0009631358866051922,9.990368641133947e-08,1e-07,0.0008751562929633337,0.0008759999999999999
igbt_datasheet_upper,igbt,external_datasheet,10074.000000000002,1.1500000000000001,0.9989931072570288,0.0010068927429712092,9.989931072570288e-08,1e-07,0.0008751179619571572,0.0008759999999999999
igbt_datasheet_upper,igbt,external_datasheet,10512.000000000002,1.2000000000000002,0.9989493523171711,0.0010506476828288892,9.98949352317171e-08,1e-07,0.0008750796326298418,0.0008759999999999999
igbt_datasheet_upper,igbt,external_datasheet,10950.0,1.25,0.9989055992937378,0.001094400706262173,9.989055992937378e-08,1e-07,0.0008750413049813143,0.0008759999999999999
igbt_datasheet_upper,igbt,external_datasheet,11388.0,1.3,0.998861848186645,0.0011381518133549988,9.98861848186645e-08,1e-07,0.0008750029790115009,0.0008759999999999999
igbt_datasheet_upper,igbt,external_datasheet,11826.0,1.35,0.9988180989958088,0.0011819010041913005,9.988180989958088e-08,1e-07,0.0008749646547203285,0.0008759999999999999
igbt_datasheet_upper,igbt,external_datasheet,12264.000000000002,1.4000000000000001,0.998774351721145,0.001225648278855008,9.98774351721145e-08,1e-07,0.0008749263321077231,0.0008759999999999999
igbt_datasheet_upper,igbt,external_datasheet,12702.000000000002,1.4500000000000002,0.9987306063625699,0.001269393637430048,9.9873060636257e-08,1e-07,0.0008748880111736113,0.0008759999999999999
igbt_datasheet_upper,igbt,external_datasheet,13140.0,1.5,0.9986868629199996,0.0013131370800003425,9.986868629199996e-08,1e-07,0.0008748496919179197,0.0008759999999999999
igbt_datasheet_upper,igbt,external_datasheet,13578.0,1.55,0.9986431213933502,0.0013568786066498121,9.986431213933502e-08,1e-07,0.0008748113743405748,0.0008759999999999999
igbt_datasheet_upper,igbt,external_datasheet,14016.0,1.6,0.9985993817825376,0.0014006182174623714,9.985993817825375e-08,1e-07,0.0008747730584415029,0.0008759999999999999
igbt_datasheet_upper,igbt,external_datasheet,14454.000000000002,1.6500000000000001,0.9985556440874781,0.0014443559125219326,9.98555644087478e-08,1e-07,0.0008747347442206307,0.0008759999999999999
igbt_datasheet_upper,igbt,external_datasheet,14892.000000000002,1.7000000000000002,0.9985119083080876,0.0014880916919124034,9.985119083080875e-08,1e-07,0.0008746964316778846,0.0008759999999999999
igbt_datasheet_upper,igbt,external_datasheet,15330.0,1.75,0.9984681744442823,0.0015318255557176883,9.984681744442823e-08,1e-07,0.0008746581208131913,0.0008759999999999999
igbt_datasheet_upper,igbt,external_datasheet,15768.0,1.8,0.9984244424959783,0.0015755575040216888,9.984244424959783e-08,1e-07,0.000874619811626477,0.0008759999999999999
igbt_datasheet_upper,igbt,external_datasheet,16206.0,1.85,0.9983807124630917,0.001619287536908301,9.983807124630916e-08,1e-07,0.0008745815041176683,0.0008759999999999999
igbt_datasheet_upper,igbt,external_datasheet,16644.0,1.9000000000000001,0.9983369843455385,0.0016630156544614194,9.983369843455385e-08,1e-07,0.0008745431982866917,0.0008759999999999999
igbt_datasheet_upper,igbt,external_datasheet,17082.0,1.9500000000000002,0.9982932581432351,0.001706741856764933,9.98293258143235e-08,1e-07,0.0008745048941334739,0.0008759999999999999
igbt_datasheet_upper,igbt,external_datasheet,17520.0,2.0,0.9982495338560973,0.001750466143902728,9.982495338560972e-08,1e-07,0.0008744665916579411,0.0008759999999999999
igbt_datasheet_upper,igbt,external_datasheet,17958.000000000004,2.0500000000000003,0.9982058114840413,0.0017941885159586878,9.982058114840412e-08,1e-07,0.0008744282908600201,0.0008759999999999999
igbt_datasheet_upper,igbt,external_datasheet,18396.0,2.1,0.9981620910269833,0.001837908973016689,9.981620910269833e-08,1e-07,0.0008743899917396373,0.0008759999999999999
igbt_datasheet_upper,igbt,external_datasheet,18834.0,2.15,0.9981183724848394,0.0018816275151606087,9.981183724848393e-08,1e-07,0.0008743516942967192,0.0008759999999999999
igbt_datasheet_upper,igbt,external_datasheet,19272.0,2.2,0.9980746558575256,0.0019253441424743178,9.980746558575255e-08,1e-07,0.0008743133985311924,0.0008759999999999999
igbt_datasheet_upper,igbt,external_datasheet,19710.0,2.25,0.9980309411449583,0.0019690588550416834,9.980309411449582e-08,1e-07,0.0008742751044429833,0.0008759999999999999
igbt_datasheet_upper,igbt,external_datasheet,20148.000000000004,2.3000000000000003,0.9979872283470534,0.00201277165294657,9.979872283470534e-08,1e-07,0.0008742368120320188,0.0008759999999999999
igbt_datasheet_upper,igbt,external_datasheet,20586.0,2.35,0.9979435174637271,0.002056482536272838,9.97943517463727e-08,1e-07,0.0008741985212982249,0.0008759999999999999
igbt_datasheet_upper,igbt,external_datasheet,21024.000000000004,2.4000000000000004,0.9978998084948957,0.0021001915051043446,9.978998084948956e-08,1e-07,0.0008741602322415285,0.0008759999999999999
igbt_datasheet_upper,igbt,external_datasheet,21462.0,2.45,0.9978561014404751,0.0021438985595249416,9.97856101440475e-08,1e-07,0.0008741219448618561,0.0008759999999999999
igbt_datasheet_upper,igbt,external_datasheet,21900.0,2.5,0.9978123963003815,0.0021876036996184792,9.978123963003815e-08,1e-07,0.0008740836591591342,0.0008759999999999999
igbt_datasheet_upper,igbt,external_datasheet,22338.000000000004,2.5500000000000003,0.9977686930745312,0.002231306925468803,9.977686930745312e-08,1e-07,0.0008740453751332893,0.0008759999999999999
igbt_datasheet_upper,igbt,external_datasheet,22776.0,2.6,0.9977249917628402,0.0022750082371597543,9.977249917628402e-08,1e-07,0.000874007092784248,0.0008759999999999999
igbt_datasheet_upper,igbt,external_datasheet,23214.000000000004,2.6500000000000004,0.9976812923652248,0.0023187076347751735,9.976812923652248e-08,1e-07,0.0008739688121119369,0.0008759999999999999
igbt_datasheet_upper,igbt,external_datasheet,23652.0,2.7,0.9976375948816011,0.002362405118398893,9.97637594881601e-08,1e-07,0.0008739305331162824,0.0008759999999999999
igbt_datasheet_upper,igbt,external_datasheet,24090.0,2.75,0.9975938993118852,0.002406100688114744,9.975938993118852e-08,1e-07,0.0008738922557972115,0.0008759999999999999
igbt_datasheet_upper,igbt,external_datasheet,24528.000000000004,2.8000000000000003,0.9975502056559934,0.002449794344006556,9.975502056559933e-08,1e-07,0.0008738539801546501,0.0008759999999999999
igbt_datasheet_upper,igbt,external_datasheet,24966.0,2.85,0.9975065139138418,0.0024934860861581497,9.975065139138418e-08,1e-07,0.0008738157061885254,0.0008759999999999999
igbt_datasheet_upper,igbt,external_datasheet,25404.000000000004,2.9000000000000004,0.9974628240853467,0.002537175914653348,9.974628240853466e-08,1e-07,0.0008737774338987637,0.0008759999999999999
igbt_datasheet_upper,igbt,external_datasheet,25842.0,2.95,0.997419136170424,0.0025808638295759644,9.974191361704239e-08,1e-07,0.0008737391632852913,0.0008759999999999999
igbt_datasheet_upper,igbt,external_datasheet,26280.0,3.0,0.9973754501689902,0.0026245498310098134,9.973754501689902e-08,1e-07,0.0008737008943480353,0.0008759999999999999
igbt_datasheet_upper,igbt,external_datasheet,26718.000000000004,3.0500000000000003,0.9973317660809613,0.002668233919038704,9.973317660809612e-08,1e-07,0.0008736626270869221,0.0008759999999999999
igbt_datasheet_upper,igbt,external_datasheet,27156.0,3.1,0.9972880839062536,0.0027119160937464403,9.972880839062535e-08,1e-07,0.0008736243615018781,0.0008759999999999999
igbt_datasheet_upper,igbt,external_datasheet,27594.000000000004,3.1500000000000004,0.9972444036447832,0.002755596355216825,9.972444036447831e-08,1e-07,0.00087358609759283,0.0008759999999999999
igbt_datasheet_upper,igbt,external_datasheet,28032.0,3.2,0.9972007252964663,0.0027992747035336554,9.972007252964662e-08,1e-07,0.0008735478353597044,0.0008759999999999999
igbt_datasheet_upper,igbt,external_datasheet,28470.0,3.25,0.9971570488612193,0.002842951138780726,9.971570488612192e-08,1e-07,0.0008735095748024281,0.0008759999999999999
igbt_datasheet_upper,igbt,external_datasheet,28908.000000000004,3.3000000000000003,0.9971133743389582,0.002886625661041828,9.971133743389582e-08,1e-07,0.0008734713159209273,0.0008759999999999999
igbt_datasheet_upper,igbt,external_datasheet,29346.0,3.35,0.9970697017295992,0.002930298270400747,9.970697017295991e-08,1e-07,0.0008734330587151289,0.0008759999999999999
igbt_datasheet_upper,igbt,external_datasheet,29784.000000000004,3.4000000000000004,0.9970260310330588,0.0029739689669412684,9.970260310330588e-08,1e-07,0.0008733948031849595,0.0008759999999999999
igbt_datasheet_upper,igbt,external_datasheet,30222.0,3.45,0.9969823622492529,0.0030176377507471694,9.969823622492528e-08,1e-07,0.0008733565493303455,0.0008759999999999999
igbt_datasheet_upper,igbt,external_datasheet,30660.0,3.5,0.9969386953780978,0.0030613046219022267,9.969386953780977e-08,1e-07,0.0008733182971512136,0.0008759999999999999
igbt_datasheet_upper,igbt,external_datasheet,31098.000000000004,3.5500000000000003,0.9968950304195098,0.003104969580490214,9.968950304195097e-08,1e-07,0.0008732800466474905,0.0008759999999999999
igbt_datasheet_upper,igbt,external_datasheet,31536.0,3.6,0.9968513673734051,0.003148632626594898,9.96851367373405e-08,1e-07,0.0008732417978191027,0.0008759999999999999
igbt_datasheet_upper,igbt,external_datasheet,31974.000000000004,3.6500000000000004,0.9968077062396999,0.0031922937603000457,9.968077062396999e-08,1e-07,0.0008732035506659771,0.0008759999999999999
igbt_datasheet_upper,igbt,external_datasheet,32412.0,3.7,0.9967640470183106,0.0032359529816894154,9.967640470183105e-08,1e-07,0.00087316530518804,0.0008759999999999999
igbt_datasheet_upper,igbt,external_datasheet,32850.0,3.75,0.9967203897091532,0.0032796102908467678,9.967203897091531e-08,1e-07,0.0008731270613852181,0.0008759999999999999
igbt_datasheet_upper,igbt,external_datasheet,33288.0,3.8000000000000003,0.9966767343121441,0.003323265687855855,9.966767343121441e-08,1e-07,0.0008730888192574382,0.0008759999999999999
igbt_datasheet_upper,igbt,external_datasheet,33726.0,3.85,0.9966330808271996,0.003366919172800428,9.966330808271996e-08,1e-07,0.0008730505788046268,0.0008759999999999999
igbt_datasheet_upper,igbt,external_datasheet,34164.0,3.9000000000000004,0.9965894292542358,0.003410570745764233,9.965894292542358e-08,1e-07,0.0008730123400267105,0.0008759999999999999
igbt_datasheet_upper,igbt,external_datasheet,34602.0,3.95,0.996545779593169,0.003454220406831012,9.96545779593169e-08,1e-07,0.000872974102923616,0.0008759999999999999
igbt_datasheet_upper,igbt,external_datasheet,35040.0,4.0,0.9965021318439155,0.0034978681560845063,9.965021318439154e-08,1e-07,0.0008729358674952699,0.0008759999999999999
igbt_datasheet_upper,igbt,external_datasheet,35478.0,4.05,0.9964584860063915,0.0035415139936084508,9.964584860063915e-08,1e-07,0.0008728976337415989,0.0008759999999999999
igbt_datasheet_upper,igbt,external_datasheet,35916.00000000001,4.1000000000000005,0.9964148420805135,0.0035851579194865774,9.964148420805134e-08,1e-07,0.0008728594016625298,0.0008759999999999999
igbt_datasheet_upper,igbt,external_datasheet,36354.0,4.15,0.9963712000661974,0.0036287999338026128,9.963712000661974e-08,1e-07,0.0008728211712579889,0.0008759999999999999
igbt_datasheet_upper,igbt,external_datasheet,36792.0,4.2,0.9963275599633598,0.0036724400366402827,9.963275599633596e-08,1e-07,0.0008727829425279031,0.0008759999999999999
igbt_datasheet_upper,igbt,external_datasheet,37230.0,4.25,0.9962839217719167,0.003716078228083309,9.962839217719167e-08,1e-07,0.000872744715472199,0.0008759999999999999
igbt_datasheet_upper,igbt,external_datasheet,37668.0,4.3,0.9962402854917846,0.003759714508215408,9.962402854917845e-08,1e-07,0.0008727064900908032,0.0008759999999999999
igbt_datasheet_upper,igbt,external_datasheet,38106.00000000001,4.3500000000000005,0.9961966511228797,0.0038033488771202937,9.961966511228796e-08,1e-07,0.0008726682663836425,0.0008759999999999999
igbt_datasheet_upper,igbt,external_datasheet,38544.0,4.4,0.9961530186651183,0.003846981334881675,9.961530186651182e-08,1e-07,0.0008726300443506436,0.0008759999999999999
igbt_datasheet_upper,igbt,external_datasheet,38982.0,4.45,0.9961093881184168,0.003890611881583259,9.961093881184167e-08,1e-07,0.0008725918239917331,0.0008759999999999999
igbt_datasheet_upper,igbt,external_datasheet,39420.0,4.5,0.9960657594826913,0.003934240517308749,9.960657594826913e-08,1e-07,0.0008725536053068375,0.0008759999999999999
igbt_datasheet_upper,igbt,external_datasheet,39858.0,4.55,0.9960221327578581,0.003977867242141842,9.96022132757858e-08,1e-07,0.0008725153882958837,0.0008759999999999999
igbt_datasheet_upper,igbt,external_datasheet,40296.00000000001,4.6000000000000005,0.9959785079438338,0.0040214920561662355,9.959785079438338e-08,1e-07,0.0008724771729587984,0.0008759999999999999
igbt_datasheet_upper,igbt,external_datasheet,40734.0,4.65,0.9959348850405344,0.004065114959465618,9.959348850405343e-08,1e-07,0.0008724389592955081,0.0008759999999999999
igbt_datasheet_upper,igbt,external_datasheet,41172.0,4.7,0.9958912640478763,0.004108735952123681,9.958912640478762e-08,1e-07,0.0008724007473059395,0.0008759999999999999
igbt_datasheet_upper,igbt,external_datasheet,41610.0,4.75,0.9958476449657759,0.004152355034224106,9.958476449657758e-08,1e-07,0.0008723625369900196,0.0008759999999999999
igbt_datasheet_upper,igbt,external_datasheet,42048.00000000001,4.800000000000001,0.9958040277941494,0.004195972205850577,9.958040277941494e-08,1e-07,0.0008723243283476748,0.0008759999999999999
igbt_datasheet_upper,igbt,external_datasheet,42486.00000000001,4.8500000000000005,0.9957604125329133,0.004239587467086766,9.957604125329133e-08,1e-07,0.000872286121378832,0.0008759999999999999
igbt_datasheet_upper,igbt,external_datasheet,42924.0,4.9,0.9957167991819836,0.00428320081801635,9.957167991819835e-08,1e-07,0.0008722479160834176,0.0008759999999999999
igbt_datasheet_upper,igbt,external_datasheet,43362.0,4.95,0.995673187741277,0.004326812258722997,9.956731877412769e-08,1e-07,0.0008722097124613586,0.0008759999999999999
igbt_datasheet_upper,igbt,external_datasheet,43800.0,5.0,0.9956295782107096,0.004370421789290374,9.956295782107096e-08,1e-07,0.0008721715105125816,0.0008759999999999999
igbt_datasheet_upper,igbt,external_datasheet,44238.00000000001,5.050000000000001,0.9955859705901978,0.004414029409802143,9.955859705901978e-08,1e-07,0.0008721333102370133,0.0008759999999999999
igbt_datasheet_upper,igbt,external_datasheet,44676.00000000001,5.1000000000000005,0.9955423648796581,0.004457635120341961,9.955423648796581e-08,1e-07,0.0008720951116345805,0.0008759999999999999
igbt_datasheet_upper,igbt,external_datasheet,45114.0,5.15,0.9954987610790065,0.004501238920993484,9.954987610790064e-08,1e-07,0.0008720569147052096,0.0008759999999999999
igbt_datasheet_upper,igbt,external_datasheet,45552.0,5.2,0.9954551591881596,0.0045448408118403645,9.954551591881596e-08,1e-07,0.0008720187194488278,0.0008759999999999999
igbt_datasheet_upper,igbt,external_datasheet,45990.0,5.25,0.9954115592070337,0.004588440792966249,9.954115592070337e-08,1e-07,0.0008719805258653615,0.0008759999999999999
igbt_datasheet_upper,igbt,external_datasheet,46428.00000000001,5.300000000000001,0.9953679611355453,0.004632038864454782,9.953679611355452e-08,1e-07,0.0008719423339547376,0.0008759999999999999
igbt_datasheet_upper,igbt,external_datasheet,46866.00000000001,5.3500000000000005,0.9953243649736104,0.004675635026389603,9.953243649736105e-08,1e-07,0.0008719041437168827,0.0008759999999999999
igbt_datasheet_upper,igbt,external_datasheet,47304.0,5.4,0.9952807707211456,0.004719229278854348,9.952807707211456e-08,1e-07,0.0008718659551517235,0.0008759999999999999
igbt_datasheet_upper,igbt,external_datasheet,47742.0,5.45,0.9952371783780674,0.004762821621932652,9.952371783780674e-08,1e-07,0.000871827768259187,0.0008759999999999999
igbt_datasheet_upper,igbt,external_datasheet,48180.0,5.5,0.9951935879442918,0.004806412055708142,9.951935879442918e-08,1e-07,0.0008717895830391996,0.0008759999999999999
igbt_datasheet_upper,igbt,external_datasheet,48618.00000000001,5.550000000000001,0.9951499994197356,0.004850000580264447,9.951499994197356e-08,1e-07,0.0008717513994916884,0.0008759999999999999
igbt_datasheet_upper,igbt,external_datasheet,49056.00000000001,5.6000000000000005,0.9951064128043148,0.0048935871956851855,9.951064128043148e-08,1e-07,0.0008717132176165798,0.0008759999999999999
igbt_datasheet_upper,igbt,external_datasheet,49494.0,5.65,0.995062828097946,0.004937171902053976,9.95062828097946e-08,1e-07,0.0008716750374138006,0.0008759999999999999
igbt_datasheet_upper,igbt,external_datasheet,49932.0,5.7,0.9950192453005455,0.004980754699454436,9.950192453005455e-08,1e-07,0.0008716368588832778,0.0008759999999999999
igbt_datasheet_upper,igbt,external_datasheet,50370.0,5.75,0.9949756644120298,0.005024335587970174,9.949756644120297e-08,1e-07,0.000871598682024938,0.0008759999999999999
igbt_datasheet_upper,igbt,external_datasheet,50808.00000000001,5.800000000000001,0.9949320854323151,0.005067914567684799,9.949320854323151e-08,1e-07,0.000871560506838708,0.0008759999999999999
igbt_datasheet_upper,igbt,external_datasheet,51246.00000000001,5.8500000000000005,0.994888508361318,0.005111491638681913,9.94888508361318e-08,1e-07,0.0008715223333245146,0.0008759999999999999
igbt_datasheet_upper,igbt,external_datasheet,51684.0,5.9,0.9948449331989548,0.0051550668010451155,9.948449331989547e-08,1e-07,0.0008714841614822843,0.0008759999999999999
igbt_datasheet_upper,igbt,external_datasheet,52122.0,5.95,0.994801359945142,0.005198640054858005,9.94801359945142e-08,1e-07,0.0008714459913119444,0.0008759999999999999
igbt_datasheet_upper,igbt,external_datasheet,52560.0,6.0,0.9947577885997958,0.005242211400204173,9.947577885997958e-08,1e-07,0.0008714078228134212,0.0008759999999999999
igbt_datasheet_upper,igbt,external_datasheet,52998.00000000001,6.050000000000001,0.9947142191628328,0.00528578083716721,9.947142191628327e-08,1e-07,0.0008713696559866415,0.0008759999999999999
igbt_datasheet_upper,igbt,external_datasheet,53436.00000000001,6.1000000000000005,0.9946706516341693,0.005329348365830699,9.946706516341693e-08,1e-07,0.0008713314908315322,0.0008759999999999999
igbt_datasheet_upper,igbt,external_datasheet,53874.0,6.15,0.9946270860137217,0.005372913986278222,9.946270860137217e-08,1e-07,0.0008712933273480202,0.0008759999999999999
igbt_datasheet_upper,igbt,external_datasheet,54312.0,6.2,0.9945835223014067,0.00541647769859336,9.945835223014066e-08,1e-07,0.0008712551655360322,0.0008759999999999999
igbt_datasheet_upper,igbt,external_datasheet,54750.0,6.25,0.9945399604971403,0.0054600395028596834,9.945399604971403e-08,1e-07,0.0008712170053954949,0.0008759999999999999
igbt_datasheet_upper,igbt,external_datasheet,55188.00000000001,6.300000000000001,0.9944964006008392,0.005503599399160767,9.944964006008392e-08,1e-07,0.0008711788469263352,0.0008759999999999999
igbt_datasheet_upper,igbt,external_datasheet,55626.00000000001,6.3500000000000005,0.9944528426124198,0.005547157387580173,9.944528426124198e-08,1e-07,0.0008711406901284797,0.0008759999999999999
igbt_datasheet_upper,igbt,external_datasheet,56064.0,6.4,0.9944092865317985,0.005590713468201468,9.944092865317985e-08,1e-07,0.0008711025350018554,0.0008759999999999999
igbt_datasheet_upper,igbt,external_datasheet,56502.0,6.45,0.9943657323588918,0.00563426764110821,9.943657323588918e-08,1e-07,0.0008710643815463892,0.0008759999999999999
igbt_datasheet_upper,igbt,external_datasheet,56940.0,6.5,0.9943221800936161,0.005677819906383957,9.94322180093616e-08,1e-07,0.0008710262297620076,0.0008759999999999999
igbt_datasheet_upper,igbt,external_datasheet,57378.00000000001,6.550000000000001,0.9942786297358878,0.0057213702641122615,9.942786297358877e-08,1e-07,0.0008709880796486377,0.0008759999999999999
igbt_datasheet_upper,igbt,external_datasheet,57816.00000000001,6.6000000000000005,0.9942350812856233,0.005764918714376671,9.942350812856232e-08,1e-07,0.000870949931206206,0.0008759999999999999
igbt_datasheet_upper,igbt,external_datasheet,58254.0,6.65,0.9941915347427392,0.00580846525726073,9.941915347427391e-08,1e-07,0.0008709117844346395,0.0008759999999999999
igbt_datasheet_upper,igbt,external_datasheet,58692.0,6.7,0.994147990107152,0.0058520098928479805,9.94147990107152e-08,1e-07,0.0008708736393338651,0.0008759999999999999
igbt_datasheet_upper,igbt,external_datasheet,59130.0,6.75,0.994104447378778,0.005895552621221961,9.94104447378778e-08,1e-07,0.0008708354959038095,0.0008759999999999999
igbt_datasheet_upper,igbt,external_datasheet,59568.00000000001,6.800000000000001,0.9940609065575338,0.005939093442466206,9.940609065575337e-08,1e-07,0.0008707973541443994,0.0008759999999999999
igbt_datasheet_upper,igbt,external_datasheet,60006.00000000001,6.8500000000000005,0.9940173676433357,0.005982632356664244,9.940173676433356e-08,1e-07,0.000870759214055562,0.0008759999999999999
igbt_datasheet_upper,igbt,external_datasheet,60444.0,6.9,0.9939738306361003,0.006026169363899604,9.939738306361003e-08,1e-07,0.0008707210756372239,0.0008759999999999999
igbt_datasheet_upper,igbt,external_datasheet,60882.0,6.95,0.9939302955357442,0.006069704464255807,9.939302955357442e-08,1e-07,0.0008706829388893119,0.0008759999999999999
igbt_datasheet_upper,igbt,external_datasheet,61320.0,7.0,0.9938867623421836,0.006113237657816374,9.938867623421835e-08,1e-07,0.0008706448038117528,0.0008759999999999999
igbt_datasheet_upper,igbt,external_datasheet,61758.00000000001,7.050000000000001,0.9938432310553351,0.006156768944664821,9.938432310553351e-08,1e-07,0.0008706066704044735,0.0008759999999999999
igbt_datasheet_upper,igbt,external_datasheet,62196.00000000001,7.1000000000000005,0.9937997016751153,0.006200298324884659,9.937997016751153e-08,1e-07,0.000870568538667401,0.0008759999999999999
igbt_datasheet_upper,igbt,external_datasheet,62634.0,7.15,0.9937561742014406,0.006243825798559396,9.937561742014405e-08,1e-07,0.000870530408600462,0.0008759999999999999
igbt_datasheet_upper,igbt,external_datasheet,63072.0,7.2,0.9937126486342275,0.006287351365772539,9.937126486342275e-08,1e-07,0.0008704922802035833,0.0008759999999999999
igbt_datasheet_upper,igbt,external_datasheet,63510.0,7.25,0.9936691249733924,0.006330875026607587,9.936691249733924e-08,1e-07,0.0008704541534766917,0.0008759999999999999
igbt_datasheet_upper,igbt,external_datasheet,63948.00000000001,7.300000000000001,0.993625603218852,0.00637439678114804,9.936256032188519e-08,1e-07,0.0008704160284197143,0.0008759999999999999
igbt_datasheet_upper,igbt,external_datasheet,64386.00000000001,7.3500000000000005,0.9935820833705226,0.0064179166294773896,9.935820833705225e-08,1e-07,0.0008703779050325777,0.0008759999999999999
igbt_datasheet_upper,igbt,external_datasheet,64824.0,7.4,0.9935385654283209,0.006461434571679126,9.935385654283209e-08,1e-07,0.0008703397833152091,0.0008759999999999999
igbt_datasheet_upper,igbt,external_datasheet,65262.0,7.45,0.9934950493921633,0.006504950607836738,9.934950493921632e-08,1e-07,0.000870301663267535,0.0008759999999999999
igbt_datasheet_upper,igbt,external_datasheet,65700.0,7.5,0.9934515352619663,0.006548464738033707,9.934515352619662e-08,1e-07,0.0008702635448894824,0.0008759999999999999
igbt_datasheet_upper,igbt,external_datasheet,66138.0,7.550000000000001,0.9934080230376465,0.006591976962353512,9.934080230376465e-08,1e-07,0.0008702254281809783,0.0008759999999999999
igbt_datasheet_upper,igbt,external_datasheet,66576.0,7.6000000000000005,0.9933645127191204,0.00663548728087963,9.933645127191203e-08,1e-07,0.0008701873131419495,0.0008759999999999999
igbt_datasheet_upper,igbt,external_datasheet,67014.0,7.65,0.9933210043063044,0.006678995693695531,9.933210043063044e-08,1e-07,0.0008701491997723227,0.0008759999999999999
igbt_datasheet_upper,igbt,external_datasheet,67452.0,7.7,0.9932774977991153,0.006722502200884685,9.932774977991153e-08,1e-07,0.0008701110880720251,0.0008759999999999999
igbt_datasheet_upper,igbt,external_datasheet,67890.0,7.75,0.9932339931974694,0.006766006802530555,9.932339931974693e-08,1e-07,0.0008700729780409831,0.0008759999999999999
igbt_datasheet_upper,igbt,external_datasheet,68328.0,7.800000000000001,0.9931904905012834,0.006809509498716603,9.931904905012833e-08,1e-07,0.0008700348696791242,0.0008759999999999999
igbt_datasheet_upper,igbt,external_datasheet,68766.0,7.8500000000000005,0.9931469897104737,0.006853010289526285,9.931469897104736e-08,1e-07,0.0008699967629863749,0.0008759999999999999
igbt_datasheet_upper,igbt,external_datasheet,69204.0,7.9,0.993103490824957,0.006896509175043057,9.931034908249569e-08,1e-07,0.0008699586579626622,0.0008759999999999999
igbt_datasheet_upper,igbt,external_datasheet,69642.0,7.95,0.9930599938446496,0.006940006155350367,9.930599938446496e-08,1e-07,0.000869920554607913,0.0008759999999999999
igbt_datasheet_upper,igbt,external_datasheet,70080.0,8.0,0.9930164987694683,0.006983501230531663,9.930164987694682e-08,1e-07,0.0008698824529220542,0.0008759999999999999
igbt_datasheet_upper,igbt,external_datasheet,70518.0,8.05,0.9929730055993296,0.007026994400670387,9.929730055993295e-08,1e-07,0.0008698443529050127,0.0008759999999999999
igbt_datasheet_upper,igbt,external_datasheet,70956.0,8.1,0.99292951433415,0.007070485665849977,9.9292951433415e-08,1e-07,0.0008698062545567154,0.0008759999999999999
igbt_datasheet_upper,igbt,external_datasheet,71394.0,8.15,0.9928860249738461,0.00711397502615387,9.928860249738461e-08,1e-07,0.0008697681578770892,0.0008759999999999999
igbt_datasheet_upper,igbt,external_datasheet,71832.00000000001,8.200000000000001,0.9928425375183345,0.007157462481665497,9.928425375183344e-08,1e-07,0.000869730062866061,0.0008759999999999999
igbt_datasheet_upper,igbt,external_datasheet,72270.0,8.25,0.9927990519675317,0.0072009480324682846,9.927990519675317e-08,1e-07,0.0008696919695235577,0.0008759999999999999
igbt_datasheet_upper,igbt,external_datasheet,72708.0,8.3,0.9927555683213544,0.00724443167864566,9.927555683213544e-08,1e-07,0.0008696538778495064,0.0008759999999999999
igbt_datasheet_upper,igbt,external_datasheet,73146.0,8.35,0.992712086579719,0.007287913420281042,9.92712086579719e-08,1e-07,0.0008696157878438338,0.0008759999999999999
igbt_datasheet_upper,igbt,external_datasheet,73584.0,8.4,0.9926686067425421,0.007331393257457847,9.926686067425421e-08,1e-07,0.0008695776995064668,0.0008759999999999999
igbt_datasheet_upper,igbt,external_datasheet,74022.00000000001,8.450000000000001,0.9926251288097405,0.007374871190259493,9.926251288097404e-08,1e-07,0.0008695396128373326,0.0008759999999999999
igbt_datasheet_upper,igbt,external_datasheet,74460.0,8.5,0.9925816527812306,0.007418347218769383,9.925816527812305e-08,1e-07,0.0008695015278363579,0.0008759999999999999
igbt_datasheet_upper,igbt,external_datasheet,74898.0,8.55,0.9925381786569291,0.007461821343070929,9.92538178656929e-08,1e-07,0.0008694634445034698,0.0008759999999999999
igbt_datasheet_upper,igbt,external_datasheet,75336.0,8.6,0.9924947064367524,0.007505293563247531,9.924947064367524e-08,1e-07,0.0008694253628385951,0.0008759999999999999
igbt_datasheet_upper,igbt,external_datasheet,75774.0,8.65,0.9924512361206174,0.007548763879382588,9.924512361206173e-08,1e-07,0.0008693872828416608,0.0008759999999999999
igbt_datasheet_upper,igbt,external_datasheet,76212.00000000001,8.700000000000001,0.9924077677084405,0.007592232291559495,9.924077677084404e-08,1e-07,0.0008693492045125939,0.0008759999999999999
igbt_datasheet_upper,igbt,external_datasheet,76650.0,8.75,0.9923643012001383,0.007635698799861644,9.923643012001382e-08,1e-07,0.0008693111278513211,0.0008759999999999999
igbt_datasheet_upper,igbt,external_datasheet,77088.0,8.8,0.9923208365956275,0.007679163404372423,9.923208365956275e-08,1e-07,0.0008692730528577698,0.0008759999999999999
igbt_datasheet_upper,igbt,external_datasheet,77526.0,8.85,0.9922773738948247,0.007722626105175214,9.922773738948247e-08,1e-07,0.0008692349795318664,0.0008759999999999999
igbt_datasheet_upper,igbt,external_datasheet,77964.0,8.9,0.9922339130976466,0.007766086902353401,9.922339130976466e-08,1e-07,0.0008691969078735384,0.0008759999999999999
igbt_datasheet_upper,igbt,external_datasheet,78402.00000000001,8.950000000000001,0.9921904542040096,0.007809545795990361,9.921904542040096e-08,1e-07,0.0008691588378827124,0.0008759999999999999
igbt_datasheet_upper,igbt,external_datasheet,78840.0,9.0,0.9921469972138305,0.007853002786169464,9.921469972138305e-08,1e-07,0.0008691207695593155,0.0008759999999999999
igbt_datasheet_upper,igbt,external_datasheet,79278.0,9.05,0.9921035421270259,0.007896457872974081,9.921035421270259e-08,1e-07,0.0008690827029032746,0.0008759999999999999
igbt_datasheet_upper,igbt,external_datasheet,79716.0,9.1,0.9920600889435124,0.007939911056487578,9.920600889435124e-08,1e-07,0.0008690446379145168,0.0008759999999999999
igbt_datasheet_upper,igbt,external_datasheet,80154.0,9.15,0.9920166376632067,0.007983362336793318,9.920166376632066e-08,1e-07,0.000869006574592969,0.0008759999999999999
igbt_datasheet_upper,igbt,external_datasheet,80592.00000000001,9.200000000000001,0.9919731882860253,0.008026811713974662,9.919731882860253e-08,1e-07,0.0008689685129385582,0.0008759999999999999
igbt_datasheet_upper,igbt,external_datasheet,81030.0,9.25,0.991929740811885,0.00807025918811496,9.91929740811885e-08,1e-07,0.0008689304529512112,0.0008759999999999999
igbt_datasheet_upper,igbt,external_datasheet,81468.0,9.3,0.9918862952407024,0.008113704759297565,9.918862952407024e-08,1e-07,0.0008688923946308552,0.0008759999999999999
igbt_datasheet_upper,igbt,external_datasheet,81906.0,9.35,0.9918428515723942,0.008157148427605827,9.918428515723941e-08,1e-07,0.0008688543379774173,0.0008759999999999999
igbt_datasheet_upper,igbt,external_datasheet,82344.0,9.4,0.9917994098068769,0.008200590193123088,9.917994098068768e-08,1e-07,0.000868816282990824,0.0008759999999999999
igbt_datasheet_upper,igbt,external_datasheet,82782.00000000001,9.450000000000001,0.9917559699440673,0.00824403005593269,9.917559699440673e-08,1e-07,0.000868778229671003,0.0008759999999999999
igbt_datasheet_upper,igbt,external_datasheet,83220.0,9.5,0.991712531983882,0.008287468016117967,9.917125319838819e-08,1e-07,0.0008687401780178806,0.0008759999999999999
igbt_datasheet_upper,igbt,external_datasheet,83658.0,9.55,0.9916690959262378,0.008330904073762255,9.916690959262377e-08,1e-07,0.0008687021280313843,0.0008759999999999999
igbt_datasheet_upper,igbt,external_datasheet,84096.00000000001,9.600000000000001,0.9916256617710512,0.008374338228948883,9.916256617710511e-08,1e-07,0.0008686640797114408,0.0008759999999999999
igbt_datasheet_upper,igbt,external_datasheet,84534.0,9.65,0.9915822295182388,0.008417770481761172,9.915822295182387e-08,1e-07,0.0008686260330579771,0.0008759999999999999
igbt_datasheet_upper,igbt,external_datasheet,84972.00000000001,9.700000000000001,0.9915387991677176,0.008461200832282455,9.915387991677175e-08,1e-07,0.0008685879880709205,0.0008759999999999999
igbt_datasheet_upper,igbt,external_datasheet,85410.0,9.75,0.991495370719404,0.008504629280596037,9.914953707194039e-08,1e-07,0.0008685499447501978,0.0008759999999999999
igbt_datasheet_upper,igbt,external_datasheet,85848.0,9.8,0.9914519441732147,0.008548055826785243,9.914519441732147e-08,1e-07,0.0008685119030957361,0.0008759999999999999
igbt_datasheet_upper,igbt,external_datasheet,86286.00000000001,9.850000000000001,0.9914085195290666,0.008591480470933383,9.914085195290666e-08,1e-07,0.0008684738631074623,0.0008759999999999999
igbt_datasheet_upper,igbt,external_datasheet,86724.0,9.9,0.9913650967868762,0.00863490321312376,9.913650967868761e-08,1e-07,0.0008684358247853035,0.0008759999999999999
igbt_datasheet_upper,igbt,external_datasheet,87162.00000000001,9.950000000000001,0.9913216759465603,0.00867832405343968,9.913216759465603e-08,1e-07,0.0008683977881291868,0.0008759999999999999
igbt_datasheet_upper,igbt,external_datasheet,87600.0,10.0,0.9912782570080355,0.008721742991964444,9.912782570080355e-08,1e-07,0.0008683597531390391,0.0008759999999999999
igbt_datasheet_upper,igbt,external_datasheet,88038.0,10.05,0.9912348399712186,0.008765160028781346,9.912348399712186e-08,1e-07,0.0008683217198147876,0.0008759999999999999
igbt_datasheet_upper,igbt,external_datasheet,88476.00000000001,10.100000000000001,0.9911914248360263,0.008808575163973686,9.911914248360262e-08,1e-07,0.000868283688156359,0.0008759999999999999
igbt_datasheet_upper,igbt,external_datasheet,88914.0,10.15,0.9911480116023752,0.008851988397624745,9.911480116023751e-08,1e-07,0.0008682456581636806,0.0008759999999999999
igbt_datasheet_upper,igbt,external_datasheet,89352.00000000001,10.200000000000001,0.9911046002701822,0.008895399729817816,9.911046002701821e-08,1e-07,0.0008682076298366795,0.0008759999999999999
igbt_datasheet_upper,igbt,external_datasheet,89790.0,10.25,0.9910611908393638,0.008938809160636173,9.910611908393638e-08,1e-07,0.0008681696031752827,0.0008759999999999999
igbt_datasheet_upper,igbt,external_datasheet,90228.0,10.3,0.9910177833098369,0.008982216690163101,9.910177833098368e-08,1e-07,0.0008681315781794171,0.0008759999999999999
igbt_datasheet_upper,igbt,external_datasheet,90666.00000000001,10.350000000000001,0.9909743776815181,0.009025622318481875,9.90974377681518e-08,1e-07,0.0008680935548490097,0.0008759999999999999
igbt_datasheet_upper,igbt,external_datasheet,91104.0,10.4,0.9909309739543243,0.00906902604567576,9.909309739543243e-08,1e-07,0.0008680555331839881,0.0008759999999999999
igbt_datasheet_upper,igbt,external_datasheet,91542.00000000001,10.450000000000001,0.9908875721281719,0.00911242787182803,9.908875721281719e-08,1e-07,0.0008680175131842786,0.0008759999999999999
igbt_datasheet_upper,igbt,external_datasheet,91980.0,10.5,0.990844172202978,0.009155827797021942,9.90844172202978e-08,1e-07,0.0008679794948498088,0.0008759999999999999
igbt_datasheet_upper,igbt,external_datasheet,92418.0,10.55,0.9908007741786592,0.009199225821340761,9.908007741786592e-08,1e-07,0.0008679414781805054,0.0008759999999999999
igbt_datasheet_upper,igbt,external_datasheet,92856.00000000001,10.600000000000001,0.9907573780551322,0.009242621944867744,9.907573780551321e-08,1e-07,0.0008679034631762958,0.0008759999999999999
igbt_datasheet_upper,igbt,external_datasheet,93294.0,10.65,0.9907139838323138,0.00928601616768614,9.907139838323138e-08,1e-07,0.0008678654498371069,0.0008759999999999999
igbt_datasheet_upper,igbt,external_datasheet,93732.00000000001,10.700000000000001,0.9906705915101208,0.009329408489879204,9.906705915101208e-08,1e-07,0.0008678274381628657,0.0008759999999999999
igbt_datasheet_upper,igbt,external_datasheet,94170.0,10.75,0.9906272010884698,0.009372798911530176,9.906272010884697e-08,1e-07,0.0008677894281534995,0.0008759999999999999
igbt_datasheet_upper,igbt,external_datasheet,94608.0,10.8,0.9905838125672777,0.0094161874327223,9.905838125672776e-08,1e-07,0.0008677514198089352,0.0008759999999999999
igbt_datasheet_upper,igbt,external_datasheet,95046.00000000001,10.850000000000001,0.9905404259464612,0.009459574053538814,9.905404259464611e-08,1e-07,0.0008677134131290999,0.0008759999999999999
igbt_datasheet_upper,igbt,external_datasheet,95484.0,10.9,0.9904970412259371,0.009502958774062955,9.90497041225937e-08,1e-07,0.0008676754081139208,0.0008759999999999999
igbt_datasheet_upper,igbt,external_datasheet,95922.00000000001,10.950000000000001,0.990453658405622,0.00954634159437795,9.90453658405622e-08,1e-07,0.0008676374047633248,0.0008759999999999999
igbt_datasheet_upper,igbt,external_datasheet,96360.0,11.0,0.990410277485433,0.009589722514567028,9.904102774854329e-08,1e-07,0.0008675994030772393,0.0008759999999999999
igbt_datasheet_upper,igbt,external_datasheet,96798.0,11.05,0.9903668984652866,0.009633101534713412,9.903668984652866e-08,1e-07,0.0008675614030555911,0.0008759999999999999
igbt_datasheet_upper,igbt,external_datasheet,97236.00000000001,11.100000000000001,0.9903235213450997,0.009676478654900327,9.903235213450997e-08,1e-07,0.0008675234046983073,0.0008759999999999999
igbt_datasheet_upper,igbt,external_datasheet,97674.0,11.15,0.990280146124789,0.009719853875210982,9.90280146124789e-08,1e-07,0.0008674854080053152,0.0008759999999999999
igbt_datasheet_upper,igbt,external_datasheet,98112.00000000001,11.200000000000001,0.9902367728042714,0.009763227195728596,9.902367728042713e-08,1e-07,0.0008674474129765417,0.0008759999999999999
igbt_datasheet_upper,igbt,external_datasheet,98550.0,11.25,0.9901934013834637,0.009806598616536372,9.901934013834637e-08,1e-07,0.0008674094196119142,0.0008759999999999999
igbt_datasheet_upper,igbt,external_datasheet,98988.0,11.3,0.9901500318622825,0.00984996813771752,9.901500318622824e-08,1e-07,0.0008673714279113594,0.0008759999999999999
igbt_datasheet_upper,igbt,external_datasheet,99426.00000000001,11.350000000000001,0.9901066642406448,0.009893335759355243,9.901066642406447e-08,1e-07,0.0008673334378748047,0.0008759999999999999
igbt_datasheet_upper,igbt,external_datasheet,99864.0,11.4,0.9900632985184673,0.009936701481532733,9.900632985184672e-08,1e-07,0.0008672954495021773,0.0008759999999999999
igbt_datasheet_upper,igbt,external_datasheet,100302.00000000001,11.450000000000001,0.9900199346956667,0.009980065304333192,9.900199346956667e-08,1e-07,0.000867257462793404,0.0008759999999999999
igbt_datasheet_upper,igbt,external_datasheet,100740.0,11.5,0.9899765727721602,0.010023427227839804,9.899765727721601e-08,1e-07,0.0008672194777484122,0.0008759999999999999
igbt_datasheet_upper,igbt,external_datasheet,101178.0,11.55,0.9899332127478643,0.01006678725213576,9.899332127478643e-08,1e-07,0.0008671814943671291,0.0008759999999999999
igbt_datasheet_upper,igbt,external_datasheet,101616.00000000001,11.600000000000001,0.9898898546226957,0.010110145377304246,9.898898546226957e-08,1e-07,0.0008671435126494814,0.0008759999999999999
igbt_datasheet_upper,igbt,external_datasheet,102054.0,11.65,0.9898464983965716,0.010153501603428434,9.898464983965715e-08,1e-07,0.0008671055325953967,0.0008759999999999999
igbt_datasheet_upper,igbt,external_datasheet,102492.00000000001,11.700000000000001,0.9898031440694085,0.010196855930591511,9.898031440694085e-08,1e-07,0.0008670675542048019,0.0008759999999999999
igbt_datasheet_upper,igbt,external_datasheet,102930.0,11.75,0.9897597916411234,0.010240208358876639,9.897597916411233e-08,1e-07,0.000867029577477624,0.0008759999999999999
igbt_datasheet_upper,igbt,external_datasheet,103368.0,11.8,0.989716441111633,0.010283558888366994,9.89716441111633e-08,1e-07,0.0008669916024137904,0.0008759999999999999
igbt_datasheet_upper,igbt,external_datasheet,103806.00000000001,11.850000000000001,0.9896730924808542,0.01032690751914574,9.896730924808541e-08,1e-07,0.0008669536290132282,0.0008759999999999999
igbt_datasheet_upper,igbt,external_datasheet,104244.0,11.9,0.989629745748704,0.010370254251296037,9.896297457487039e-08,1e-07,0.0008669156572758646,0.0008759999999999999
igbt_datasheet_upper,igbt,external_datasheet,104682.00000000001,11.950000000000001,0.989586400915099,0.010413599084901045,9.895864009150989e-08,1e-07,0.0008668776872016266,0.0008759999999999999
igbt_datasheet_upper,igbt,external_datasheet,105120.0,12.0,0.9895430579799561,0.010456942020043915,9.895430579799561e-08,1e-07,0.0008668397187904416,0.0008759999999999999
igbt_datasheet_upper,igbt,external_datasheet,105558.0,12.05,0.9894997169431922,0.010500283056807804,9.894997169431922e-08,1e-07,0.0008668017520422364,0.0008759999999999999
igbt_datasheet_upper,igbt,external_datasheet,105996.00000000001,12.100000000000001,0.9894563778047242,0.010543622195275855,9.894563778047241e-08,1e-07,0.0008667637869569383,0.0008759999999999999
igbt_datasheet_upper,igbt,external_datasheet,106434.0,12.15,0.9894130405644688,0.010586959435531212,9.894130405644687e-08,1e-07,0.0008667258235344746,0.0008759999999999999
igbt_datasheet_upper,igbt,external_datasheet,106872.00000000001,12.200000000000001,0.989369705222343,0.010630294777657017,9.89369705222343e-08,1e-07,0.0008666878617747725,0.0008759999999999999
igbt_datasheet_upper,igbt,external_datasheet,107310.0,12.25,0.9893263717782635,0.010673628221736401,9.893263717782635e-08,1e-07,0.0008666499016777588,0.0008759999999999999
igbt_datasheet_upper,igbt,external_datasheet,107748.0,12.3,0.9892830402321475,0.0107169597678525,9.892830402321475e-08,1e-07,0.0008666119432433612,0.0008759999999999999
igbt_datasheet_upper,igbt,external_datasheet,108186.00000000001,12.350000000000001,0.9892397105839116,0.010760289416088448,9.892397105839115e-08,1e-07,0.0008665739864715065,0.0008759999999999999
igbt_datasheet_upper,igbt,external_datasheet,108624.0,12.4,0.9891963828334727,0.01080361716652736,9.891963828334726e-08,1e-07,0.000866536031362122,0.0008759999999999999
igbt_datasheet_upper,igbt,external_datasheet,109062.00000000001,12.450000000000001,0.9891530569807476,0.010846943019252367,9.891530569807476e-08,1e-07,0.0008664980779151349,0.0008759999999999999
igbt_datasheet_upper,igbt,external_datasheet,109500.0,12.5,0.9891097330256534,0.010890266974346578,9.891097330256534e-08,1e-07,0.0008664601261304724,0.0008759999999999999
igbt_datasheet_upper,igbt,external_datasheet,109938.0,12.55,0.9890664109681069,0.010933589031893117,9.890664109681069e-08,1e-07,0.0008664221760080616,0.0008759999999999999
igbt_datasheet_upper,igbt,external_datasheet,110376.00000000001,12.600000000000001,0.9890230908080249,0.01097690919197509,9.890230908080249e-08,1e-07,0.0008663842275478297,0.0008759999999999999
igbt_datasheet_upper,igbt,external_datasheet,110814.0,12.65,0.9889797725453244,0.011020227454675601,9.889797725453243e-08,1e-07,0.0008663462807497041,0.0008759999999999999
igbt_datasheet_upper,igbt,external_datasheet,111252.00000000001,12.700000000000001,0.9889364561799222,0.011063543820077761,9.889364561799222e-08,1e-07,0.0008663083356136118,0.0008759999999999999
igbt_datasheet_upper,igbt,external_datasheet,111690.0,12.75,0.9888931417117354,0.011106858288264661,9.888931417117353e-08,1e-07,0.0008662703921394801,0.0008759999999999999
igbt_datasheet_upper,igbt,external_datasheet,112128.0,12.8,0.9888498291406805,0.011150170859319405,9.888498291406805e-08,1e-07,0.0008662324503272361,0.0008759999999999999
igbt_datasheet_upper,igbt,external_datasheet,112566.00000000001,12.850000000000001,0.9888065184666749,0.011193481533325082,9.888065184666748e-08,1e-07,0.0008661945101768071,0.0008759999999999999
igbt_datasheet_upper,igbt,external_datasheet,113004.0,12.9,0.9887632096896353,0.01123679031036478,9.887632096896353e-08,1e-07,0.0008661565716881205,0.0008759999999999999
igbt_datasheet_upper,igbt,external_datasheet,113442.00000000001,12.950000000000001,0.9887199028094784,0.01128009719052159,9.887199028094784e-08,1e-07,0.0008661186348611031,0.0008759999999999999
igbt_datasheet_upper,igbt,external_datasheet,113880.0,13.0,0.9886765978261214,0.011323402173878585,9.886765978261214e-08,1e-07,0.0008660806996956823,0.0008759999999999999
igbt_datasheet_upper,igbt,external_datasheet,114318.0,13.05,0.9886332947394811,0.011366705260518847,9.88633294739481e-08,1e-07,0.0008660427661917854,0.0008759999999999999
igbt_datasheet_upper,igbt,external_datasheet,114756.00000000001,13.100000000000001,0.9885899935494745,0.011410006450525456,9.885899935494744e-08,1e-07,0.0008660048343493396,0.0008759999999999999
igbt_datasheet_upper,igbt,external_datasheet,115194.0,13.15,0.9885466942560185,0.011453305743981472,9.885466942560184e-08,1e-07,0.0008659669041682721,0.0008759999999999999
igbt_datasheet_upper,igbt,external_datasheet,115632.00000000001,13.200000000000001,0.98850339685903,0.011496603140969971,9.8850339685903e-08,1e-07,0.0008659289756485102,0.0008759999999999999
igbt_datasheet_upper,igbt,external_datasheet,116070.0,13.25,0.988460101358426,0.01153989864157401,9.88460101358426e-08,1e-07,0.0008658910487899812,0.0008759999999999999
igbt_datasheet_upper,igbt,external_datasheet,116508.0,13.3,0.9884168077541233,0.011583192245876653,9.884168077541232e-08,1e-07,0.0008658531235926119,0.0008759999999999999
igbt_datasheet_upper,igbt,external_datasheet,116946.00000000001,13.350000000000001,0.9883735160460391,0.011626483953960959,9.88373516046039e-08,1e-07,0.0008658152000563301,0.0008759999999999999
igbt_datasheet_upper,igbt,external_datasheet,117384.0,13.4,0.9883302262340901,0.01166977376590997,9.8833022623409e-08,1e-07,0.0008657772781810629,0.0008759999999999999
igbt_datasheet_upper,igbt,external_datasheet,117822.00000000001,13.450000000000001,0.9882869383181933,0.011713061681806747,9.882869383181932e-08,1e-07,0.0008657393579667373,0.0008759999999999999
igbt_datasheet_upper,igbt,external_datasheet,118260.0,13.5,0.9882436522982657,0.011756347701734325,9.882436522982657e-08,1e-07,0.0008657014394132808,0.0008759999999999999
igbt_datasheet_upper,igbt,external_datasheet,118698.0,13.55,0.9882003681742242,0.011799631825775753,9.882003681742241e-08,1e-07,0.0008656635225206203,0.0008759999999999999
igbt_datasheet_upper,igbt,external_datasheet,119136.00000000001,13.600000000000001,0.988157085945986,0.011842914054014069,9.881570859459859e-08,1e-07,0.0008656256072886836,0.0008759999999999999
igbt_datasheet_upper,igbt,external_datasheet,119574.0,13.65,0.9881138056134677,0.0118861943865323,9.881138056134677e-08,1e-07,0.0008655876937173978,0.0008759999999999999
igbt_datasheet_upper,igbt,external_datasheet,120012.00000000001,13.700000000000001,0.9880705271765865,0.011929472823413483,9.880705271765864e-08,1e-07,0.0008655497818066897,0.0008759999999999999
igbt_datasheet_upper,igbt,external_datasheet,120450.0,13.75,0.9880272506352593,0.011972749364740643,9.880272506352593e-08,1e-07,0.0008655118715564872,0.0008759999999999999
igbt_datasheet_upper,igbt,external_datasheet,120888.0,13.8,0.9879839759894032,0.012016024010596805,9.879839759894033e-08,1e-07,0.0008654739629667173,0.0008759999999999999
igbt_datasheet_upper,igbt,external_datasheet,121326.00000000001,13.850000000000001,0.987940703238935,0.012059296761064988,9.87940703238935e-08,1e-07,0.000865436056037307,0.0008759999999999999
igbt_datasheet_upper,igbt,external_datasheet,121764.0,13.9,0.9878974323837718,0.012102567616228205,9.878974323837718e-08,1e-07,0.0008653981507681841,0.0008759999999999999
igbt_datasheet_upper,igbt,external_datasheet,122202.00000000001,13.950000000000001,0.9878541634238305,0.012145836576169477,9.878541634238305e-08,1e-07,0.0008653602471592755,0.0008759999999999999
igbt_datasheet_upper,igbt,external_datasheet,122640.0,14.0,0.9878108963590282,0.012189103640971803,9.878108963590282e-08,1e-07,0.0008653223452105087,0.0008759999999999999
igbt_datasheet_upper,igbt,external_datasheet,123078.0,14.05,0.9877676311892818,0.012232368810718194,9.877676311892818e-08,1e-07,0.0008652844449218108,0.0008759999999999999
igbt_datasheet_upper,igbt,external_datasheet,123516.00000000001,14.100000000000001,0.9877243679145083,0.012275632085491652,9.877243679145083e-08,1e-07,0.0008652465462931092,0.0008759999999999999
igbt_datasheet_upper,igbt,external_datasheet,123954.0,14.15,0.9876811065346248,0.012318893465375172,9.876811065346248e-08,1e-07,0.0008652086493243314,0.0008759999999999999
igbt_datasheet_upper,igbt,external_datasheet,124392.00000000001,14.200000000000001,0.9876378470495483,0.01236215295045175,9.876378470495482e-08,1e-07,0.0008651707540154042,0.0008759999999999999
igbt_datasheet_upper,igbt,external_datasheet,124830.0,14.25,0.9875945894591956,0.012405410540804374,9.875945894591956e-08,1e-07,0.0008651328603662554,0.0008759999999999999
igbt_datasheet_upper,igbt,external_datasheet,125268.0,14.3,0.9875513337634839,0.012448666236516037,9.875513337634839e-08,1e-07,0.0008650949683768119,0.0008759999999999999
igbt_datasheet_upper,igbt,external_datasheet,125706.00000000001,14.350000000000001,0.9875080799623303,0.012491920037669718,9.875080799623302e-08,1e-07,0.0008650570780470013,0.0008759999999999999
igbt_datasheet_upper,igbt,external_datasheet,126144.0,14.4,0.9874648280556516,0.012535171944348396,9.874648280556516e-08,1e-07,0.0008650191893767508,0.0008759999999999999
igbt_datasheet_upper,igbt,external_datasheet,126582.00000000001,14.450000000000001,0.987421578043365,0.012578421956635052,9.874215780433649e-08,1e-07,0.0008649813023659876,0.0008759999999999999
igbt_datasheet_upper,igbt,external_datasheet,127020.0,14.5,0.9873783299253873,0.012621670074612651,9.873783299253872e-08,1e-07,0.0008649434170146393,0.0008759999999999999
igbt_datasheet_upper,igbt,external_datasheet,127458.0,14.55,0.9873350837016358,0.01266491629836417,9.873350837016358e-08,1e-07,0.0008649055333226329,0.0008759999999999999
igbt_datasheet_upper,igbt,external_datasheet,127896.00000000001,14.600000000000001,0.9872918393720275,0.012708160627972571,9.872918393720274e-08,1e-07,0.000864867651289896,0.0008759999999999999
igbt_datasheet_upper,igbt,external_datasheet,128334.0,14.65,0.9872485969364792,0.012751403063520813,9.872485969364792e-08,1e-07,0.0008648297709163557,0.0008759999999999999
igbt_datasheet_upper,igbt,external_datasheet,128772.00000000001,14.700000000000001,0.9872053563949081,0.012794643605091856,9.872053563949081e-08,1e-07,0.0008647918922019396,0.0008759999999999999
igbt_datasheet_upper,igbt,external_datasheet,129210.0,14.75,0.9871621177472313,0.012837882252768657,9.871621177472313e-08,1e-07,0.0008647540151465746,0.0008759999999999999
igbt_datasheet_upper,igbt,external_datasheet,129648.0,14.8,0.9871188809933659,0.012881119006634164,9.871188809933658e-08,1e-07,0.0008647161397501884,0.0008759999999999999
igbt_datasheet_upper,igbt,external_datasheet,130086.00000000001,14.850000000000001,0.9870756461332286,0.012924353866771324,9.870756461332285e-08,1e-07,0.0008646782660127082,0.0008759999999999999
igbt_datasheet_upper,igbt,external_datasheet,130524.0,14.9,0.987032413166737,0.012967586833263081,9.870324131667369e-08,1e-07,0.0008646403939340615,0.0008759999999999999
igbt_datasheet_upper,igbt,external_datasheet,130962.00000000001,14.950000000000001,0.9869891820938076,0.013010817906192377,9.869891820938076e-08,1e-07,0.0008646025235141754,0.0008759999999999999
igbt_datasheet_upper,igbt,external_datasheet,131400.0,15.0,0.9869459529143578,0.013054047085642144,9.869459529143578e-08,1e-07,0.0008645646547529774,0.0008759999999999999
igbt_datasheet_upper,igbt,external_datasheet,131838.0,15.05,0.9869027256283047,0.013097274371695318,9.869027256283047e-08,1e-07,0.0008645267876503949,0.0008759999999999999
igbt_datasheet_upper,igbt,external_datasheet,132276.0,15.100000000000001,0.9868595002355651,0.013140499764434826,9.868595002355651e-08,1e-07,0.000864488922206355,0.0008759999999999999
igbt_datasheet_upper,igbt,external_datasheet,132714.0,15.15,0.9868162767360564,0.013183723263943594,9.868162767360564e-08,1e-07,0.0008644510584207855,0.0008759999999999999
igbt_datasheet_upper,igbt,external_datasheet,133152.0,15.200000000000001,0.9867730551296955,0.013226944870304545,9.867730551296954e-08,1e-07,0.0008644131962936132,0.0008759999999999999
igbt_datasheet_upper,igbt,external_datasheet,133590.0,15.25,0.9867298354163994,0.013270164583600594,9.867298354163993e-08,1e-07,0.0008643753358247658,0.0008759999999999999
igbt_datasheet_upper,igbt,external_datasheet,134028.0,15.3,0.9866866175960853,0.013313382403914659,9.866866175960853e-08,1e-07,0.0008643374770141707,0.0008759999999999999
igbt_datasheet_upper,igbt,external_datasheet,134466.0,15.350000000000001,0.9866434016686704,0.013356598331329649,9.866434016686703e-08,1e-07,0.0008642996198617551,0.0008759999999999999
igbt_datasheet_upper,igbt,external_datasheet,134904.0,15.4,0.9866001876340715,0.013399812365928469,9.866001876340716e-08,1e-07,0.0008642617643674467,0.0008759999999999999
igbt_datasheet_upper,igbt,external_datasheet,135342.0,15.450000000000001,0.986556975492206,0.013443024507794027,9.865569754922059e-08,1e-07,0.0008642239105311724,0.0008759999999999999
igbt_datasheet_upper,igbt,external_datasheet,135780.0,15.5,0.9865137652429907,0.013486234757009219,9.865137652429906e-08,1e-07,0.0008641860583528598,0.0008759999999999999
igbt_datasheet_upper,igbt,external_datasheet,136218.0,15.55,0.9864705568863431,0.013529443113656944,9.86470556886343e-08,1e-07,0.0008641482078324365,0.0008759999999999999
igbt_datasheet_upper,igbt,external_datasheet,136656.0,15.600000000000001,0.9864273504221799,0.013572649577820093,9.864273504221799e-08,1e-07,0.0008641103589698295,0.0008759999999999999
igbt_datasheet_upper,igbt,external_datasheet,137094.0,15.65,0.9863841458504184,0.013615854149581556,9.863841458504184e-08,1e-07,0.0008640725117649665,0.0008759999999999999
igbt_datasheet_upper,igbt,external_datasheet,137532.0,15.700000000000001,0.9863409431709758,0.013659056829024218,9.863409431709758e-08,1e-07,0.0008640346662177748,0.0008759999999999999
igbt_datasheet_upper,igbt,external_datasheet,137970.0,15.75,0.986297742383769,0.013702257616230961,9.86297742383769e-08,1e-07,0.0008639968223281817,0.0008759999999999999
igbt_datasheet_upper,igbt,external_datasheet,138408.0,15.8,0.9862545434887153,0.01374545651128466,9.862545434887153e-08,1e-07,0.0008639589800961146,0.0008759999999999999
igbt_datasheet_upper,igbt,external_datasheet,138846.0,15.850000000000001,0.9862113464857318,0.013788653514268195,9.862113464857318e-08,1e-07,0.000863921139521501,0.0008759999999999999
igbt_datasheet_upper,igbt,external_datasheet,139284.0,15.9,0.9861681513747356,0.013831848625264433,9.861681513747355e-08,1e-07,0.0008638833006042682,0.0008759999999999999
igbt_datasheet_upper,igbt,external_datasheet,139722.0,15.950000000000001,0.9861249581556437,0.013875041844356244,9.861249581556437e-08,1e-07,0.0008638454633443438,0.0008759999999999999
igbt_datasheet_upper,igbt,external_datasheet,140160.0,16.0,0.9860817668283736,0.01391823317162649,9.860817668283735e-08,1e-07,0.0008638076277416552,0.0008759999999999999
igbt_datasheet_upper,igbt,external_datasheet,140598.0,16.05,0.986038577392842,0.013961422607158028,9.860385773928419e-08,1e-07,0.0008637697937961294,0.0008759999999999999
igbt_datasheet_upper,igbt,external_datasheet,141036.0,16.1,0.9859953898489663,0.014004610151033721,9.859953898489663e-08,1e-07,0.0008637319615076945,0.0008759999999999999
igbt_datasheet_upper,igbt,external_datasheet,141474.00000000003,16.150000000000002,0.9859522041966636,0.014047795803336418,9.859522041966636e-08,1e-07,0.0008636941308762773,0.0008759999999999999
igbt_datasheet_upper,igbt,external_datasheet,141912.0,16.2,0.985909020435851,0.014090979564148964,9.85909020435851e-08,1e-07,0.0008636563019018055,0.0008759999999999999
igbt_datasheet_upper,igbt,external_datasheet,142350.0,16.25,0.9858658385664458,0.014134161433554211,9.858658385664458e-08,1e-07,0.0008636184745842065,0.0008759999999999999
igbt_datasheet_upper,igbt,external_datasheet,142788.0,16.3,0.985822658588365,0.014177341411634998,9.85822658588365e-08,1e-07,0.0008635806489234077,0.0008759999999999999
igbt_datasheet_upper,igbt,external_datasheet,143226.0,16.35,0.9857794805015259,0.014220519498474164,9.857794805015258e-08,1e-07,0.0008635428249193365,0.0008759999999999999
igbt_datasheet_upper,igbt,external_datasheet,143664.00000000003,16.400000000000002,0.9857363043058455,0.014263695694154546,9.857363043058454e-08,1e-07,0.0008635050025719206,0.0008759999999999999
igbt_datasheet_upper,igbt,external_datasheet,144102.0,16.45,0.985693130001241,0.014306869998758966,9.85693130001241e-08,1e-07,0.0008634671818810872,0.0008759999999999999
igbt_datasheet_upper,igbt,external_datasheet,144540.0,16.5,0.9856499575876297,0.01435004241237026,9.856499575876297e-08,1e-07,0.0008634293628467637,0.0008759999999999999
igbt_datasheet_upper,igbt,external_datasheet,144978.0,16.55,0.9856067870649288,0.01439321293507125,9.856067870649287e-08,1e-07,0.0008633915454688776,0.0008759999999999999
igbt_datasheet_upper,igbt,external_datasheet,145416.0,16.6,0.9855636184330553,0.014436381566944755,9.855636184330552e-08,1e-07,0.0008633537297473564,0.0008759999999999999
igbt_datasheet_upper,igbt,external_datasheet,145854.00000000003,16.650000000000002,0.9855204516919264,0.014479548308073593,9.855204516919263e-08,1e-07,0.0008633159156821275,0.0008759999999999999
igbt_datasheet_upper,igbt,external_datasheet,146292.0,16.7,0.9854772868414594,0.014522713158540571,9.854772868414594e-08,1e-07,0.0008632781032731184,0.0008759999999999999
igbt_datasheet_upper,igbt,external_datasheet,146730.0,16.75,0.9854341238815715,0.014565876118428503,9.854341238815715e-08,1e-07,0.0008632402925202566,0.0008759999999999999
igbt_datasheet_upper,igbt,external_datasheet,147168.0,16.8,0.9853909628121797,0.014609037187820195,9.853909628121797e-08,1e-07,0.0008632024834234694,0.0008759999999999999
igbt_datasheet_upper,igbt,external_datasheet,147606.0,16.85,0.9853478036332015,0.01465219636679845,9.853478036332014e-08,1e-07,0.0008631646759826845,0.0008759999999999999
igbt_datasheet_upper,igbt,external_datasheet,148044.00000000003,16.900000000000002,0.985304646344554,0.014695353655446067,9.853046463445539e-08,1e-07,0.0008631268701978292,0.0008759999999999999
igbt_datasheet_upper,igbt,external_datasheet,148482.0,16.95,0.9852614909461542,0.014738509053845831,9.852614909461542e-08,1e-07,0.0008630890660688311,0.0008759999999999999
igbt_datasheet_upper,igbt,external_datasheet,148920.0,17.0,0.9852183374379194,0.014781662562080543,9.852183374379194e-08,1e-07,0.0008630512635956174,0.0008759999999999999
igbt_datasheet_upper,igbt,external_datasheet,149358.0,17.05,0.985175185819767,0.014824814180232989,9.85175185819767e-08,1e-07,0.0008630134627781159,0.0008759999999999999
igbt_datasheet_upper,igbt,external_datasheet,149796.0,17.1,0.985132036091614,0.01486796390838595,9.85132036091614e-08,1e-07,0.0008629756636162538,0.0008759999999999999
igbt_datasheet_upper,igbt,external_datasheet,150234.00000000003,17.150000000000002,0.9850888882533778,0.01491111174662221,9.850888882533778e-08,1e-07,0.000862937866109959,0.0008759999999999999
igbt_datasheet_upper,igbt,external_datasheet,150672.0,17.2,0.9850457423049754,0.014954257695024537,9.850457423049754e-08,1e-07,0.0008629000702591585,0.0008759999999999999
igbt_datasheet_upper,igbt,external_datasheet,151110.0,17.25,0.9850025982463243,0.014997401753675713,9.850025982463242e-08,1e-07,0.0008628622760637801,0.0008759999999999999
igbt_datasheet_upper,igbt,external_datasheet,151548.0,17.3,0.9849594560773415,0.015040543922658503,9.849594560773415e-08,1e-07,0.0008628244835237511,0.0008759999999999999
igbt_datasheet_upper,igbt,external_datasheet,151986.0,17.35,0.9849163157979444,0.015083684202055676,9.849163157979443e-08,1e-07,0.0008627866926389992,0.0008759999999999999
igbt_datasheet_upper,igbt,external_datasheet,152424.00000000003,17.400000000000002,0.98487317740805,0.015126822591949992,9.8487317740805e-08,1e-07,0.0008627489034094517,0.0008759999999999999
igbt_datasheet_upper,igbt,external_datasheet,152862.0,17.45,0.9848300409075758,0.015169959092424207,9.848300409075757e-08,1e-07,0.0008627111158350363,0.0008759999999999999
igbt_datasheet_upper,igbt,external_datasheet,153300.0,17.5,0.984786906296439,0.01521309370356108,9.847869062964389e-08,1e-07,0.0008626733299156805,0.0008759999999999999
igbt_datasheet_upper,igbt,external_datasheet,153738.0,17.55,0.9847437735745567,0.015256226425443359,9.847437735745566e-08,1e-07,0.0008626355456513116,0.0008759999999999999
igbt_datasheet_upper,igbt,external_datasheet,154176.0,17.6,0.9847006427418462,0.015299357258153793,9.847006427418462e-08,1e-07,0.0008625977630418572,0.0008759999999999999
igbt_datasheet_upper,igbt,external_datasheet,154614.00000000003,17.650000000000002,0.9846575137982249,0.015342486201775127,9.846575137982248e-08,1e-07,0.0008625599820872449,0.0008759999999999999
igbt_datasheet_upper,igbt,external_datasheet,155052.0,17.7,0.9846143867436099,0.015385613256390094,9.846143867436099e-08,1e-07,0.0008625222027874023,0.0008759999999999999
igbt_datasheet_upper,igbt,external_datasheet,155490.0,17.75,0.9845712615779185,0.015428738422081442,9.845712615779185e-08,1e-07,0.0008624844251422566,0.0008759999999999999
igbt_datasheet_upper,igbt,external_datasheet,155928.0,17.8,0.9845281383010681,0.015471861698931897,9.84528138301068e-08,1e-07,0.0008624466491517356,0.0008759999999999999
igbt_datasheet_upper,igbt,external_datasheet,156366.0,17.85,0.9844850169129759,0.015514983087024193,9.844850169129758e-08,1e-07,0.0008624088748157668,0.0008759999999999999
igbt_datasheet_upper,igbt,external_datasheet,156804.00000000003,17.900000000000002,0.9844418974135589,0.015558102586441051,9.844418974135589e-08,1e-07,0.0008623711021342776,0.0008759999999999999
igbt_datasheet_upper,igbt,external_datasheet,157242.0,17.95,0.9843987798027348,0.015601220197265194,9.843987798027348e-08,1e-07,0.0008623333311071958,0.0008759999999999999
igbt_datasheet_upper,igbt,external_datasheet,157680.0,18.0,0.9843556640804206,0.015644335919579342,9.843556640804206e-08,1e-07,0.0008622955617344485,0.0008759999999999999
igbt_datasheet_upper,igbt,external_datasheet,158118.0,18.05,0.9843125502465337,0.015687449753466212,9.843125502465337e-08,1e-07,0.0008622577940159635,0.0008759999999999999
igbt_datasheet_upper,igbt,external_datasheet,158556.0,18.1,0.9842694383009915,0.015730561699008508,9.842694383009913e-08,1e-07,0.0008622200279516685,0.0008759999999999999
igbt_datasheet_upper,igbt,external_datasheet,158994.00000000003,18.150000000000002,0.984226328243711,0.015773671756288948,9.842263282437109e-08,1e-07,0.0008621822635414908,0.0008759999999999999
igbt_datasheet_upper,igbt,external_datasheet,159432.0,18.2,0.9841832200746098,0.015816779925390222,9.841832200746098e-08,1e-07,0.0008621445007853582,0.0008759999999999999
igbt_datasheet_upper,igbt,external_datasheet,159870.0,18.25,0.984140113793605,0.015859886206395044,9.84140113793605e-08,1e-07,0.000862106739683198,0.0008759999999999999
igbt_datasheet_upper,igbt,external_datasheet,160308.0,18.3,0.9840970094006138,0.01590299059938611,9.840970094006137e-08,1e-07,0.0008620689802349376,0.0008759999999999999
igbt_datasheet_upper,igbt,external_datasheet,160746.0,18.35,0.9840539068955539,0.015946093104446103,9.840539068955539e-08,1e-07,0.0008620312224405052,0.0008759999999999999
igbt_datasheet_upper,igbt,external_datasheet,161184.00000000003,18.400000000000002,0.9840108062783423,0.015989193721657725,9.840108062783422e-08,1e-07,0.0008619934662998278,0.0008759999999999999
igbt_datasheet_upper,igbt,external_datasheet,161622.0,18.45,0.9839677075488964,0.016032292451103648,9.839677075488964e-08,1e-07,0.0008619557118128333,0.0008759999999999999
igbt_datasheet_upper,igbt,external_datasheet,162060.0,18.5,0.9839246107071334,0.016075389292866563,9.839246107071334e-08,1e-07,0.0008619179589794489,0.0008759999999999999
igbt_datasheet_upper,igbt,external_datasheet,162498.0,18.55,0.9838815157529709,0.01611848424702915,9.838815157529709e-08,1e-07,0.0008618802077996025,0.0008759999999999999
igbt_datasheet_upper,igbt,external_datasheet,162936.0,18.6,0.9838384226863259,0.016161577313674083,9.83838422686326e-08,1e-07,0.0008618424582732215,0.0008759999999999999
igbt_datasheet_upper,igbt,external_datasheet,163374.00000000003,18.650000000000002,0.983795331507116,0.016204668492884034,9.837953315071159e-08,1e-07,0.0008618047104002335,0.0008759999999999999
igbt_datasheet_upper,igbt,external_datasheet,163812.0,18.7,0.9837522422152584,0.016247757784741662,9.837522422152583e-08,1e-07,0.0008617669641805664,0.0008759999999999999
igbt_datasheet_upper,igbt,external_datasheet,164250.0,18.75,0.9837091548106703,0.01629084518932964,9.837091548106703e-08,1e-07,0.0008617292196141472,0.0008759999999999999
igbt_datasheet_upper,igbt,external_datasheet,164688.0,18.8,0.9836660692932694,0.01633393070673063,9.836660692932693e-08,1e-07,0.0008616914767009039,0.0008759999999999999
igbt_datasheet_upper,igbt,external_datasheet,165126.0,18.85,0.9836229856629727,0.016377014337027283,9.836229856629726e-08,1e-07,0.0008616537354407639,0.0008759999999999999
igbt_datasheet_upper,igbt,external_datasheet,165564.00000000003,18.900000000000002,0.9835799039196977,0.01642009608030226,9.835799039196977e-08,1e-07,0.0008616159958336552,0.0008759999999999999
igbt_datasheet_upper,igbt,external_datasheet,166002.0,18.95,0.9835368240633618,0.016463175936638198,9.835368240633618e-08,1e-07,0.0008615782578795049,0.0008759999999999999
igbt_datasheet_upper,igbt,external_datasheet,166440.0,19.0,0.9834937460938823,0.016506253906117756,9.834937460938823e-08,1e-07,0.0008615405215782409,0.0008759999999999999
igbt_datasheet_upper,igbt,external_datasheet,166878.0,19.05,0.9834506700111765,0.01654932998882357,9.834506700111764e-08,1e-07,0.0008615027869297905,0.0008759999999999999
igbt_datasheet_upper,igbt,external_datasheet,167316.0,19.1,0.9834075958151617,0.01659240418483828,9.834075958151617e-08,1e-07,0.0008614650539340817,0.0008759999999999999
igbt_datasheet_upper,igbt,external_datasheet,167754.00000000003,19.150000000000002,0.9833645235057554,0.016635476494244527,9.833645235057554e-08,1e-07,0.0008614273225910418,0.0008759999999999999
igbt_datasheet_upper,igbt,external_datasheet,168192.00000000003,19.200000000000003,0.9833214530828751,0.01667854691712493,9.833214530828751e-08,1e-07,0.0008613895929005986,0.0008759999999999999
igbt_datasheet_upper,igbt,external_datasheet,168630.0,19.25,0.9832783845464379,0.016721615453562124,9.832783845464378e-08,1e-07,0.0008613518648626795,0.0008759999999999999
igbt_datasheet_upper,igbt,external_datasheet,169068.0,19.3,0.9832353178963613,0.016764682103638736,9.832353178963612e-08,1e-07,0.0008613141384772124,0.0008759999999999999
igbt_datasheet_upper,igbt,external_datasheet,169506.0,19.35,0.9831922531325626,0.016807746867437384,9.831922531325625e-08,1e-07,0.0008612764137441248,0.0008759999999999999
igbt_datasheet_upper,igbt,external_datasheet,169944.00000000003,19.400000000000002,0.9831491902549593,0.01685080974504069,9.831491902549592e-08,1e-07,0.0008612386906633443,0.0008759999999999999
igbt_datasheet_upper,igbt,external_datasheet,170382.00000000003,19.450000000000003,0.9831061292634687,0.01689387073653126,9.831061292634687e-08,1e-07,0.0008612009692347985,0.0008759999999999999
igbt_datasheet_upper,igbt,external_datasheet,170820.0,19.5,0.9830630701580083,0.016936929841991705,9.830630701580083e-08,1e-07,0.0008611632494584153,0.0008759999999999999
igbt_datasheet_upper,igbt,external_datasheet,171258.0,19.55,0.9830200129384954,0.016979987061504633,9.830200129384954e-08,1e-07,0.000861125531334122,0.0008759999999999999
igbt_datasheet_upper,igbt,external_datasheet,171696.0,19.6,0.9829769576048474,0.01702304239515265,9.829769576048474e-08,1e-07,0.0008610878148618463,0.0008759999999999999
igbt_datasheet_upper,igbt,external_datasheet,172134.00000000003,19.650000000000002,0.9829339041569817,0.017066095843018353,9.829339041569816e-08,1e-07,0.0008610501000415159,0.0008759999999999999
igbt_datasheet_upper,igbt,external_datasheet,172572.00000000003,19.700000000000003,0.9828908525948157,0.017109147405184336,9.828908525948156e-08,1e-07,0.0008610123868730585,0.0008759999999999999
igbt_datasheet_upper,igbt,external_datasheet,173010.0,19.75,0.9828478029182668,0.017152197081733187,9.828478029182668e-08,1e-07,0.0008609746753564017,0.0008759999999999999
igbt_datasheet_upper,igbt,external_datasheet,173448.0,19.8,0.9828047551272525,0.0171952448727475,9.828047551272525e-08,1e-07,0.0008609369654914732,0.0008759999999999999
igbt_datasheet_upper,igbt,external_datasheet,173886.0,19.85,0.9827617092216901,0.01723829077830986,9.827617092216901e-08,1e-07,0.0008608992572782005,0.0008759999999999999
igbt_datasheet_upper,igbt,external_datasheet,174324.00000000003,19.900000000000002,0.9827186652014972,0.01728133479850285,9.827186652014971e-08,1e-07,0.0008608615507165114,0.0008759999999999999
igbt_datasheet_upper,igbt,external_datasheet,174762.00000000003,19.950000000000003,0.982675623066591,0.01732437693340904,9.82675623066591e-08,1e-07,0.0008608238458063336,0.0008759999999999999
igbt_datasheet_upper,igbt,external_datasheet,175200.0,20.0,0.982632582816889,0.017367417183111005,9.82632582816889e-08,1e-07,0.0008607861425475948,0.0008759999999999999
igbt_field_lower,igbt,external_field_model,0.0,0.0,1.0,0.0,6.85e-07,6.85e-07,0.0060006,0.0060006
igbt_field_lower,igbt,external_field_model,438.0,0.05,0.9997000150044995,0.0002999849955005625,6.847945102780822e-07,6.85e-07,0.005998799910036,0.0060006
igbt_field_lower,igbt,external_field_model,876.0,0.1,0.9994001199999965,0.0005998800000035996,6.845890821999976e-07,6.85e-07,0.005997000360071979,0.0060006
igbt_field_lower,igbt,external_field_model,1314.0000000000002,0.15000000000000002,0.9991003149594949,0.0008996850405050604,6.84383715747254e-07,6.85e-07,0.005995201349945945,0.0060006
igbt_field_lower,igbt,external_field_model,1752.0,0.2,0.9988005998560072,0.0011994001439927949,6.841784109013649e-07,6.85e-07,0.005993402879495956,0.0060006
igbt_field_lower,igbt,external_field_model,2190.0,0.25,0.9985009746625535,0.0014990253374465583,6.839731676438491e-07,6.85e-07,0.005991604948560119,0.0060006
igbt_field_lower,igbt,external_field_model,2628.0000000000005,0.30000000000000004,0.998201439352162,0.001798560647838012,6.83767985956231e-07,6.85e-07,0.0059898075569765835,0.0060006
igbt_field_lower,igbt,external_field_model,3066.0000000000005,0.35000000000000003,0.9979019938978693,0.0020980061021307252,6.835628658200404e-07,6.85e-07,0.005988010704583554,0.0060006
igbt_field_lower,igbt,external_field_model,3504.0,0.4,0.9976026382727198,0.00239736172728018,6.83357807216813e-07,6.85e-07,0.005986214391219282,0.0060006
igbt_field_lower,igbt,external_field_model,3942.0,0.45,0.9973033724497662,0.0026966275502337705,6.831528101280898e-07,6.85e-07,0.005984418616722067,0.0060006
igbt_field_lower,igbt,external_field_model,4380.0,0.5,0.9970041964020692,0.00299580359793081,6.829478745354173e-07,6.85e-07,0.0059826233809302555,0.0060006
igbt_field_lower,igbt,external_field_model,4818.0,0.55,0.9967051101026975,0.0032948898973025266,6.827430004203478e-07,6.85e-07,0.005980828683682247,0.0060006
igbt_field_lower,igbt,external_field_model,5256.000000000001,0.6000000000000001,0.996406113524728,0.0035938864752720727,6.825381877644386e-07,6.85e-07,0.005979034524816482,0.0060006
igbt_field_lower,igbt,external_field_model,5694.0,0.65,0.9961072066412455,0.0038927933587545203,6.823334365492532e-07,6.85e-07,0.005977240904171458,0.0060006
igbt_field_lower,igbt,external_field_model,6132.000000000001,0.7000000000000001,0.9958083894253431,0.0041916105746568726,6.821287467563601e-07,6.85e-07,0.0059754478215857144,0.0060006
igbt_field_lower,igbt,external_field_model,6570.0,0.75,0.9955096618501219,0.004490338149878057,6.819241183673335e-07,6.85e-07,0.005973655276897842,0.0060006
igbt_field_lower,igbt,external_field_model,7008.0,0.8,0.9952110238886911,0.004788976111308932,6.817195513637534e-07,6.85e-07,0.005971863269946479,0.0060006
igbt_field_lower,igbt,external_field_model,7446.000000000001,0.8500000000000001,0.9949124755141677,0.0050875244858322915,6.815150457272049e-07,6.85e-07,0.0059700718005703144,0.0060006
igbt_field_lower,igbt,external_field_model,7884.0,0.9,0.9946140166996771,0.005385983300322862,6.813106014392788e-07,6.85e-07,0.005968280868608082,0.0060006
igbt_field_lower,igbt,external_field_model,8322.0,0.9500000000000001,0.9943156474183527,0.005684352581647311,6.811062184815716e-07,6.85e-07,0.005966490473898568,0.0060006
igbt_field_lower,igbt,external_field_model,8760.0,1.0,0.9940173676433357,0.005982632356664244,6.809018968356849e-07,6.85e-07,0.0059647006162806,0.0060006
igbt_field_lower,igbt,external_field_model,9198.0,1.05,0.9937191773477758,0.006280822652224211,6.806976364832265e-07,6.85e-07,0.005962911295593064,0.0060006
igbt_field_lower,igbt,external_field_model,9636.0,1.1,0.9934210765048302,0.006578923495169707,6.804934374058087e-07,6.85e-07,0.005961122511674884,0.0060006
igbt_field_lower,igbt,external_field_model,10074.000000000002,1.1500000000000001,0.9931230650876648,0.006876934912335173,6.802892995850504e-07,6.85e-07,0.005959334264365042,0.0060006
igbt_field_lower,igbt,external_field_model,10512.000000000002,1.2000000000000002,0.992825143069453,0.007174856930547002,6.800852230025753e-07,6.85e-07,0.00595754655350256,0.0060006
igbt_field_lower,igbt,external_field_model,10950.0,1.25,0.9925273104233765,0.007472689576623536,6.798812076400129e-07,6.85e-07,0.005955759378926512,0.0060006
igbt_field_lower,igbt,external_field_model,11388.0,1.3,0.9922295671226249,0.007770432877375078,6.796772534789981e-07,6.85e-07,0.0059539727404760235,0.0060006
igbt_field_lower,igbt,external_field_model,11826.0,1.35,0.9919319131403961,0.008068086859603883,6.794733605011713e-07,6.85e-07,0.005952186637990261,0.0060006
igbt_field_lower,igbt,external_field_model,12264.000000000002,1.4000000000000001,0.9916343484498958,0.00836565155010417,6.792695286881787e-07,6.85e-07,0.005950401071308445,0.0060006
igbt_field_lower,igbt,external_field_model,12702.000000000002,1.4500000000000002,0.9913368730243379,0.008663126975662115,6.790657580216715e-07,6.85e-07,0.0059486160402698425,0.0060006
igbt_field_lower,igbt,external_field_model,13140.0,1.5,0.9910394868369441,0.008960513163055864,6.788620484833067e-07,6.85e-07,0.005946831544713767,0.0060006
igbt_field_lower,igbt,external_field_model,13578.0,1.55,0.9907421898609444,0.009257810139055524,6.78658400054747e-07,6.85e-07,0.005945047584479583,0.0060006
igbt_field_lower,igbt,external_field_model,14016.0,1.6,0.9904449820695768,0.009555017930423177,6.784548127176601e-07,6.85e-07,0.005943264159406702,0.0060006
igbt_field_lower,igbt,external_field_model,14454.000000000002,1.6500000000000001,0.9901478634360871,0.009852136563912874,6.782512864537197e-07,6.85e-07,0.005941481269334584,0.0060006
igbt_field_lower,igbt,external_field_model,14892.000000000002,1.7000000000000002,0.9898508339337293,0.01014916606627064,6.780478212446045e-07,6.85e-07,0.0059396989141027355,0.0060006
igbt_field_lower,igbt,external_field_model,15330.0,1.75,0.9895538935357655,0.010446106464234476,6.778444170719994e-07,6.85e-07,0.005937917093550714,0.0060006
igbt_field_lower,igbt,external_field_model,15768.0,1.8,0.9892570422154656,0.010742957784534367,6.77641073917594e-07,6.85e-07,0.005936135807518123,0.0060006
igbt_field_lower,igbt,external_field_model,16206.0,1.85,0.9889602799461077,0.011039720053892274,6.774377917630838e-07,6.85e-07,0.005934355055844614,0.0060006
igbt_field_lower,igbt,external_field_model,16644.0,1.9000000000000001,0.9886636067009779,0.011336393299022142,6.772345705901699e-07,6.85e-07,0.005932574838369888,0.0060006
igbt_field_lower,igbt,external_field_model,17082.0,1.9500000000000002,0.98836702245337,0.011632977546629904,6.770314103805585e-07,6.85e-07,0.005930795154933693,0.0060006
igbt_field_lower,igbt,external_field_model,17520.0,2.0,0.9880705271765865,0.011929472823413483,6.768283111159618e-07,6.85e-07,0.005929016005375825,0.0060006
igbt_field_lower,igbt,external_field_model,17958.000000000004,2.0500000000000003,0.9877741208439372,0.012225879156062793,6.766252727780971e-07,6.85e-07,0.00592723738953613,0.0060006
igbt_field_lower,igbt,external_field_model,18396.0,2.1,0.9874778034287403,0.01252219657125973,6.764222953486871e-07,6.85e-07,0.005925459307254499,0.0060006
igbt_field_lower,igbt,external_field_model,18834.0,2.15,0.9871815749043218,0.012818425095678206,6.762193788094604e-07,6.85e-07,0.005923681758370873,0.0060006
igbt_field_lower,igbt,external_field_model,19272.0,2.2,0.9868854352440158,0.013114564755984118,6.760165231421508e-07,6.85e-07,0.005921904742725241,0.0060006
igbt_field_lower,igbt,external_field_model,19710.0,2.25,0.9865893844211646,0.013410615578835364,6.758137283284978e-07,6.85e-07,0.00592012826015764,0.0060006
igbt_field_lower,igbt,external_field_model,20148.000000000004,2.3000000000000003,0.9862934224091181,0.013706577590881851,6.756109943502459e-07,6.85e-07,0.005918352310508154,0.0060006
igbt_field_lower,igbt,external_field_model,20586.0,2.35,0.9859975491812345,0.014002450818765484,6.754083211891457e-07,6.85e-07,0.005916576893616916,0.0060006
igbt_field_lower,igbt,external_field_model,21024.000000000004,2.4000000000000004,0.9857017647108798,0.014298235289120186,6.752057088269526e-07,6.85e-07,0.005914802009324105,0.0060006
igbt_field_lower,igbt,external_field_model,21462.0,2.45,0.9854060689714281,0.014593931028571872,6.750031572454282e-07,6.85e-07,0.005913027657469951,0.0060006
igbt_field_lower,igbt,external_field_model,21900.0,2.5,0.9851104619362615,0.014889538063738494,6.748006664263392e-07,6.85e-07,0.005911253837894731,0.0060006
igbt_field_lower,igbt,external_field_model,22338.000000000004,2.5500000000000003,0.98481494357877,0.015185056421230001,6.745982363514574e-07,6.85e-07,0.0059094805504387666,0.0060006
igbt_field_lower,igbt,external_field_model,22776.0,2.6,0.9845195138723516,0.015480486127648364,6.743958670025609e-07,6.85e-07,0.005907707794942434,0.0060006
igbt_field_lower,igbt,external_field_model,23214.000000000004,2.6500000000000004,0.9842241727904124,0.01577582720958758,6.741935583614325e-07,6.85e-07,0.005905935571246149,0.0060006
igbt_field_lower,igbt,external_field_model,23652.0,2.7,0.9839289203063664,0.016071079693633653,6.73991310409861e-07,6.85e-07,0.005904163879190382,0.0060006
igbt_field_lower,igbt,external_field_model,24090.0,2.75,0.9836337563936354,0.01636624360636463,6.737891231296402e-07,6.85e-07,0.005902392718615648,0.0060006
igbt_field_lower,igbt,external_field_model,24528.000000000004,2.8000000000000003,0.9833386810256494,0.01666131897435058,6.735869965025698e-07,6.85e-07,0.005900622089362512,0.0060006
igbt_field_lower,igbt,external_field_model,24966.0,2.85,0.9830436941758464,0.016956305824153587,6.733849305104547e-07,6.85e-07,0.005898851991271583,0.0060006
igbt_field_lower,igbt,external_field_model,25404.000000000004,2.9000000000000004,0.9827487958176722,0.017251204182327787,6.731829251351054e-07,6.85e-07,0.005897082424183524,0.0060006
igbt_field_lower,igbt,external_field_model,25842.0,2.95,0.9824539859245807,0.01754601407541933,6.729809803583378e-07,6.85e-07,0.0058953133879390395,0.0060006
igbt_field_lower,igbt,external_field_model,26280.0,3.0,0.9821592644700335,0.01784073552996643,6.727790961619729e-07,6.85e-07,0.005893544882378883,0.0060006
igbt_field_lower,igbt,external_field_model,26718.000000000004,3.0500000000000003,0.9818646314275007,0.018135368572499307,6.72577272527838e-07,6.85e-07,0.00589177690734386,0.0060006
igbt_field_lower,igbt,external_field_model,27156.0,3.1,0.9815700867704598,0.018429913229540247,6.72375509437765e-07,6.85e-07,0.005890009462674821,0.0060006
igbt_field_lower,igbt,external_field_model,27594.000000000004,3.1500000000000004,0.9812756304723964,0.01872436952760357,6.721738068735915e-07,6.85e-07,0.005888242548212662,0.0060006
igbt_field_lower,igbt,external_field_model,28032.0,3.2,0.9809812625068044,0.019018737493195645,6.71972164817161e-07,6.85e-07,0.00588647616379833,0.0060006
igbt_field_lower,igbt,external_field_model,28470.0,3.25,0.9806869828471851,0.019313017152814884,6.717705832503218e-07,6.85e-07,0.00588471030927282,0.0060006
igbt_field_lower,igbt,external_field_model,28908.000000000004,3.3000000000000003,0.9803927914670483,0.01960720853295176,6.715690621549281e-07,6.85e-07,0.00588294498447717,0.0060006
igbt_field_lower,igbt,external_field_model,29346.0,3.35,0.9800986883399112,0.019901311660088784,6.713676015128392e-07,6.85e-07,0.005881180189252471,0.0060006
igbt_field_lower,igbt,external_field_model,29784.000000000004,3.4000000000000004,0.9798046734392994,0.02019532656070054,6.711662013059202e-07,6.85e-07,0.005879415923439861,0.0060006
igbt_field_lower,igbt,external_field_model,30222.0,3.45,0.9795107467387464,0.020489253261253657,6.709648615160413e-07,6.85e-07,0.005877652186880522,0.0060006
igbt_field_lower,igbt,external_field_model,30660.0,3.5,0.9792169082117932,0.02078309178820683,6.707635821250783e-07,6.85e-07,0.005875888979415686,0.0060006
igbt_field_lower,igbt,external_field_model,31098.000000000004,3.5500000000000003,0.9789231578319891,0.021076842168010822,6.705623631149126e-07,6.85e-07,0.005874126300886634,0.0060006
igbt_field_lower,igbt,external_field_model,31536.0,3.6,0.9786294955728916,0.021370504427108444,6.703612044674307e-07,6.85e-07,0.005872364151134693,0.0060006
igbt_field_lower,igbt,external_field_model,31974.000000000004,3.6500000000000004,0.9783359214080654,0.021664078591934602,6.701601061645248e-07,6.85e-07,0.005870602530001237,0.0060006
igbt_field_lower,igbt,external_field_model,32412.0,3.7,0.9780424353110837,0.021957564688916235,6.699590681880924e-07,6.85e-07,0.005868841437327689,0.0060006
igbt_field_lower,igbt,external_field_model,32850.0,3.75,0.9777490372555276,0.022250962744472393,6.697580905200365e-07,6.85e-07,0.00586708087295552,0.0060006
igbt_field_lower,igbt,external_field_model,33288.0,3.8000000000000003,0.9774557272149859,0.02254427278501417,6.695571731422653e-07,6.85e-07,0.005865320836726244,0.0060006
igbt_field_lower,igbt,external_field_model,33726.0,3.85,0.9771625051630553,0.022837494836944756,6.693563160366929e-07,6.85e-07,0.005863561328481429,0.0060006
igbt_field_lower,igbt,external_field_model,34164.0,3.9000000000000004,0.9768693710733406,0.023130628926659413,6.691555191852384e-07,6.85e-07,0.005861802348062688,0.0060006
igbt_field_lower,igbt,external_field_model,34602.0,3.95,0.9765763249194545,0.02342367508054549,6.689547825698263e-07,6.85e-07,0.005860043895311679,0.0060006
igbt_field_lower,igbt,external_field_model,35040.0,4.0,0.9762833666750176,0.023716633324982406,6.68754106172387e-07,6.85e-07,0.00585828597007011,0.0060006
igbt_field_lower,igbt,external_field_model,35478.0,4.05,0.9759904963136583,0.024009503686341683,6.685534899748559e-07,6.85e-07,0.005856528572179738,0.0060006
igbt_field_lower,igbt,external_field_model,35916.00000000001,4.1000000000000005,0.975697713809013,0.024302286190986934,6.683529339591739e-07,6.85e-07,0.0058547717014823634,0.0060006
igbt_field_lower,igbt,external_field_model,36354.0,4.15,0.9754050191347261,0.024594980865273834,6.681524381072874e-07,6.85e-07,0.005853015357819838,0.0060006
igbt_field_lower,igbt,external_field_model,36792.0,4.2,0.9751124122644498,0.02488758773555019,6.679520024011481e-07,6.85e-07,0.005851259541034057,0.0060006
igbt_field_lower,igbt,external_field_model,37230.0,4.25,0.9748198931718441,0.025180106828155885,6.677516268227132e-07,6.85e-07,0.005849504250966968,0.0060006
igbt_field_lower,igbt,external_field_model,37668.0,4.3,0.9745274618305771,0.0254725381694229,6.675513113539454e-07,6.85e-07,0.005847749487460562,0.0060006
igbt_field_lower,igbt,external_field_model,38106.00000000001,4.3500000000000005,0.9742351182143246,0.025764881785675327,6.673510559768123e-07,6.85e-07,0.005845995250356876,0.0060006
igbt_field_lower,igbt,external_field_model,38544.0,4.4,0.9739428622967706,0.026057137703229337,6.671508606732878e-07,6.85e-07,0.005844241539498002,0.0060006
igbt_field_lower,igbt,external_field_model,38982.0,4.45,0.9736506940516068,0.026349305948393235,6.669507254253506e-07,6.85e-07,0.005842488354726071,0.0060006
igbt_field_lower,igbt,external_field_model,39420.0,4.5,0.9733586134525326,0.02664138654746743,6.667506502149848e-07,6.85e-07,0.005840735695883267,0.0060006
igbt_field_lower,igbt,external_field_model,39858.0,4.55,0.9730666204732555,0.02693337952674442,6.6655063502418e-07,6.85e-07,0.005838983562811817,0.0060006
igbt_field_lower,igbt,external_field_model,40296.00000000001,4.6000000000000005,0.9727747150874911,0.027225284912508838,6.663506798349314e-07,6.85e-07,0.005837231955353999,0.0060006
igbt_field_lower,igbt,external_field_model,40734.0,4.65,0.9724828972689625,0.027517102731037416,6.661507846292393e-07,6.85e-07,0.005835480873352137,0.0060006
igbt_field_lower,igbt,external_field_model,41172.0,4.7,0.972191166991401,0.027808833008599022,6.659509493891097e-07,6.85e-07,0.005833730316648601,0.0060006
igbt_field_lower,igbt,external_field_model,41610.0,4.75,0.9718995242285454,0.028100475771454622,6.657511740965537e-07,6.85e-07,0.0058319802850858105,0.0060006
igbt_field_lower,igbt,external_field_model,42048.00000000001,4.800000000000001,0.9716079689541427,0.02839203104585733,6.655514587335877e-07,6.85e-07,0.005830230778506229,0.0060006
igbt_field_lower,igbt,external_field_model,42486.00000000001,4.8500000000000005,0.9713165011419477,0.028683498858052346,6.653518032822341e-07,6.85e-07,0.005828481796752371,0.0060006
igbt_field_lower,igbt,external_field_model,42924.0,4.9,0.971025120765723,0.02897487923427703,6.651522077245203e-07,6.85e-07,0.005826733339666798,0.0060006
igbt_field_lower,igbt,external_field_model,43362.0,4.95,0.9707338277992391,0.02926617220076087,6.649526720424788e-07,6.85e-07,0.005824985407092115,0.0060006
igbt_field_lower,igbt,external_field_model,43800.0,5.0,0.9704426222162745,0.02955737778372547,6.647531962181481e-07,6.85e-07,0.005823237998870977,0.0060006
igbt_field_lower,igbt,external_field_model,44238.00000000001,5.050000000000001,0.9701515039906154,0.029848496009384575,6.645537802335716e-07,6.85e-07,0.005821491114846087,0.0060006
igbt_field_lower,igbt,external_field_model,44676.00000000001,5.1000000000000005,0.9698604730960559,0.030139526903944065,6.643544240707983e-07,6.85e-07,0.005819744754860193,0.0060006
igbt_field_lower,igbt,external_field_model,45114.0,5.15,0.9695695295063981,0.030430470493601956,6.641551277118827e-07,6.85e-07,0.0058179989187560925,0.0060006
igbt_field_lower,igbt,external_field_model,45552.0,5.2,0.9692786731954516,0.030721326804548414,6.639558911388844e-07,6.85e-07,0.005816253606376627,0.0060006
igbt_field_lower,igbt,external_field_model,45990.0,5.25,0.9689879041370343,0.031012095862965744,6.637567143338685e-07,6.85e-07,0.005814508817564688,0.0060006
igbt_field_lower,igbt,external_field_model,46428.00000000001,5.300000000000001,0.9686972223049716,0.0313027776950284,6.635575972789055e-07,6.85e-07,0.0058127645521632125,0.0060006
igbt_field_lower,igbt,external_field_model,46866.00000000001,5.3500000000000005,0.968406627673097,0.03159337232690296,6.633585399560715e-07,6.85e-07,0.005811020810015187,0.0060006
igbt_field_lower,igbt,external_field_model,47304.0,5.4,0.9681161202152518,0.03188387978474818,6.631595423474476e-07,6.85e-07,0.005809277590963641,0.0060006
igbt_field_lower,igbt,external_field_model,47742.0,5.45,0.967825699905285,0.032174300094714975,6.629606044351203e-07,6.85e-07,0.005807534894851653,0.0060006
igbt_field_lower,igbt,external_field_model,48180.0,5.5,0.9675353667170536,0.032464633282946395,6.627617262011818e-07,6.85e-07,0.005805792721522352,0.0060006
igbt_field_lower,igbt,external_field_model,48618.00000000001,5.550000000000001,0.9672451206244224,0.032754879375577646,6.625629076277294e-07,6.85e-07,0.005804051070818909,0.0060006
igbt_field_lower,igbt,external_field_model,49056.00000000001,5.6000000000000005,0.9669549616012639,0.033045038398736105,6.623641486968658e-07,6.85e-07,0.0058023099425845446,0.0060006
igbt_field_lower,igbt,external_field_model,49494.0,5.65,0.9666648896214587,0.033335110378541304,6.621654493906993e-07,6.85e-07,0.005800569336662525,0.0060006
igbt_field_lower,igbt,external_field_model,49932.0,5.7,0.9663749046588951,0.033625095341104944,6.619668096913432e-07,6.85e-07,0.005798829252896166,0.0060006
igbt_field_lower,igbt,external_field_model,50370.0,5.75,0.9660850066874691,0.0339149933125309,6.617682295809164e-07,6.85e-07,0.005797089691128828,0.0060006
igbt_field_lower,igbt,external_field_model,50808.00000000001,5.800000000000001,0.9657951956810847,0.03420480431891521,6.61569709041543e-07,6.85e-07,0.005795350651203917,0.0060006
igbt_field_lower,igbt,external_field_model,51246.00000000001,5.8500000000000005,0.965505471613654,0.03449452838634606,6.61371248055353e-07,6.85e-07,0.005793612132964893,0.0060006
igbt_field_lower,igbt,external_field_model,51684.0,5.9,0.9652158344590962,0.03478416554090385,6.611728466044809e-07,6.85e-07,0.0057918741362552525,0.0060006
igbt_field_lower,igbt,external_field_model,52122.0,5.95,0.9649262841913389,0.03507371580866113,6.609745046710671e-07,6.85e-07,0.005790136660918548,0.0060006
igbt_field_lower,igbt,external_field_model,52560.0,6.0,0.9646368207843173,0.035363179215682654,6.607762222372573e-07,6.85e-07,0.005788399706798375,0.0060006
igbt_field_lower,igbt,external_field_model,52998.00000000001,6.050000000000001,0.9643474442119747,0.035652555788025314,6.605779992852027e-07,6.85e-07,0.005786663273738375,0.0060006
igbt_field_lower,igbt,external_field_model,53436.00000000001,6.1000000000000005,0.9640581544482618,0.03594184555173822,6.603798357970594e-07,6.85e-07,0.00578492736158224,0.0060006
igbt_field_lower,igbt,external_field_model,53874.0,6.15,0.9637689514671374,0.03623104853286266,6.601817317549891e-07,6.85e-07,0.005783191970173704,0.0060006
igbt_field_lower,igbt,external_field_model,54312.0,6.2,0.9634798352425679,0.03652016475743211,6.59983687141159e-07,6.85e-07,0.005781457099356553,0.0060006
igbt_field_lower,igbt,external_field_model,54750.0,6.25,0.9631908057485278,0.036809194251472235,6.597857019377415e-07,6.85e-07,0.005779722748974616,0.0060006
igbt_field_lower,igbt,external_field_model,55188.00000000001,6.300000000000001,0.9629018629589992,0.03709813704100089,6.595877761269145e-07,6.85e-07,0.005777988918871771,0.0060006
igbt_field_lower,igbt,external_field_model,55626.00000000001,6.3500000000000005,0.9626130068479719,0.03738699315202813,6.593899096908607e-07,6.85e-07,0.0057762556088919404,0.0060006
igbt_field_lower,igbt,external_field_model,56064.0,6.4,0.9623242373894438,0.037675762610556204,6.59192102611769e-07,6.85e-07,0.005774522818879097,0.0060006
igbt_field_lower,igbt,external_field_model,56502.0,6.45,0.9620355545574204,0.037964445442579556,6.58994354871833e-07,6.85e-07,0.005772790548677257,0.0060006
igbt_field_lower,igbt,external_field_model,56940.0,6.5,0.9617469583259152,0.038253041674084845,6.587966664532519e-07,6.85e-07,0.005771058798130487,0.0060006
igbt_field_lower,igbt,external_field_model,57378.00000000001,6.550000000000001,0.961458448668949,0.03854155133105093,6.585990373382301e-07,6.85e-07,0.005769327567082896,0.0060006
igbt_field_lower,igbt,external_field_model,57816.00000000001,6.6000000000000005,0.9611700255605511,0.03882997443944886,6.584014675089775e-07,6.85e-07,0.005767596855378643,0.0060006
igbt_field_lower,igbt,external_field_model,58254.0,6.65,0.9608816889747581,0.039118311025241916,6.582039569477093e-07,6.85e-07,0.0057658666628619334,0.0060006
igbt_field_lower,igbt,external_field_model,58692.0,6.7,0.9605934388856144,0.03940656111438558,6.580065056366459e-07,6.85e-07,0.005764136989377018,0.0060006
igbt_field_lower,igbt,external_field_model,59130.0,6.75,0.9603052752671725,0.03969472473282755,6.578091135580131e-07,6.85e-07,0.005762407834768195,0.0060006
igbt_field_lower,igbt,external_field_model,59568.00000000001,6.800000000000001,0.9600171980934923,0.03998280190650774,6.576117806940422e-07,6.85e-07,0.00576067919887981,0.0060006
igbt_field_lower,igbt,external_field_model,60006.00000000001,6.8500000000000005,0.9597292073386418,0.04027079266135828,6.574145070269696e-07,6.85e-07,0.005758951081556254,0.0060006
igbt_field_lower,igbt,external_field_model,60444.0,6.9,0.9594413029766965,0.04055869702330352,6.572172925390371e-07,6.85e-07,0.005757223482641965,0.0060006
igbt_field_lower,igbt,external_field_model,60882.0,6.95,0.9591534849817399,0.04084651501826003,6.570201372124919e-07,6.85e-07,0.005755496401981429,0.0060006
igbt_field_lower,igbt,external_field_model,61320.0,7.0,0.9588657533278634,0.04113424667213663,6.568230410295864e-07,6.85e-07,0.005753769839419176,0.0060006
igbt_field_lower,igbt,external_field_model,61758.00000000001,7.050000000000001,0.9585781079891657,0.04142189201083434,6.566260039725785e-07,6.85e-07,0.005752043794799787,0.0060006
igbt_field_lower,igbt,external_field_model,62196.00000000001,7.1000000000000005,0.9582905489397536,0.04170945106024641,6.564290260237312e-07,6.85e-07,0.005750318267967886,0.0060006
igbt_field_lower,igbt,external_field_model,62634.0,7.15,0.9580030761537417,0.041996923846258326,6.56232107165313e-07,6.85e-07,0.005748593258768142,0.0060006
igbt_field_lower,igbt,external_field_model,63072.0,7.2,0.9577156896052522,0.04228431039474783,6.560352473795978e-07,6.85e-07,0.005746868767045277,0.0060006
igbt_field_lower,igbt,external_field_model,63510.0,7.25,0.9574283892684151,0.04257161073158488,6.558384466488644e-07,6.85e-07,0.005745144792644052,0.0060006
igbt_field_lower,igbt,external_field_model,63948.00000000001,7.300000000000001,0.9571411751173683,0.04285882488263168,6.556417049553973e-07,6.85e-07,0.00574342133540928,0.0060006
igbt_field_lower,igbt,external_field_model,64386.00000000001,7.3500000000000005,0.9568540471262573,0.04314595287374267,6.554450222814863e-07,6.85e-07,0.00574169839518582,0.0060006
igbt_field_lower,igbt,external_field_model,64824.0,7.4,0.9565670052692354,0.043432994730764535,6.552483986094262e-07,6.85e-07,0.005739975971818574,0.0060006
igbt_field_lower,igbt,external_field_model,65262.0,7.45,0.9562800495204637,0.04371995047953621,6.550518339215177e-07,6.85e-07,0.005738254065152495,0.0060006
igbt_field_lower,igbt,external_field_model,65700.0,7.5,0.9559931798541111,0.044006820145888886,6.548553282000661e-07,6.85e-07,0.005736532675032579,0.0060006
igbt_field_lower,igbt,external_field_model,66138.0,7.550000000000001,0.955706396244354,0.04429360375564599,6.546588814273825e-07,6.85e-07,0.005734811801303871,0.0060006
igbt_field_lower,igbt,external_field_model,66576.0,7.6000000000000005,0.9554196986653768,0.04458030133462321,6.544624935857831e-07,6.85e-07,0.005733091443811461,0.0060006
igbt_field_lower,igbt,external_field_model,67014.0,7.65,0.9551330870913715,0.044866912908628494,6.542661646575895e-07,6.85e-07,0.0057313716024004835,0.0060006
igbt_field_lower,igbt,external_field_model,67452.0,7.7,0.954846561496538,0.04515343850346203,6.540698946251286e-07,6.85e-07,0.005729652276916126,0.0060006
igbt_field_lower,igbt,external_field_model,67890.0,7.75,0.9545601218550837,0.0454398781449163,6.538736834707324e-07,6.85e-07,0.005727933467203615,0.0060006
igbt_field_lower,igbt,external_field_model,68328.0,7.800000000000001,0.954273768141224,0.045726231858776015,6.536775311767384e-07,6.85e-07,0.005726215173108228,0.0060006
igbt_field_lower,igbt,external_field_model,68766.0,7.8500000000000005,0.9539875003291818,0.04601249967081816,6.534814377254895e-07,6.85e-07,0.005724497394475288,0.0060006
igbt_field_lower,igbt,external_field_model,69204.0,7.9,0.953701318393188,0.046298681606812005,6.532854030993337e-07,6.85e-07,0.005722780131150163,0.0060006
igbt_field_lower,igbt,external_field_model,69642.0,7.95,0.9534152223074809,0.046584777692519064,6.530894272806244e-07,6.85e-07,0.005721063382978269,0.0060006
igbt_field_lower,igbt,external_field_model,70080.0,8.0,0.9531292120463069,0.04687078795369314,6.528935102517202e-07,6.85e-07,0.005719347149805069,0.0060006
igbt_field_lower,igbt,external_field_model,70518.0,8.05,0.9528432875839197,0.04715671241608031,6.52697651994985e-07,6.85e-07,0.005717631431476068,0.0060006
igbt_field_lower,igbt,external_field_model,70956.0,8.1,0.952557448894581,0.047442551105418916,6.52501852492788e-07,6.85e-07,0.005715916227836823,0.0060006
igbt_field_lower,igbt,external_field_model,71394.0,8.15,0.9522716959525604,0.04772830404743958,6.523061117275039e-07,6.85e-07,0.0057142015387329345,0.0060006
igbt_field_lower,igbt,external_field_model,71832.00000000001,8.200000000000001,0.9519860287321348,0.04801397126786523,6.521104296815123e-07,6.85e-07,0.005712487364010048,0.0060006
igbt_field_lower,igbt,external_field_model,72270.0,8.25,0.951700447207589,0.04829955279241103,6.519148063371984e-07,6.85e-07,0.005710773703513858,0.0060006
igbt_field_lower,igbt,external_field_model,72708.0,8.3,0.9514149513532155,0.04858504864678448,6.517192416769526e-07,6.85e-07,0.005709060557090105,0.0060006
igbt_field_lower,igbt,external_field_model,73146.0,8.35,0.9511295411433146,0.048870458856685346,6.515237356831706e-07,6.85e-07,0.0057073479245845745,0.0060006
igbt_field_lower,igbt,external_field_model,73584.0,8.4,0.9508442165521943,0.049155783447805676,6.513282883382531e-07,6.85e-07,0.005705635805843098,0.0060006
igbt_field_lower,igbt,external_field_model,74022.00000000001,8.450000000000001,0.9505589775541702,0.04944102244582983,6.511328996246066e-07,6.85e-07,0.005703924200711553,0.0060006
igbt_field_lower,igbt,external_field_model,74460.0,8.5,0.9502738241235655,0.04972617587643442,6.509375695246424e-07,6.85e-07,0.005702213109035867,0.0060006
igbt_field_lower,igbt,external_field_model,74898.0,8.55,0.9499887562347116,0.050011243765288434,6.507422980207774e-07,6.85e-07,0.00570050253066201,0.0060006
igbt_field_lower,igbt,external_field_model,75336.0,8.6,0.9497037738619469,0.05029622613805309,6.505470850954337e-07,6.85e-07,0.005698792465435999,0.0060006
igbt_field_lower,igbt,external_field_model,75774.0,8.65,0.949418876979618,0.05058112302038194,6.503519307310383e-07,6.85e-07,0.005697082913203895,0.0060006
igbt_field_lower,igbt,external_field_model,76212.00000000001,8.700000000000001,0.9491340655620791,0.050865934437920826,6.501568349100242e-07,6.85e-07,0.005695373873811812,0.0060006
igbt_field_lower,igbt,external_field_model,76650.0,8.75,0.9488493395836921,0.05115066041630789,6.499617976148291e-07,6.85e-07,0.005693665347105903,0.0060006
igbt_field_lower,igbt,external_field_model,77088.0,8.8,0.9485646990188263,0.05143530098117362,6.497668188278961e-07,6.85e-07,0.005691957332932369,0.0060006
igbt_field_lower,igbt,external_field_model,77526.0,8.85,0.9482801438418592,0.05171985615814077,6.495718985316736e-07,6.85e-07,0.005690249831137461,0.0060006
igbt_field_lower,igbt,external_field_model,77964.0,8.9,0.9479956740271755,0.05200432597282444,6.493770367086153e-07,6.85e-07,0.00568854284156747,0.0060006
igbt_field_lower,igbt,external_field_model,78402.00000000001,8.950000000000001,0.947711289549168,0.05228871045083205,6.491822333411801e-07,6.85e-07,0.005686836364068738,0.0060006
igbt_field_lower,igbt,external_field_model,78840.0,9.0,0.9474269903822367,0.052573009617763275,6.489874884118322e-07,6.85e-07,0.00568513039848765,0.0060006
igbt_field_lower,igbt,external_field_model,79278.0,9.05,0.9471427765007898,0.0528572234992102,6.487928019030411e-07,6.85e-07,0.00568342494467064,0.0060006
igbt_field_lower,igbt,external_field_model,79716.0,9.1,0.9468586478792428,0.053141352120757185,6.485981737972813e-07,6.85e-07,0.005681720002464184,0.0060006
igbt_field_lower,igbt,external_field_model,80154.0,9.15,0.9465746044920191,0.05342539550798091,6.484036040770332e-07,6.85e-07,0.00568001557171481,0.0060006
igbt_field_lower,igbt,external_field_model,80592.00000000001,9.200000000000001,0.9462906463135496,0.0537093536864504,6.482090927247815e-07,6.85e-07,0.005678311652269086,0.0060006
igbt_field_lower,igbt,external_field_model,81030.0,9.25,0.946006773318273,0.053993226681726986,6.48014639723017e-07,6.85e-07,0.005676608243973629,0.0060006
igbt_field_lower,igbt,external_field_model,81468.0,9.3,0.9457229854806356,0.05427701451936437,6.478202450542354e-07,6.85e-07,0.005674905346675103,0.0060006
igbt_field_lower,igbt,external_field_model,81906.0,9.35,0.9454392827750915,0.05456071722490856,6.476259087009377e-07,6.85e-07,0.005673202960220214,0.0060006
igbt_field_lower,igbt,external_field_model,82344.0,9.4,0.9451556651761021,0.054844334823897896,6.474316306456299e-07,6.85e-07,0.005671501084455718,0.0060006
igbt_field_lower,igbt,external_field_model,82782.00000000001,9.450000000000001,0.9448721326581369,0.05512786734186309,6.472374108708238e-07,6.85e-07,0.005669799719228416,0.0060006
igbt_field_lower,igbt,external_field_model,83220.0,9.5,0.9445886851956729,0.055411314804327136,6.470432493590359e-07,6.85e-07,0.0056680988643851545,0.0060006
igbt_field_lower,igbt,external_field_model,83658.0,9.55,0.9443053227631946,0.05569467723680544,6.468491460927883e-07,6.85e-07,0.005666398519772826,0.0060006
igbt_field_lower,igbt,external_field_model,84096.00000000001,9.600000000000001,0.9440220453351943,0.05597795466480573,6.466551010546081e-07,6.85e-07,0.005664698685238367,0.0060006
igbt_field_lower,igbt,external_field_model,84534.0,9.65,0.943738852886172,0.05626114711382803,6.464611142270279e-07,6.85e-07,0.005662999360628764,0.0060006
igbt_field_lower,igbt,external_field_model,84972.00000000001,9.700000000000001,0.9434557453906351,0.056544254609364804,6.462671855925851e-07,6.85e-07,0.005661300545791045,0.0060006
igbt_field_lower,igbt,external_field_model,85410.0,9.75,0.9431727228230992,0.05682727717690078,6.46073315133823e-07,6.85e-07,0.005659602240572289,0.0060006
igbt_field_lower,igbt,external_field_model,85848.0,9.8,0.9428897851580869,0.05711021484191312,6.458795028332895e-07,6.85e-07,0.005657904444819616,0.0060006
igbt_field_lower,igbt,external_field_model,86286.00000000001,9.850000000000001,0.9426069323701287,0.05739306762987131,6.456857486735381e-07,6.85e-07,0.005656207158380194,0.0060006
igbt_field_lower,igbt,external_field_model,86724.0,9.9,0.9423241644337629,0.05767583556623715,6.454920526371276e-07,6.85e-07,0.005654510381101237,0.0060006
igbt_field_lower,igbt,external_field_model,87162.00000000001,9.950000000000001,0.9420414813235352,0.05795851867646489,6.452984147066216e-07,6.85e-07,0.005652814112830006,0.0060006
igbt_field_lower,igbt,external_field_model,87600.0,10.0,0.9417588830139989,0.058241116986001075,6.451048348645892e-07,6.85e-07,0.005651118353413802,0.0060006
igbt_field_lower,igbt,external_field_model,88038.0,10.05,0.9414763694797154,0.05852363052028464,6.44911313093605e-07,6.85e-07,0.005649423102699979,0.0060006
igbt_field_lower,igbt,external_field_model,88476.00000000001,10.100000000000001,0.9411939406952531,0.0588060593047469,6.447178493762483e-07,6.85e-07,0.005647728360535936,0.0060006
igbt_field_lower,igbt,external_field_model,88914.0,10.15,0.9409115966351885,0.05908840336481152,6.445244436951041e-07,6.85e-07,0.005646034126769112,0.0060006
igbt_field_lower,igbt,external_field_model,89352.00000000001,10.200000000000001,0.9406293372741055,0.059370662725894564,6.443310960327622e-07,6.85e-07,0.005644340401246997,0.0060006
igbt_field_lower,igbt,external_field_model,89790.0,10.25,0.9403471625865956,0.05965283741340442,6.44137806371818e-07,6.85e-07,0.005642647183817125,0.0060006
igbt_field_lower,igbt,external_field_model,90228.0,10.3,0.940065072547258,0.05993492745274193,6.439445746948717e-07,6.85e-07,0.005640954474327077,0.0060006
igbt_field_lower,igbt,external_field_model,90666.00000000001,10.350000000000001,0.9397830671306997,0.060216932869300265,6.437514009845293e-07,6.85e-07,0.005639262272624477,0.0060006
igbt_field_lower,igbt,external_field_model,91104.0,10.4,0.939501146311535,0.060498853688464964,6.435582852234015e-07,6.85e-07,0.005637570578556997,0.0060006
igbt_field_lower,igbt,external_field_model,91542.00000000001,10.450000000000001,0.939219310064386,0.06078068993561401,6.433652273941044e-07,6.85e-07,0.005635879391972355,0.0060006
igbt_field_lower,igbt,external_field_model,91980.0,10.5,0.9389375583638823,0.06106244163611771,6.431722274792594e-07,6.85e-07,0.005634188712718312,0.0060006
igbt_field_lower,igbt,external_field_model,92418.0,10.55,0.9386558911846612,0.0613441088153388,6.429792854614929e-07,6.85e-07,0.005632498540642678,0.0060006
igbt_field_lower,igbt,external_field_model,92856.00000000001,10.600000000000001,0.9383743085013676,0.06162569149863242,6.427864013234368e-07,6.85e-07,0.005630808875593306,0.0060006
igbt_field_lower,igbt,external_field_model,93294.0,10.65,0.938092810288654,0.061907189711346046,6.42593575047728e-07,6.85e-07,0.005629119717418097,0.0060006
igbt_field_lower,igbt,external_field_model,93732.00000000001,10.700000000000001,0.9378113965211804,0.062188603478819604,6.424008066170086e-07,6.85e-07,0.005627431065964995,0.0060006
igbt_field_lower,igbt,external_field_model,94170.0,10.75,0.9375300671736146,0.06246993282638538,6.422080960139261e-07,6.85e-07,0.005625742921081992,0.0060006
igbt_field_lower,igbt,external_field_model,94608.0,10.8,0.9372488222206319,0.06275117777936809,6.420154432211328e-07,6.85e-07,0.0056240552826171235,0.0060006
igbt_field_lower,igbt,external_field_model,95046.00000000001,10.850000000000001,0.9369676616369151,0.06303233836308486,6.418228482212868e-07,6.85e-07,0.005622368150418473,0.0060006
igbt_field_lower,igbt,external_field_model,95484.0,10.9,0.9366865853971548,0.06331341460284517,6.41630310997051e-07,6.85e-07,0.005620681524334167,0.0060006
igbt_field_lower,igbt,external_field_model,95922.00000000001,10.950000000000001,0.936405593476049,0.06359440652395099,6.414378315310936e-07,6.85e-07,0.00561899540421238,0.0060006
igbt_field_lower,igbt,external_field_model,96360.0,11.0,0.9361246858483034,0.06387531415169659,6.412454098060879e-07,6.85e-07,0.00561730978990133,0.0060006
igbt_field_lower,igbt,external_field_model,96798.0,11.05,0.9358438624886313,0.06415613751136877,6.410530458047124e-07,6.85e-07,0.005615624681249281,0.0060006
igbt_field_lower,igbt,external_field_model,97236.00000000001,11.100000000000001,0.9355631233717533,0.06443687662824665,6.40860739509651e-07,6.85e-07,0.005613940078104543,0.0060006
igbt_field_lower,igbt,external_field_model,97674.0,11.15,0.9352824684723982,0.06471753152760182,6.406684909035927e-07,6.85e-07,0.005612255980315472,0.0060006
igbt_field_lower,igbt,external_field_model,98112.00000000001,11.200000000000001,0.9350018977653017,0.06499810223469828,6.404762999692317e-07,6.85e-07,0.0056105723877304696,0.0060006
igbt_field_lower,igbt,external_field_model,98550.0,11.25,0.9347214112252076,0.06527858877479241,6.402841666892672e-07,6.85e-07,0.005608889300197981,0.0060006
igbt_field_lower,igbt,external_field_model,98988.0,11.3,0.9344410088268669,0.06555899117313307,6.400920910464038e-07,6.85e-07,0.005607206717566497,0.0060006
igbt_field_lower,igbt,external_field_model,99426.00000000001,11.350000000000001,0.9341606905450385,0.06583930945496155,6.399000730233514e-07,6.85e-07,0.005605524639684558,0.0060006
igbt_field_lower,igbt,external_field_model,99864.0,11.4,0.9338804563544885,0.0661195436455115,6.397081126028246e-07,6.85e-07,0.005603843066400744,0.0060006
igbt_field_lower,igbt,external_field_model,100302.00000000001,11.450000000000001,0.9336003062299909,0.06639969377000908,6.395162097675438e-07,6.85e-07,0.005602161997563683,0.0060006
igbt_field_lower,igbt,external_field_model,100740.0,11.5,0.9333202401463272,0.06667975985367279,6.393243645002341e-07,6.85e-07,0.0056004814330220505,0.0060006
igbt_field_lower,igbt,external_field_model,101178.0,11.55,0.9330402580782863,0.06695974192171368,6.391325767836261e-07,6.85e-07,0.0055988013726245645,0.0060006
igbt_field_lower,igbt,external_field_model,101616.00000000001,11.600000000000001,0.9327603600006649,0.06723963999933513,6.389408466004555e-07,6.85e-07,0.00559712181621999,0.0060006
igbt_field_lower,igbt,external_field_model,102054.0,11.65,0.9324805458882669,0.06751945411173303,6.387491739334628e-07,6.85e-07,0.005595442763657134,0.0060006
igbt_field_lower,igbt,external_field_model,102492.00000000001,11.700000000000001,0.9322008157159043,0.06779918428409569,6.385575587653944e-07,6.85e-07,0.005593764214784855,0.0060006
igbt_field_lower,igbt,external_field_model,102930.0,11.75,0.9319211694583961,0.06807883054160384,6.383660010790013e-07,6.85e-07,0.005592086169452052,0.0060006
igbt_field_lower,igbt,external_field_model,103368.0,11.8,0.9316416070905693,0.06835839290943069,6.3817450085704e-07,6.85e-07,0.005590408627507671,0.0060006
igbt_field_lower,igbt,external_field_model,103806.00000000001,11.850000000000001,0.9313621285872581,0.06863787141274191,6.379830580822718e-07,6.85e-07,0.005588731588800701,0.0060006
igbt_field_lower,igbt,external_field_model,104244.0,11.9,0.9310827339233044,0.06891726607669554,6.377916727374635e-07,6.85e-07,0.00558705505318018,0.0060006
igbt_field_lower,igbt,external_field_model,104682.00000000001,11.950000000000001,0.9308034230735578,0.0691965769264422,6.376003448053871e-07,6.85e-07,0.005585379020495191,0.0060006
igbt_field_lower,igbt,external_field_model,105120.0,12.0,0.9305241960128752,0.06947580398712482,6.374090742688195e-07,6.85e-07,0.005583703490594859,0.0060006
igbt_field_lower,igbt,external_field_model,105558.0,12.05,0.9302450527161211,0.06975494728387889,6.37217861110543e-07,6.85e-07,0.005582028463328357,0.0060006
igbt_field_lower,igbt,external_field_model,105996.00000000001,12.100000000000001,0.9299659931581676,0.07003400684183236,6.370267053133448e-07,6.85e-07,0.0055803539385449,0.0060006
igbt_field_lower,igbt,external_field_model,106434.0,12.15,0.9296870173138944,0.07031298268610559,6.368356068600176e-07,6.85e-07,0.005578679916093754,0.0060006
igbt_field_lower,igbt,external_field_model,106872.00000000001,12.200000000000001,0.9294081251581886,0.07059187484181144,6.366445657333592e-07,6.85e-07,0.0055770063958242265,0.0060006
igbt_field_lower,igbt,external_field_model,107310.0,12.25,0.9291293166659448,0.07087068333405519,6.364535819161721e-07,6.85e-07,0.005575333377585668,0.0060006
igbt_field_lower,igbt,external_field_model,107748.0,12.3,0.9288505918120653,0.07114940818793468,6.362626553912647e-07,6.85e-07,0.005573660861227479,0.0060006
igbt_field_lower,igbt,external_field_model,108186.00000000001,12.350000000000001,0.9285719505714599,0.07142804942854011,6.3607178614145e-07,6.85e-07,0.005571988846599102,0.0060006
igbt_field_lower,igbt,external_field_model,108624.0,12.4,0.9282933929190458,0.07170660708095423,6.358809741495464e-07,6.85e-07,0.005570317333550026,0.0060006
igbt_field_lower,igbt,external_field_model,109062.00000000001,12.450000000000001,0.9280149188297477,0.07198508117025226,6.356902193983772e-07,6.85e-07,0.005568646321929784,0.0060006
igbt_field_lower,igbt,external_field_model,109500.0,12.5,0.9277365282784982,0.07226347172150185,6.354995218707712e-07,6.85e-07,0.005566975811587956,0.0060006
igbt_field_lower,igbt,external_field_model,109938.0,12.55,0.9274582212402368,0.07254177875976318,6.353088815495622e-07,6.85e-07,0.005565305802374165,0.0060006
igbt_field_lower,igbt,external_field_model,110376.00000000001,12.600000000000001,0.9271799976899111,0.0728200023100889,6.351182984175891e-07,6.85e-07,0.0055636362941380805,0.0060006
igbt_field_lower,igbt,external_field_model,110814.0,12.65,0.9269018576024759,0.07309814239752412,6.349277724576959e-07,6.85e-07,0.005561967286729416,0.0060006
igbt_field_lower,igbt,external_field_model,111252.00000000001,12.700000000000001,0.9266238009528935,0.07337619904710647,6.347373036527321e-07,6.85e-07,0.005560298779997933,0.0060006
igbt_field_lower,igbt,external_field_model,111690.0,12.75,0.9263458277161339,0.07365417228386602,6.345468919855517e-07,6.85e-07,0.005558630773793433,0.0060006
igbt_field_lower,igbt,external_field_model,112128.0,12.8,0.9260679378671746,0.07393206213282542,6.343565374390145e-07,6.85e-07,0.0055569632679657675,0.0060006
igbt_field_lower,igbt,external_field_model,112566.00000000001,12.850000000000001,0.9257901313810003,0.07420986861899972,6.341662399959852e-07,6.85e-07,0.005555296262364831,0.0060006
igbt_field_lower,igbt,external_field_model,113004.0,12.9,0.9255124082326035,0.07448759176739651,6.339759996393334e-07,6.85e-07,0.005553629756840561,0.0060006
igbt_field_lower,igbt,external_field_model,113442.00000000001,12.950000000000001,0.9252347683969842,0.07476523160301589,6.337858163519341e-07,6.85e-07,0.005551963751242943,0.0060006
igbt_field_lower,igbt,external_field_model,113880.0,13.0,0.9249572118491496,0.07504278815085041,6.335956901166675e-07,6.85e-07,0.005550298245422007,0.0060006
igbt_field_lower,igbt,external_field_model,114318.0,13.05,0.9246797385641148,0.07532026143588519,6.334056209164186e-07,6.85e-07,0.005548633239227827,0.0060006
igbt_field_lower,igbt,external_field_model,114756.00000000001,13.100000000000001,0.9244023485169022,0.07559765148309783,6.33215608734078e-07,6.85e-07,0.005546968732510524,0.0060006
igbt_field_lower,igbt,external_field_model,115194.0,13.15,0.9241250416825416,0.07587495831745836,6.33025653552541e-07,6.85e-07,0.005545304725120259,0.0060006
igbt_field_lower,igbt,external_field_model,115632.00000000001,13.200000000000001,0.9238478180360705,0.07615218196392948,6.328357553547083e-07,6.85e-07,0.005543641216907245,0.0060006
igbt_field_lower,igbt,external_field_model,116070.0,13.25,0.9235706775525337,0.07642932244746621,6.326459141234856e-07,6.85e-07,0.005541978207721734,0.0060006
igbt_field_lower,igbt,external_field_model,116508.0,13.3,0.9232936202069837,0.07670637979301627,6.324561298417839e-07,6.85e-07,0.005540315697414026,0.0060006
igbt_field_lower,igbt,external_field_model,116946.00000000001,13.350000000000001,0.9230166459744802,0.07698335402551976,6.322664024925189e-07,6.85e-07,0.005538653685834466,0.0060006
igbt_field_lower,igbt,external_field_model,117384.0,13.4,0.9227397548300906,0.07726024516990936,6.320767320586121e-07,6.85e-07,0.005536992172833442,0.0060006
igbt_field_lower,igbt,external_field_model,117822.00000000001,13.450000000000001,0.9224629467488897,0.07753705325111025,6.318871185229895e-07,6.85e-07,0.005535331158261388,0.0060006
igbt_field_lower,igbt,external_field_model,118260.0,13.5,0.9221862217059599,0.07781377829404015,6.316975618685825e-07,6.85e-07,0.005533670641968783,0.0060006
igbt_field_lower,igbt,external_field_model,118698.0,13.55,0.9219095796763906,0.0780904203236093,6.315080620783276e-07,6.85e-07,0.0055320106238061495,0.0060006
igbt_field_lower,igbt,external_field_model,119136.00000000001,13.600000000000001,0.9216330206352795,0.07836697936472045,6.313186191351664e-07,6.85e-07,0.005530351103624058,0.0060006
igbt_field_lower,igbt,external_field_model,119574.0,13.65,0.9213565445577311,0.07864345544226889,6.311292330220458e-07,6.85e-07,0.005528692081273121,0.0060006
igbt_field_lower,igbt,external_field_model,120012.00000000001,13.700000000000001,0.9210801514188576,0.07891984858114245,6.309399037219175e-07,6.85e-07,0.005527033556603997,0.0060006
igbt_field_lower,igbt,external_field_model,120450.0,13.75,0.9208038411937784,0.0791961588062215,6.307506312177382e-07,6.85e-07,0.0055253755294673865,0.0060006
igbt_field_lower,igbt,external_field_model,120888.0,13.8,0.920527613857621,0.0794723861423789,6.305614154924704e-07,6.85e-07,0.005523717999714041,0.0060006
igbt_field_lower,igbt,external_field_model,121326.00000000001,13.850000000000001,0.9202514693855198,0.07974853061448013,6.303722565290811e-07,6.85e-07,0.00552206096719475,0.0060006
igbt_field_lower,igbt,external_field_model,121764.0,13.9,0.9199754077526169,0.08002459224738313,6.301831543105426e-07,6.85e-07,0.005520404431760354,0.0060006
igbt_field_lower,igbt,external_field_model,122202.00000000001,13.950000000000001,0.9196994289340615,0.08030057106593844,6.299941088198322e-07,6.85e-07,0.00551874839326173,0.0060006
igbt_field_lower,igbt,external_field_model,122640.0,14.0,0.9194235329050109,0.08057646709498908,6.298051200399324e-07,6.85e-07,0.0055170928515498084,0.0060006
igbt_field_lower,igbt,external_field_model,123078.0,14.05,0.9191477196406292,0.08085228035937071,6.29616187953831e-07,6.85e-07,0.00551543780647556,0.0060006
igbt_field_lower,igbt,external_field_model,123516.00000000001,14.100000000000001,0.9188719891160886,0.08112801088391146,6.294273125445207e-07,6.85e-07,0.005513783257890001,0.0060006
igbt_field_lower,igbt,external_field_model,123954.0,14.15,0.918596341306568,0.08140365869343204,6.292384937949991e-07,6.85e-07,0.005512129205644192,0.0060006
igbt_field_lower,igbt,external_field_model,124392.00000000001,14.200000000000001,0.9183207761872543,0.08167922381274573,6.290497316882691e-07,6.85e-07,0.005510475649589237,0.0060006
igbt_field_lower,igbt,external_field_model,124830.0,14.25,0.9180452937333416,0.08195470626665832,6.28861026207339e-07,6.85e-07,0.00550882258957629,0.0060006
igbt_field_lower,igbt,external_field_model,125268.0,14.3,0.9177698939200317,0.08223010607996822,6.286723773352217e-07,6.85e-07,0.005507170025456543,0.0060006
igbt_field_lower,igbt,external_field_model,125706.00000000001,14.350000000000001,0.9174945767225337,0.08250542327746639,6.284837850549355e-07,6.85e-07,0.005505517957081235,0.0060006
igbt_field_lower,igbt,external_field_model,126144.0,14.4,0.9172193421160637,0.08278065788393628,6.282952493495037e-07,6.85e-07,0.005503866384301653,0.0060006
igbt_field_lower,igbt,external_field_model,126582.00000000001,14.450000000000001,0.9169441900758459,0.08305580992415401,6.281067702019544e-07,6.85e-07,0.005502215306969121,0.0060006
igbt_field_lower,igbt,external_field_model,127020.0,14.5,0.9166691205771118,0.08333087942288817,6.279183475953216e-07,6.85e-07,0.005500564724935017,0.0060006
igbt_field_lower,igbt,external_field_model,127458.0,14.55,0.9163941335951,0.0836058664049,6.277299815126436e-07,6.85e-07,0.005498914638050758,0.0060006
igbt_field_lower,igbt,external_field_model,127896.00000000001,14.600000000000001,0.9161192291050567,0.08388077089494328,6.275416719369639e-07,6.85e-07,0.005497265046167804,0.0060006
igbt_field_lower,igbt,external_field_model,128334.0,14.65,0.9158444070822357,0.08415559291776432,6.273534188513315e-07,6.85e-07,0.005495615949137663,0.0060006
igbt_field_lower,igbt,external_field_model,128772.00000000001,14.700000000000001,0.9155696675018979,0.08443033249810211,6.271652222388001e-07,6.85e-07,0.005493967346811889,0.0060006
igbt_field_lower,igbt,external_field_model,129210.0,14.75,0.9152950103393119,0.08470498966068811,6.269770820824287e-07,6.85e-07,0.005492319239042075,0.0060006
igbt_field_lower,igbt,external_field_model,129648.0,14.8,0.9150204355697535,0.08497956443024644,6.267889983652811e-07,6.85e-07,0.005490671625679863,0.0060006
igbt_field_lower,igbt,external_field_model,130086.00000000001,14.850000000000001,0.9147459431685062,0.08525405683149377,6.266009710704268e-07,6.85e-07,0.005489024506576939,0.0060006
igbt_field_lower,igbt,external_field_model,130524.0,14.9,0.9144715331108607,0.08552846688913933,6.264130001809396e-07,6.85e-07,0.0054873778815850306,0.0060006
igbt_field_lower,igbt,external_field_model,130962.00000000001,14.950000000000001,0.914197205372115,0.08580279462788498,6.262250856798988e-07,6.85e-07,0.005485731750555914,0.0060006
igbt_field_lower,igbt,external_field_model,131400.0,15.0,0.9139229599275749,0.08607704007242516,6.260372275503888e-07,6.85e-07,0.005484086113341407,0.0060006
igbt_field_lower,igbt,external_field_model,131838.0,15.05,0.9136487967525531,0.08635120324744688,6.258494257754988e-07,6.85e-07,0.00548244096979337,0.0060006
igbt_field_lower,igbt,external_field_model,132276.0,15.100000000000001,0.9133747158223702,0.0866252841776298,6.256616803383236e-07,6.85e-07,0.005480796319763715,0.0060006
igbt_field_lower,igbt,external_field_model,132714.0,15.15,0.9131007171123539,0.08689928288764609,6.254739912219624e-07,6.85e-07,0.00547915216310439,0.0060006
igbt_field_lower,igbt,external_field_model,133152.0,15.200000000000001,0.9128268005978394,0.08717319940216062,6.2528635840952e-07,6.85e-07,0.005477508499667396,0.0060006
igbt_field_lower,igbt,external_field_model,133590.0,15.25,0.9125529662541693,0.08744703374583074,6.25098781884106e-07,6.85e-07,0.005475865329304768,0.0060006
igbt_field_lower,igbt,external_field_model,134028.0,15.3,0.9122792140566934,0.08772078594330653,6.24911261628835e-07,6.85e-07,0.005474222651868594,0.0060006
igbt_field_lower,igbt,external_field_model,134466.0,15.350000000000001,0.9120055439807694,0.08799445601923057,6.24723797626827e-07,6.85e-07,0.005472580467211005,0.0060006
igbt_field_lower,igbt,external_field_model,134904.0,15.4,0.9117319560017618,0.08826804399823814,6.245363898612069e-07,6.85e-07,0.005470938775184172,0.0060006
igbt_field_lower,igbt,external_field_model,135342.0,15.450000000000001,0.911458450095043,0.08854154990495704,6.243490383151044e-07,6.85e-07,0.005469297575640315,0.0060006
igbt_field_lower,igbt,external_field_model,135780.0,15.5,0.9111850262359923,0.08881497376400777,6.241617429716547e-07,6.85e-07,0.005467656868431695,0.0060006
igbt_field_lower,igbt,external_field_model,136218.0,15.55,0.9109116843999967,0.08908831560000334,6.239745038139977e-07,6.85e-07,0.0054660166534106205,0.0060006
igbt_field_lower,igbt,external_field_model,136656.0,15.600000000000001,0.9106384245624505,0.08936157543754948,6.237873208252786e-07,6.85e-07,0.005464376930429441,0.0060006
igbt_field_lower,igbt,external_field_model,137094.0,15.65,0.9103652466987555,0.08963475330124449,6.236001939886475e-07,6.85e-07,0.005462737699340552,0.0060006
igbt_field_lower,igbt,external_field_model,137532.0,15.700000000000001,0.9100921507843207,0.08990784921567929,6.234131232872597e-07,6.85e-07,0.005461098959996395,0.0060006
igbt_field_lower,igbt,external_field_model,137970.0,15.75,0.9098191367945626,0.09018086320543742,6.232261087042754e-07,6.85e-07,0.005459460712249452,0.0060006
igbt_field_lower,igbt,external_field_model,138408.0,15.8,0.9095462047049049,0.09045379529509506,6.230391502228598e-07,6.85e-07,0.005457822955952252,0.0060006
igbt_field_lower,igbt,external_field_model,138846.0,15.850000000000001,0.909273354490779,0.09072664550922101,6.228522478261835e-07,6.85e-07,0.005456185690957368,0.0060006
igbt_field_lower,igbt,external_field_model,139284.0,15.9,0.9090005861276232,0.09099941387237671,6.22665401497422e-07,6.85e-07,0.005454548917117416,0.0060006
igbt_field_lower,igbt,external_field_model,139722.0,15.950000000000001,0.9087278995908837,0.09127210040911622,6.224786112197554e-07,6.85e-07,0.0054529126342850575,0.0060006
igbt_field_lower,igbt,external_field_model,140160.0,16.0,0.9084552948560137,0.09154470514398622,6.222918769763694e-07,6.85e-07,0.005451276842312996,0.0060006
igbt_field_lower,igbt,external_field_model,140598.0,16.05,0.908182771898474,0.09181722810152607,6.221051987504546e-07,6.85e-07,0.005449641541053983,0.0060006
igbt_field_lower,igbt,external_field_model,141036.0,16.1,0.9079103306937323,0.09208966930626772,6.219185765252067e-07,6.85e-07,0.00544800673036081,0.0060006
igbt_field_lower,igbt,external_field_model,141474.00000000003,16.150000000000002,0.9076379712172642,0.0923620287827358,6.21732010283826e-07,6.85e-07,0.005446372410086316,0.0060006
igbt_field_lower,igbt,external_field_model,141912.0,16.2,0.9073656934445524,0.09263430655544753,6.215455000095184e-07,6.85e-07,0.005444738580083382,0.0060006
igbt_field_lower,igbt,external_field_model,142350.0,16.25,0.9070934973510871,0.09290650264891287,6.213590456854947e-07,6.85e-07,0.005443105240204934,0.0060006
igbt_field_lower,igbt,external_field_model,142788.0,16.3,0.9068213829123657,0.09317861708763432,6.211726472949705e-07,6.85e-07,0.005441472390303941,0.0060006
igbt_field_lower,igbt,external_field_model,143226.0,16.35,0.9065493501038929,0.09345064989610712,6.209863048211666e-07,6.85e-07,0.0054398400302334195,0.0060006
igbt_field_lower,igbt,external_field_model,143664.00000000003,16.400000000000002,0.9062773989011809,0.09372260109881908,6.208000182473089e-07,6.85e-07,0.005438208159846426,0.0060006
igbt_field_lower,igbt,external_field_model,144102.0,16.45,0.9060055292797493,0.0939944707202507,6.206137875566283e-07,6.85e-07,0.005436576778996064,0.0060006
igbt_field_lower,igbt,external_field_model,144540.0,16.5,0.9057337412151248,0.09426625878487516,6.204276127323605e-07,6.85e-07,0.0054349458875354775,0.0060006
igbt_field_lower,igbt,external_field_model,144978.0,16.55,0.9054620346828417,0.09453796531715829,6.202414937577465e-07,6.85e-07,0.00543331548531786,0.0060006
igbt_field_lower,igbt,external_field_model,145416.0,16.6,0.9051904096584414,0.09480959034155854,6.200554306160323e-07,6.85e-07,0.005431685572196443,0.0060006
igbt_field_lower,igbt,external_field_model,145854.00000000003,16.650000000000002,0.9049188661174729,0.0950811338825271,6.198694232904689e-07,6.85e-07,0.0054300561480245075,0.0060006
igbt_field_lower,igbt,external_field_model,146292.0,16.7,0.9046474040354923,0.09535259596450771,6.196834717643122e-07,6.85e-07,0.005428427212655375,0.0060006
igbt_field_lower,igbt,external_field_model,146730.0,16.75,0.9043760233880631,0.0956239766119369,6.194975760208232e-07,6.85e-07,0.005426798765942411,0.0060006
igbt_field_lower,igbt,external_field_model,147168.0,16.8,0.9041047241507563,0.09589527584924377,6.193117360432681e-07,6.85e-07,0.005425170807739028,0.0060006
igbt_field_lower,igbt,external_field_model,147606.0,16.85,0.9038335062991498,0.09616649370085019,6.191259518149176e-07,6.85e-07,0.005423543337898678,0.0060006
igbt_field_lower,igbt,external_field_model,148044.00000000003,16.900000000000002,0.9035623698088294,0.09643763019117062,6.189402233190481e-07,6.85e-07,0.005421916356274862,0.0060006
igbt_field_lower,igbt,external_field_model,148482.0,16.95,0.9032913146553878,0.09670868534461217,6.187545505389407e-07,6.85e-07,0.00542028986272112,0.0060006
igbt_field_lower,igbt,external_field_model,148920.0,17.0,0.9030203408144253,0.09697965918557476,6.185689334578813e-07,6.85e-07,0.00541866385709104,0.0060006
igbt_field_lower,igbt,external_field_model,149358.0,17.05,0.9027494482615491,0.0972505517384509,6.183833720591611e-07,6.85e-07,0.005417038339238252,0.0060006
igbt_field_lower,igbt,external_field_model,149796.0,17.1,0.9024786369723742,0.09752136302762576,6.181978663260763e-07,6.85e-07,0.005415413309016429,0.0060006
igbt_field_lower,igbt,external_field_model,150234.00000000003,17.150000000000002,0.9022079069225227,0.0977920930774773,6.180124162419281e-07,6.85e-07,0.00541378876627929,0.0060006
igbt_field_lower,igbt,external_field_model,150672.0,17.2,0.901937258087624,0.098062741912376,6.178270217900225e-07,6.85e-07,0.005412164710880597,0.0060006
igbt_field_lower,igbt,external_field_model,151110.0,17.25,0.9016666904433148,0.09833330955668522,6.176416829536706e-07,6.85e-07,0.005410541142674154,0.0060006
igbt_field_lower,igbt,external_field_model,151548.0,17.3,0.9013962039652391,0.09860379603476087,6.174563997161888e-07,6.85e-07,0.005408918061513814,0.0060006
igbt_field_lower,igbt,external_field_model,151986.0,17.35,0.9011257986290484,0.0988742013709516,6.172711720608982e-07,6.85e-07,0.005407295467253468,0.0060006
igbt_field_lower,igbt,external_field_model,152424.00000000003,17.400000000000002,0.9008554744104013,0.0991445255895988,6.170859999711249e-07,6.85e-07,0.005405673359747054,0.0060006
igbt_field_lower,igbt,external_field_model,152862.0,17.45,0.9005852312849636,0.09941476871503643,6.169008834302001e-07,6.85e-07,0.005404051738848553,0.0060006
igbt_field_lower,igbt,external_field_model,153300.0,17.5,0.9003150692284086,0.09968493077159134,6.1671582242146e-07,6.85e-07,0.005402430604411989,0.0060006
igbt_field_lower,igbt,external_field_model,153738.0,17.55,0.9000449882164171,0.0999550117835829,6.165308169282457e-07,6.85e-07,0.005400809956291433,0.0060006
igbt_field_lower,igbt,external_field_model,154176.0,17.6,0.8997749882246767,0.10022501177532331,6.163458669339036e-07,6.85e-07,0.005399189794340995,0.0060006
igbt_field_lower,igbt,external_field_model,154614.00000000003,17.650000000000002,0.8995050692288826,0.10049493077111743,6.161609724217846e-07,6.85e-07,0.0053975701184148335,0.0060006
igbt_field_lower,igbt,external_field_model,155052.0,17.7,0.8992352312047373,0.10076476879526276,6.159761333752451e-07,6.85e-07,0.005395950928367147,0.0060006
igbt_field_lower,igbt,external_field_model,155490.0,17.75,0.8989654741279504,0.10103452587204967,6.15791349777646e-07,6.85e-07,0.005394332224052179,0.0060006
igbt_field_lower,igbt,external_field_model,155928.0,17.8,0.8986957979742389,0.1013042020257611,6.156066216123536e-07,6.85e-07,0.005392714005324218,0.0060006
igbt_field_lower,igbt,external_field_model,156366.0,17.85,0.8984262027193273,0.10157379728067277,6.154219488627392e-07,6.85e-07,0.005391096272037595,0.0060006
igbt_field_lower,igbt,external_field_model,156804.00000000003,17.900000000000002,0.8981566883389469,0.10184331166105313,6.152373315121786e-07,6.85e-07,0.005389479024046685,0.0060006
igbt_field_lower,igbt,external_field_model,157242.0,17.95,0.8978872548088367,0.10211274519116327,6.150527695440531e-07,6.85e-07,0.005387862261205905,0.0060006
igbt_field_lower,igbt,external_field_model,157680.0,18.0,0.8976179021047429,0.10238209789525712,6.148682629417489e-07,6.85e-07,0.00538624598336972,0.0060006
igbt_field_lower,igbt,external_field_model,158118.0,18.05,0.8973486302024187,0.10265136979758123,6.146838116886568e-07,6.85e-07,0.005384630190392634,0.0060006
igbt_field_lower,igbt,external_field_model,158556.0,18.1,0.897079439077625,0.10292056092237495,6.144994157681731e-07,6.85e-07,0.005383014882129196,0.0060006
igbt_field_lower,igbt,external_field_model,158994.00000000003,18.150000000000002,0.8968103287061296,0.10318967129387031,6.143150751636988e-07,6.85e-07,0.005381400058434001,0.0060006
igbt_field_lower,igbt,external_field_model,159432.0,18.2,0.8965412990637079,0.10345870093629206,6.141307898586399e-07,6.85e-07,0.005379785719161686,0.0060006
igbt_field_lower,igbt,external_field_model,159870.0,18.25,0.8962723501261423,0.10372764987385776,6.139465598364074e-07,6.85e-07,0.005378171864166929,0.0060006
igbt_field_lower,igbt,external_field_model,160308.0,18.3,0.8960034818692224,0.10399651813077762,6.137623850804174e-07,6.85e-07,0.005376558493304456,0.0060006
igbt_field_lower,igbt,external_field_model,160746.0,18.35,0.8957346942687453,0.10426530573125464,6.135782655740905e-07,6.85e-07,0.005374945606429033,0.0060006
igbt_field_lower,igbt,external_field_model,161184.00000000003,18.400000000000002,0.8954659873005154,0.10453401269948458,6.13394201300853e-07,6.85e-07,0.0053733332033954724,0.0060006
igbt_field_lower,igbt,external_field_model,161622.0,18.45,0.8951973609403442,0.10480263905965581,6.132101922441358e-07,6.85e-07,0.005371721284058629,0.0060006
igbt_field_lower,igbt,external_field_model,162060.0,18.5,0.8949288151640503,0.10507118483594961,6.130262383873745e-07,6.85e-07,0.005370109848273401,0.0060006
igbt_field_lower,igbt,external_field_model,162498.0,18.55,0.89466034994746,0.10533965005253992,6.128423397140102e-07,6.85e-07,0.005368498895894729,0.0060006
igbt_field_lower,igbt,external_field_model,162936.0,18.6,0.8943919652664065,0.10560803473359345,6.126584962074884e-07,6.85e-07,0.005366888426777599,0.0060006
igbt_field_lower,igbt,external_field_model,163374.00000000003,18.650000000000002,0.8941236610967304,0.10587633890326965,6.124747078512603e-07,6.85e-07,0.00536527844077704,0.0060006
igbt_field_lower,igbt,external_field_model,163812.0,18.7,0.8938554374142793,0.10614456258572068,6.122909746287814e-07,6.85e-07,0.005363668937748125,0.0060006
igbt_field_lower,igbt,external_field_model,164250.0,18.75,0.8935872941949085,0.10641270580509156,6.121072965235123e-07,6.85e-07,0.005362059917545968,0.0060006
igbt_field_lower,igbt,external_field_model,164688.0,18.8,0.89331923141448,0.10668076858551997,6.119236735189188e-07,6.85e-07,0.005360451380025728,0.0060006
igbt_field_lower,igbt,external_field_model,165126.0,18.85,0.8930512490488636,0.10694875095113641,6.117401055984716e-07,6.85e-07,0.005358843325042611,0.0060006
igbt_field_lower,igbt,external_field_model,165564.00000000003,18.900000000000002,0.8927833470739358,0.10721665292606414,6.11556592745646e-07,6.85e-07,0.00535723575245186,0.0060006
igbt_field_lower,igbt,external_field_model,166002.0,18.95,0.8925155254655809,0.10748447453441906,6.113731349439229e-07,6.85e-07,0.005355628662108764,0.0060006
igbt_field_lower,igbt,external_field_model,166440.0,19.0,0.89224778419969,0.10775221580031004,6.111897321767876e-07,6.85e-07,0.0053540220538686595,0.0060006
igbt_field_lower,igbt,external_field_model,166878.0,19.05,0.8919801232521615,0.10801987674783857,6.110063844277306e-07,6.85e-07,0.00535241592758692,0.0060006
igbt_field_lower,igbt,external_field_model,167316.0,19.1,0.8917125425989011,0.10828745740109895,6.108230916802472e-07,6.85e-07,0.005350810283118966,0.0060006
igbt_field_lower,igbt,external_field_model,167754.00000000003,19.150000000000002,0.8914450422158217,0.1085549577841783,6.106398539178379e-07,6.85e-07,0.00534920512032026,0.0060006
igbt_field_lower,igbt,external_field_model,168192.00000000003,19.200000000000003,0.8911776220788435,0.10882237792115641,6.104566711240078e-07,6.85e-07,0.005347600439046308,0.0060006
igbt_field_lower,igbt,external_field_model,168630.0,19.25,0.8909102821638941,0.10908971783610592,6.102735432822674e-07,6.85e-07,0.0053459962391526625,0.0060006
igbt_field_lower,igbt,external_field_model,169068.0,19.3,0.8906430224469077,0.10935697755309226,6.100904703761318e-07,6.85e-07,0.005344392520494914,0.0060006
igbt_field_lower,igbt,external_field_model,169506.0,19.35,0.8903758429038264,0.10962415709617361,6.099074523891211e-07,6.85e-07,0.005342789282928701,0.0060006
igbt_field_lower,igbt,external_field_model,169944.00000000003,19.400000000000002,0.8901087435105991,0.10989125648940094,6.097244893047604e-07,6.85e-07,0.005341186526309701,0.0060006
igbt_field_lower,igbt,external_field_model,170382.00000000003,19.450000000000003,0.889841724243182,0.11015827575681797,6.095415811065796e-07,6.85e-07,0.005339584250493638,0.0060006
igbt_field_lower,igbt,external_field_model,170820.0,19.5,0.8895747850775387,0.11042521492246125,6.09358727778114e-07,6.85e-07,0.005337982455336279,0.0060006
igbt_field_lower,igbt,external_field_model,171258.0,19.55,0.8893079259896398,0.11069207401036016,6.091759293029033e-07,6.85e-07,0.005336381140693433,0.0060006
igbt_field_lower,igbt,external_field_model,171696.0,19.6,0.8890411469554632,0.11095885304453677,6.089931856644923e-07,6.85e-07,0.005334780306420953,0.0060006
igbt_field_lower,igbt,external_field_model,172134.00000000003,19.650000000000002,0.8887744479509939,0.11122555204900604,6.088104968464309e-07,6.85e-07,0.005333179952374734,0.0060006
igbt_field_lower,igbt,external_field_model,172572.00000000003,19.700000000000003,0.8885078289522244,0.11149217104777563,6.086278628322737e-07,6.85e-07,0.005331580078410717,0.0060006
igbt_field_lower,igbt,external_field_model,173010.0,19.75,0.8882412899351539,0.11175871006484607,6.084452836055805e-07,6.85e-07,0.005329980684384885,0.0060006
igbt_field_lower,igbt,external_field_model,173448.0,19.8,0.8879748308757893,0.11202516912421066,6.082627591499157e-07,6.85e-07,0.005328381770153262,0.0060006
igbt_field_lower,igbt,external_field_model,173886.0,19.85,0.8877084517501445,0.11229154824985556,6.080802894488489e-07,6.85e-07,0.0053267833355719165,0.0060006
igbt_field_lower,igbt,external_field_model,174324.00000000003,19.900000000000002,0.8874421525342403,0.11255784746575966,6.078978744859546e-07,6.85e-07,0.005325185380496963,0.0060006
igbt_field_lower,igbt,external_field_model,174762.00000000003,19.950000000000003,0.8871759332041054,0.11282406679589464,6.077155142448122e-07,6.85e-07,0.005323587904784555,0.0060006
igbt_field_lower,igbt,external_field_model,175200.0,20.0,0.8869097937357749,0.11309020626422508,6.075332087090058e-07,6.85e-07,0.005321990908290891,0.0060006
igbt_field_upper,igbt,external_field_model,0.0,0.0,1.0,0.0,2.74e-06,2.74e-06,0.0240024,0.0240024
igbt_field_upper,igbt,external_field_model,438.0,0.05,0.9988005998560072,0.0011994001439927949,2.7367136436054596e-06,2.74e-06,0.023973611517983825,0.0240024
igbt_field_upper,igbt,external_field_model,876.0,0.1,0.9976026382727198,0.00239736172728018,2.733431228867252e-06,2.74e-06,0.023944857564877128,0.0240024
igbt_field_upper,igbt,external_field_model,1314.0000000000002,0.15000000000000002,0.996406113524728,0.0035938864752720727,2.7301527510577545e-06,2.74e-06,0.02391613809926593,0.0240024
igbt_field_upper,igbt,external_field_model,1752.0,0.2,0.9952110238886911,0.004788976111308932,2.7268782054550135e-06,2.74e-06,0.023887453079785917,0.0240024
igbt_field_upper,igbt,external_field_model,2190.0,0.25,0.9940173676433357,0.005982632356664244,2.7236075873427398e-06,2.74e-06,0.0238588024651224,0.0240024
igbt_field_upper,igbt,external_field_model,2628.0000000000005,0.30000000000000004,0.992825143069453,0.007174856930547002,2.7203408920103013e-06,2.74e-06,0.02383018621401024,0.0240024
igbt_field_upper,igbt,external_field_model,3066.0000000000005,0.35000000000000003,0.9916343484498958,0.00836565155010417,2.7170781147527148e-06,2.74e-06,0.02380160428523378,0.0240024
igbt_field_upper,igbt,external_field_model,3504.0,0.4,0.9904449820695768,0.009555017930423177,2.7138192508706405e-06,2.74e-06,0.02377305663762681,0.0240024
igbt_field_upper,igbt,external_field_model,3942.0,0.45,0.9892570422154656,0.010742957784534367,2.710564295670376e-06,2.74e-06,0.023744543230072492,0.0240024
igbt_field_upper,igbt,external_field_model,4380.0,0.5,0.9880705271765865,0.011929472823413483,2.707313244463847e-06,2.74e-06,0.0237160640215033,0.0240024
igbt_field_upper,igbt,external_field_model,4818.0,0.55,0.9868854352440158,0.013114564755984118,2.7040660925686034e-06,2.74e-06,0.023687618970900964,0.0240024
igbt_field_upper,igbt,external_field_model,5256.000000000001,0.6000000000000001,0.9857017647108798,0.014298235289120186,2.7008228353078105e-06,2.74e-06,0.02365920803729642,0.0240024
igbt_field_upper,igbt,external_field_model,5694.0,0.65,0.9845195138723516,0.015480486127648364,2.6975834680102436e-06,2.74e-06,0.023630831179769735,0.0240024
igbt_field_upper,igbt,external_field_model,6132.000000000001,0.7000000000000001,0.9833386810256494,0.01666131897435058,2.694347986010279e-06,2.74e-06,0.023602488357450047,0.0240024
igbt_field_upper,igbt,external_field_model,6570.0,0.75,0.9821592644700335,0.01784073552996643,2.6911163846478918e-06,2.74e-06,0.023574179529515533,0.0240024
igbt_field_upper,igbt,external_field_model,7008.0,0.8,0.9809812625068044,0.019018737493195645,2.687888659268644e-06,2.74e-06,0.02354590465519332,0.0240024
igbt_field_upper,igbt,external_field_model,7446.000000000001,0.8500000000000001,0.9798046734392994,0.02019532656070054,2.6846648052236807e-06,2.74e-06,0.023517663693759443,0.0240024
igbt_field_upper,igbt,external_field_model,7884.0,0.9,0.9786294955728916,0.021370504427108444,2.681444817869723e-06,2.74e-06,0.023489456604538772,0.0240024
igbt_field_upper,igbt,external_field_model,8322.0,0.9500000000000001,0.9774557272149859,0.02254427278501417,2.6782286925690612e-06,2.74e-06,0.023461283346904976,0.0240024
igbt_field_upper,igbt,external_field_model,8760.0,1.0,0.9762833666750176,0.023716633324982406,2.675016424689548e-06,2.74e-06,0.02343314388028044,0.0240024
igbt_field_upper,igbt,external_field_model,9198.0,1.05,0.9751124122644498,0.02488758773555019,2.6718080096045923e-06,2.74e-06,0.02340503816413623,0.0240024
igbt_field_upper,igbt,external_field_model,9636.0,1.1,0.9739428622967706,0.026057137703229337,2.6686034426931514e-06,2.74e-06,0.023376966157992007,0.0240024
igbt_field_upper,igbt,external_field_model,10074.000000000002,1.1500000000000001,0.9727747150874911,0.027225284912508838,2.6654027193397256e-06,2.74e-06,0.023348927821415996,0.0240024
igbt_field_upper,igbt,external_field_model,10512.000000000002,1.2000000000000002,0.9716079689541427,0.02839203104585733,2.662205834934351e-06,2.74e-06,0.023320923114024915,0.0240024
igbt_field_upper,igbt,external_field_model,10950.0,1.25,0.9704426222162745,0.02955737778372547,2.6590127848725922e-06,2.74e-06,0.023292951995483906,0.0240024
igbt_field_upper,igbt,external_field_model,11388.0,1.3,0.9692786731954516,0.030721326804548414,2.6558235645555375e-06,2.74e-06,0.02326501442550651,0.0240024
igbt_field_upper,igbt,external_field_model,11826.0,1.35,0.9681161202152518,0.03188387978474818,2.6526381693897903e-06,2.74e-06,0.023237110363854563,0.0240024
igbt_field_upper,igbt,external_field_model,12264.000000000002,1.4000000000000001,0.9669549616012639,0.033045038398736105,2.6494565947874633e-06,2.74e-06,0.023209239770338178,0.0240024
igbt_field_upper,igbt,external_field_model,12702.000000000002,1.4500000000000002,0.9657951956810847,0.03420480431891521,2.646278836166172e-06,2.74e-06,0.023181402604815667,0.0240024
igbt_field_upper,igbt,external_field_model,13140.0,1.5,0.9646368207843173,0.035363179215682654,2.6431048889490294e-06,2.74e-06,0.0231535988271935,0.0240024
igbt_field_upper,igbt,external_field_model,13578.0,1.55,0.9634798352425679,0.03652016475743211,2.639934748564636e-06,2.74e-06,0.02312582839742621,0.0240024
igbt_field_upper,igbt,external_field_model,14016.0,1.6,0.9623242373894438,0.037675762610556204,2.636768410447076e-06,2.74e-06,0.02309809127551639,0.0240024
igbt_field_upper,igbt,external_field_model,14454.000000000002,1.6500000000000001,0.9611700255605511,0.03882997443944886,2.63360587003591e-06,2.74e-06,0.02307038742151457,0.0240024
igbt_field_upper,igbt,external_field_model,14892.000000000002,1.7000000000000002,0.9600171980934923,0.03998280190650774,2.6304471227761688e-06,2.74e-06,0.02304271679551924,0.0240024
igbt_field_upper,igbt,external_field_model,15330.0,1.75,0.9588657533278634,0.04113424667213663,2.6272921641183455e-06,2.74e-06,0.023015079357676705,0.0240024
igbt_field_upper,igbt,external_field_model,15768.0,1.8,0.9577156896052522,0.04228431039474783,2.6241409895183913e-06,2.74e-06,0.022987475068181107,0.0240024
igbt_field_upper,igbt,external_field_model,16206.0,1.85,0.9565670052692354,0.043432994730764535,2.620993594437705e-06,2.74e-06,0.022959903887274296,0.0240024
igbt_field_upper,igbt,external_field_model,16644.0,1.9000000000000001,0.9554196986653768,0.04458030133462321,2.6178499743431326e-06,2.74e-06,0.022932365775245843,0.0240024
igbt_field_upper,igbt,external_field_model,17082.0,1.9500000000000002,0.954273768141224,0.045726231858776015,2.6147101247069536e-06,2.74e-06,0.022904860692432912,0.0240024
igbt_field_upper,igbt,external_field_model,17520.0,2.0,0.9531292120463069,0.04687078795369314,2.6115740410068807e-06,2.74e-06,0.022877388599220276,0.0240024
igbt_field_upper,igbt,external_field_model,17958.000000000004,2.0500000000000003,0.9519860287321348,0.04801397126786523,2.6084417187260493e-06,2.74e-06,0.022849949456040193,0.0240024
igbt_field_upper,igbt,external_field_model,18396.0,2.1,0.9508442165521943,0.049155783447805676,2.6053131533530124e-06,2.74e-06,0.02282254322337239,0.0240024
igbt_field_upper,igbt,external_field_model,18834.0,2.15,0.9497037738619469,0.05029622613805309,2.6021883403817348e-06,2.74e-06,0.022795169861743996,0.0240024
igbt_field_upper,igbt,external_field_model,19272.0,2.2,0.9485646990188263,0.05143530098117362,2.5990672753115843e-06,2.74e-06,0.022767829331729477,0.0240024
igbt_field_upper,igbt,external_field_model,19710.0,2.25,0.9474269903822367,0.052573009617763275,2.5959499536473287e-06,2.74e-06,0.0227405215939506,0.0240024
igbt_field_upper,igbt,external_field_model,20148.000000000004,2.3000000000000003,0.9462906463135496,0.0537093536864504,2.592836370899126e-06,2.74e-06,0.022713246609076344,0.0240024
igbt_field_upper,igbt,external_field_model,20586.0,2.35,0.9451556651761021,0.054844334823897896,2.5897265225825196e-06,2.74e-06,0.022686004337822873,0.0240024
igbt_field_upper,igbt,external_field_model,21024.000000000004,2.4000000000000004,0.9440220453351943,0.05597795466480573,2.5866204042184323e-06,2.74e-06,0.022658794740953468,0.0240024
igbt_field_upper,igbt,external_field_model,21462.0,2.45,0.9428897851580869,0.05711021484191312,2.583518011333158e-06,2.74e-06,0.022631617779278464,0.0240024
igbt_field_upper,igbt,external_field_model,21900.0,2.5,0.9417588830139989,0.058241116986001075,2.580419339458357e-06,2.74e-06,0.022604473413655207,0.0240024
igbt_field_upper,igbt,external_field_model,22338.000000000004,2.5500000000000003,0.9406293372741055,0.059370662725894564,2.577324384131049e-06,2.74e-06,0.022577361604987987,0.0240024
igbt_field_upper,igbt,external_field_model,22776.0,2.6,0.939501146311535,0.060498853688464964,2.574233140893606e-06,2.74e-06,0.02255028231422799,0.0240024
igbt_field_upper,igbt,external_field_model,23214.000000000004,2.6500000000000004,0.9383743085013676,0.06162569149863242,2.571145605293747e-06,2.74e-06,0.022523235502373225,0.0240024
igbt_field_upper,igbt,external_field_model,23652.0,2.7,0.9372488222206319,0.06275117777936809,2.5680617728845314e-06,2.74e-06,0.022496221130468494,0.0240024
igbt_field_upper,igbt,external_field_model,24090.0,2.75,0.9361246858483034,0.06387531415169659,2.5649816392243515e-06,2.74e-06,0.02246923915960532,0.0240024
igbt_field_upper,igbt,external_field_model,24528.000000000004,2.8000000000000003,0.9350018977653017,0.06499810223469828,2.5619051998769267e-06,2.74e-06,0.022442289550921878,0.0240024
igbt_field_upper,igbt,external_field_model,24966.0,2.85,0.9338804563544885,0.0661195436455115,2.5588324504112986e-06,2.74e-06,0.022415372265602976,0.0240024
igbt_field_upper,igbt,external_field_model,25404.000000000004,2.9000000000000004,0.9327603600006649,0.06723963999933513,2.555763386401822e-06,2.74e-06,0.02238848726487996,0.0240024
igbt_field_upper,igbt,external_field_model,25842.0,2.95,0.9316416070905693,0.06835839290943069,2.55269800342816e-06,2.74e-06,0.022361634510030683,0.0240024
igbt_field_upper,igbt,external_field_model,26280.0,3.0,0.9305241960128752,0.06947580398712482,2.549636297075278e-06,2.74e-06,0.022334813962379435,0.0240024
igbt_field_upper,igbt,external_field_model,26718.000000000004,3.0500000000000003,0.9294081251581886,0.07059187484181144,2.5465782629334367e-06,2.74e-06,0.022308025583296906,0.0240024
igbt_field_upper,igbt,external_field_model,27156.0,3.1,0.9282933929190458,0.07170660708095423,2.5435238965981854e-06,2.74e-06,0.022281269334200104,0.0240024
igbt_field_upper,igbt,external_field_model,27594.000000000004,3.1500000000000004,0.9271799976899111,0.0728200023100889,2.5404731936703564e-06,2.74e-06,0.022254545176552322,0.0240024
igbt_field_upper,igbt,external_field_model,28032.0,3.2,0.9260679378671746,0.07393206213282542,2.537426149756058e-06,2.74e-06,0.02222785307186307,0.0240024
igbt_field_upper,igbt,external_field_model,28470.0,3.25,0.9249572118491496,0.07504278815085041,2.53438276046667e-06,2.74e-06,0.022201192981688028,0.0240024
igbt_field_upper,igbt,external_field_model,28908.000000000004,3.3000000000000003,0.9238478180360705,0.07615218196392948,2.531343021418833e-06,2.74e-06,0.02217456486762898,0.0240024
igbt_field_upper,igbt,external_field_model,29346.0,3.35,0.9227397548300906,0.07726024516990936,2.5283069282344483e-06,2.74e-06,0.02214796869133377,0.0240024
igbt_field_upper,igbt,external_field_model,29784.000000000004,3.4000000000000004,0.9216330206352795,0.07836697936472045,2.5252744765406657e-06,2.74e-06,0.022121404414496233,0.0240024
igbt_field_upper,igbt,external_field_model,30222.0,3.45,0.920527613857621,0.0794723861423789,2.5222456619698816e-06,2.74e-06,0.022094871998856163,0.0240024
igbt_field_upper,igbt,external_field_model,30660.0,3.5,0.9194235329050109,0.08057646709498908,2.51922048015973e-06,2.74e-06,0.022068371406199234,0.0240024
igbt_field_upper,igbt,external_field_model,31098.000000000004,3.5500000000000003,0.9183207761872543,0.08167922381274573,2.5161989267530765e-06,2.74e-06,0.02204190259835695,0.0240024
igbt_field_upper,igbt,external_field_model,31536.0,3.6,0.9172193421160637,0.08278065788393628,2.5131809973980148e-06,2.74e-06,0.02201546553720661,0.0240024
igbt_field_upper,igbt,external_field_model,31974.000000000004,3.6500000000000004,0.9161192291050567,0.08388077089494328,2.5101666877478556e-06,2.74e-06,0.021989060184671217,0.0240024
igbt_field_upper,igbt,external_field_model,32412.0,3.7,0.9150204355697535,0.08497956443024644,2.5071559934611246e-06,2.74e-06,0.02196268650271945,0.0240024
igbt_field_upper,igbt,external_field_model,32850.0,3.75,0.9139229599275749,0.08607704007242516,2.5041489102015554e-06,2.74e-06,0.021936344453365626,0.0240024
igbt_field_upper,igbt,external_field_model,33288.0,3.8000000000000003,0.9128268005978394,0.08717319940216062,2.50114543363808e-06,2.74e-06,0.021910033998669583,0.0240024
igbt_field_upper,igbt,external_field_model,33726.0,3.85,0.9117319560017618,0.08826804399823814,2.4981455594448274e-06,2.74e-06,0.021883755100736688,0.0240024
igbt_field_upper,igbt,external_field_model,34164.0,3.9000000000000004,0.9106384245624505,0.08936157543754948,2.4951492833011145e-06,2.74e-06,0.021857507721717764,0.0240024
igbt_field_upper,igbt,external_field_model,34602.0,3.95,0.9095462047049049,0.09045379529509506,2.4921566008914392e-06,2.74e-06,0.021831291823809006,0.0240024
igbt_field_upper,igbt,external_field_model,35040.0,4.0,0.9084552948560137,0.09154470514398622,2.4891675079054776e-06,2.74e-06,0.021805107369251984,0.0240024
igbt_field_upper,igbt,external_field_model,35478.0,4.05,0.9073656934445524,0.09263430655544753,2.4861820000380736e-06,2.74e-06,0.021778954320333527,0.0240024
igbt_field_upper,igbt,external_field_model,35916.00000000001,4.1000000000000005,0.9062773989011809,0.09372260109881908,2.4832000729892354e-06,2.74e-06,0.021752832639385704,0.0240024
igbt_field_upper,igbt,external_field_model,36354.0,4.15,0.9051904096584414,0.09480959034155854,2.4802217224641294e-06,2.74e-06,0.021726742288785773,0.0240024
igbt_field_upper,igbt,external_field_model,36792.0,4.2,0.9041047241507563,0.09589527584924377,2.4772469441730723e-06,2.74e-06,0.021700683230956114,0.0240024
igbt_field_upper,igbt,external_field_model,37230.0,4.25,0.9030203408144253,0.09697965918557476,2.474275733831525e-06,2.74e-06,0.02167465542836416,0.0240024
igbt_field_upper,igbt,external_field_model,37668.0,4.3,0.901937258087624,0.098062741912376,2.47130808716009e-06,2.74e-06,0.02164865884352239,0.0240024
igbt_field_upper,igbt,external_field_model,38106.00000000001,4.3500000000000005,0.9008554744104013,0.0991445255895988,2.4683439998844995e-06,2.74e-06,0.021622693438988216,0.0240024
igbt_field_upper,igbt,external_field_model,38544.0,4.4,0.8997749882246767,0.10022501177532331,2.4653834677356142e-06,2.74e-06,0.02159675917736398,0.0240024
igbt_field_upper,igbt,external_field_model,38982.0,4.45,0.8986957979742389,0.1013042020257611,2.4624264864494146e-06,2.74e-06,0.021570856021296873,0.0240024
igbt_field_upper,igbt,external_field_model,39420.0,4.5,0.8976179021047429,0.10238209789525712,2.4594730517669956e-06,2.74e-06,0.02154498393347888,0.0240024
igbt_field_upper,igbt,external_field_model,39858.0,4.55,0.8965412990637079,0.10345870093629206,2.4565231594345596e-06,2.74e-06,0.021519142876646743,0.0240024
igbt_field_upper,igbt,external_field_model,40296.00000000001,4.6000000000000005,0.8954659873005154,0.10453401269948458,2.453576805203412e-06,2.74e-06,0.02149333281358189,0.0240024
igbt_field_upper,igbt,external_field_model,40734.0,4.65,0.8943919652664065,0.10560803473359345,2.4506339848299537e-06,2.74e-06,0.021467553707110395,0.0240024
igbt_field_upper,igbt,external_field_model,41172.0,4.7,0.89331923141448,0.10668076858551997,2.447694694075675e-06,2.74e-06,0.021441805520102913,0.0240024
igbt_field_upper,igbt,external_field_model,41610.0,4.75,0.89224778419969,0.10775221580031004,2.4447589287071505e-06,2.74e-06,0.021416088215474638,0.0240024
igbt_field_upper,igbt,external_field_model,42048.00000000001,4.800000000000001,0.8911776220788435,0.10882237792115641,2.4418266844960313e-06,2.74e-06,0.021390401756185232,0.0240024
igbt_field_upper,igbt,external_field_model,42486.00000000001,4.8500000000000005,0.8901087435105991,0.10989125648940094,2.4388979572190416e-06,2.74e-06,0.021364746105238804,0.0240024
igbt_field_upper,igbt,external_field_model,42924.0,4.9,0.8890411469554632,0.11095885304453677,2.4359727426579693e-06,2.74e-06,0.02133912122568381,0.0240024
igbt_field_upper,igbt,external_field_model,43362.0,4.95,0.8879748308757893,0.11202516912421066,2.433051036599663e-06,2.74e-06,0.021313527080613046,0.0240024
igbt_field_upper,igbt,external_field_model,43800.0,5.0,0.8869097937357749,0.11309020626422508,2.4301328348360233e-06,2.74e-06,0.021287963633163563,0.0240024
igbt_field_upper,igbt,external_field_model,44238.00000000001,5.050000000000001,0.8858460340014596,0.1141539659985404,2.4272181331639994e-06,2.74e-06,0.021262430846516633,0.0240024
igbt_field_upper,igbt,external_field_model,44676.00000000001,5.1000000000000005,0.8847835501407229,0.1152164498592772,2.4243069273855805e-06,2.74e-06,0.021236928683897684,0.0240024
igbt_field_upper,igbt,external_field_model,45114.0,5.15,0.8837223406232816,0.11627765937671843,2.4213992133077917e-06,2.74e-06,0.021211457108576255,0.0240024
igbt_field_upper,igbt,external_field_model,45552.0,5.2,0.8826624039206884,0.11733759607931163,2.418494986742686e-06,2.74e-06,0.02118601608386593,0.0240024
igbt_field_upper,igbt,external_field_model,45990.0,5.25,0.8816037385063289,0.11839626149367113,2.415594243507341e-06,2.74e-06,0.021160605573124307,0.0240024
igbt_field_upper,igbt,external_field_model,46428.00000000001,5.300000000000001,0.8805463428554198,0.11945365714458024,2.41269697942385e-06,2.74e-06,0.021135225539752927,0.0240024
igbt_field_upper,igbt,external_field_model,46866.00000000001,5.3500000000000005,0.8794902154450066,0.12050978455499335,2.409803190319318e-06,2.74e-06,0.021109875947197227,0.0240024
igbt_field_upper,igbt,external_field_model,47304.0,5.4,0.8784353547539616,0.12156464524603833,2.4069128720258547e-06,2.74e-06,0.021084556758946486,0.0240024
igbt_field_upper,igbt,external_field_model,47742.0,5.45,0.8773817592629815,0.12261824073701859,2.404026020380569e-06,2.74e-06,0.021059267938533785,0.0240024
igbt_field_upper,igbt,external_field_model,48180.0,5.5,0.8763294274545848,0.12367057254541526,2.4011426312255623e-06,2.74e-06,0.021034009449535925,0.0240024
igbt_field_upper,igbt,external_field_model,48618.00000000001,5.550000000000001,0.8752783578131106,0.12472164218688943,2.3982627004079232e-06,2.74e-06,0.021008781255573407,0.0240024
igbt_field_upper,igbt,external_field_model,49056.00000000001,5.6000000000000005,0.8742285488247158,0.12577145117528427,2.3953862237797214e-06,2.74e-06,0.020983583320310358,0.0240024
igbt_field_upper,igbt,external_field_model,49494.0,5.65,0.8731799989773728,0.1268200010226272,2.3925131971980014e-06,2.74e-06,0.020958415607454494,0.0240024
igbt_field_upper,igbt,external_field_model,49932.0,5.7,0.8721327067608677,0.1278672932391323,2.3896436165247778e-06,2.74e-06,0.020933278080757053,0.0240024
igbt_field_upper,igbt,external_field_model,50370.0,5.75,0.8710866706667979,0.1289133293332021,2.3867774776270264e-06,2.74e-06,0.02090817070401275,0.0240024
igbt_field_upper,igbt,external_field_model,50808.00000000001,5.800000000000001,0.87004188918857,0.12995811081143008,2.383914776376682e-06,2.74e-06,0.020883093441059732,0.0240024
igbt_field_upper,igbt,external_field_model,51246.00000000001,5.8500000000000005,0.8689983608213974,0.1310016391786026,2.381055508650629e-06,2.74e-06,0.020858046255779507,0.0240024
igbt_field_upper,igbt,external_field_model,51684.0,5.9,0.8679560840622987,0.1320439159377013,2.3781996703306984e-06,2.74e-06,0.020833029112096918,0.0240024
igbt_field_upper,igbt,external_field_model,52122.0,5.95,0.866915057410095,0.13308494258990503,2.37534725730366e-06,2.74e-06,0.020808041973980063,0.0240024
igbt_field_upper,igbt,external_field_model,52560.0,6.0,0.8658752793654078,0.13412472063459224,2.372498265461217e-06,2.74e-06,0.020783084805440263,0.0240024
igbt_field_upper,igbt,external_field_model,52998.00000000001,6.050000000000001,0.864836748430657,0.13516325156934292,2.3696526907000004e-06,2.74e-06,0.020758157570532003,0.0240024
igbt_field_upper,igbt,external_field_model,53436.00000000001,6.1000000000000005,0.8637994631100591,0.1362005368899409,2.3668105289215617e-06,2.74e-06,0.020733260233352882,0.0240024
igbt_field_upper,igbt,external_field_model,53874.0,6.15,0.862763421909624,0.137236578090376,2.3639717760323696e-06,2.74e-06,0.020708392758043558,0.0240024
igbt_field_upper,igbt,external_field_model,54312.0,6.2,0.8617286233371538,0.1382713766628461,2.3611364279438016e-06,2.74e-06,0.020683555108787704,0.0240024
igbt_field_upper,igbt,external_field_model,54750.0,6.25,0.8606950659022405,0.1393049340977594,2.358304480572139e-06,2.74e-06,0.02065874724981194,0.0240024
igbt_field_upper,igbt,external_field_model,55188.00000000001,6.300000000000001,0.8596627481162635,0.14033725188373644,2.355475929838562e-06,2.74e-06,0.020633969145385806,0.0240024
igbt_field_upper,igbt,external_field_model,55626.00000000001,6.3500000000000005,0.8586316684923876,0.14136833150761235,2.352650771669142e-06,2.74e-06,0.020609220759821682,0.0240024
igbt_field_upper,igbt,external_field_model,56064.0,6.4,0.8576018255455611,0.1423981744544389,2.3498290019948372e-06,2.74e-06,0.020584502057474773,0.0240024
igbt_field_upper,igbt,external_field_model,56502.0,6.45,0.8565732177925133,0.1434267822074867,2.3470106167514865e-06,2.74e-06,0.02055981300274302,0.0240024
igbt_field_upper,igbt,external_field_model,56940.0,6.5,0.8555458437517526,0.14445415624824742,2.344195611879802e-06,2.74e-06,0.020535153560067066,0.0240024
igbt_field_upper,igbt,external_field_model,57378.00000000001,6.550000000000001,0.8545197019435643,0.14548029805643573,2.3413839833253663e-06,2.74e-06,0.020510523693930208,0.0240024
igbt_field_upper,igbt,external_field_model,57816.00000000001,6.6000000000000005,0.8534947908900085,0.1465052091099915,2.338575727038623e-06,2.74e-06,0.02048592336885834,0.0240024
igbt_field_upper,igbt,external_field_model,58254.0,6.65,0.852471109114918,0.14752889088508206,2.3357708389748752e-06,2.74e-06,0.020461352549419907,0.0240024
igbt_field_upper,igbt,external_field_model,58692.0,6.7,0.8514486551438958,0.1485513448561042,2.3329693150942745e-06,2.74e-06,0.020436811200225845,0.0240024
igbt_field_upper,igbt,external_field_model,59130.0,6.75,0.8504274275043138,0.14957257249568626,2.3301711513618197e-06,2.74e-06,0.02041229928592954,0.0240024
igbt_field_upper,igbt,external_field_model,59568.00000000001,6.800000000000001,0.8494074247253096,0.1505925752746904,2.3273763437473484e-06,2.74e-06,0.020387816771226773,0.0240024
igbt_field_upper,igbt,external_field_model,60006.00000000001,6.8500000000000005,0.8483886453377856,0.15161135466221445,2.3245848882255327e-06,2.74e-06,0.020363363620855664,0.0240024
igbt_field_upper,igbt,external_field_model,60444.0,6.9,0.8473710878744055,0.15262891212559443,2.3217967807758713e-06,2.74e-06,0.020338939799596632,0.0240024
igbt_field_upper,igbt,external_field_model,60882.0,6.95,0.8463547508695937,0.15364524913040634,2.3190120173826865e-06,2.74e-06,0.020314545272272333,0.0240024
igbt_field_upper,igbt,external_field_model,61320.0,7.0,0.8453396328595317,0.1546603671404683,2.316230594035117e-06,2.74e-06,0.020290180003747625,0.0240024
igbt_field_upper,igbt,external_field_model,61758.00000000001,7.050000000000001,0.8443257323821571,0.15567426761784287,2.3134525067271107e-06,2.74e-06,0.02026584395892949,0.0240024
igbt_field_upper,igbt,external_field_model,62196.00000000001,7.1000000000000005,0.8433130479771611,0.15668695202283883,2.3106777514574215e-06,2.74e-06,0.020241537102767014,0.0240024
igbt_field_upper,igbt,external_field_model,62634.0,7.15,0.8423015781859864,0.15769842181401364,2.3079063242296027e-06,2.74e-06,0.02021725940025132,0.0240024
igbt_field_upper,igbt,external_field_model,63072.0,7.2,0.8412913215518247,0.15870867844817527,2.305138221052e-06,2.74e-06,0.02019301081641552,0.0240024
igbt_field_upper,igbt,external_field_model,63510.0,7.25,0.8402822766196156,0.1597177233803844,2.3023734379377466e-06,2.74e-06,0.020168791316334662,0.0240024
igbt_field_upper,igbt,external_field_model,63948.00000000001,7.300000000000001,0.8392744419360434,0.16072555806395658,2.299611970904759e-06,2.74e-06,0.02014460086512569,0.0240024
igbt_field_upper,igbt,external_field_model,64386.00000000001,7.3500000000000005,0.8382678160495358,0.16173218395046415,2.296853815975728e-06,2.74e-06,0.020120439427947376,0.0240024
igbt_field_upper,igbt,external_field_model,64824.0,7.4,0.8372623975102615,0.16273760248973848,2.294098969178117e-06,2.74e-06,0.020096306970000304,0.0240024
igbt_field_upper,igbt,external_field_model,65262.0,7.45,0.8362581848701279,0.16374181512987204,2.2913474265441503e-06,2.74e-06,0.020072203456526758,0.0240024
igbt_field_upper,igbt,external_field_model,65700.0,7.5,0.8352551766827796,0.16474482331722043,2.288599184110816e-06,2.74e-06,0.020048128852810747,0.0240024
igbt_field_upper,igbt,external_field_model,66138.0,7.550000000000001,0.8342533715035955,0.16574662849640448,2.2858542379198514e-06,2.74e-06,0.0200240831241779,0.0240024
igbt_field_upper,igbt,external_field_model,66576.0,7.6000000000000005,0.8332527678896876,0.16674723211031237,2.283112584017744e-06,2.74e-06,0.02000006623599544,0.0240024
igbt_field_upper,igbt,external_field_model,67014.0,7.65,0.8322533643998984,0.16774663560010164,2.2803742184557216e-06,2.74e-06,0.01997607815367212,0.0240024
igbt_field_upper,igbt,external_field_model,67452.0,7.7,0.8312551595947986,0.16874484040520138,2.277639137289748e-06,2.74e-06,0.01995211884265819,0.0240024
igbt_field_upper,igbt,external_field_model,67890.0,7.75,0.8302581520366858,0.16974184796331412,2.274907336580519e-06,2.74e-06,0.019928188268445345,0.0240024
igbt_field_upper,igbt,external_field_model,68328.0,7.800000000000001,0.8292623402895819,0.17073765971041813,2.2721788123934543e-06,2.74e-06,0.019904286396566658,0.0240024
igbt_field_upper,igbt,external_field_model,68766.0,7.8500000000000005,0.8282677229192308,0.17173227708076924,2.2694535607986925e-06,2.74e-06,0.019880413192596546,0.0240024
igbt_field_upper,igbt,external_field_model,69204.0,7.9,0.8272742984930969,0.17272570150690317,2.2667315778710852e-06,2.74e-06,0.019856568622150707,0.0240024
igbt_field_upper,igbt,external_field_model,69642.0,7.95,0.8262820655803627,0.17371793441963732,2.264012859690194e-06,2.74e-06,0.019832752650886097,0.0240024
igbt_field_upper,igbt,external_field_model,70080.0,8.0,0.8252910227519269,0.17470897724807308,2.2612974023402798e-06,2.74e-06,0.01980896524450085,0.0240024
igbt_field_upper,igbt,external_field_model,70518.0,8.05,0.8243011685804023,0.1756988314195977,2.2585852019103024e-06,2.74e-06,0.019785206368734248,0.0240024
igbt_field_upper,igbt,external_field_model,70956.0,8.1,0.8233125016401135,0.17668749835988645,2.255876254493911e-06,2.74e-06,0.019761475989366662,0.0240024
igbt_field_upper,igbt,external_field_model,71394.0,8.15,0.8223250205070953,0.17767497949290467,2.2531705561894413e-06,2.74e-06,0.019737774072219504,0.0240024
igbt_field_upper,igbt,external_field_model,71832.00000000001,8.200000000000001,0.8213387237590902,0.1786612762409098,2.2504681030999074e-06,2.74e-06,0.01971410058315519,0.0240024
igbt_field_upper,igbt,external_field_model,72270.0,8.25,0.8203536099755467,0.17964639002445326,2.247768891332998e-06,2.74e-06,0.019690455488077064,0.0240024
igbt_field_upper,igbt,external_field_model,72708.0,8.3,0.819369677737617,0.18063032226238296,2.245072917001071e-06,2.74e-06,0.01966683875292938,0.0240024
igbt_field_upper,igbt,external_field_model,73146.0,8.35,0.8183869256281552,0.18161307437184476,2.242380176221145e-06,2.74e-06,0.01964325034369723,0.0240024
igbt_field_upper,igbt,external_field_model,73584.0,8.4,0.817405352231715,0.182594647768285,2.239690665114899e-06,2.74e-06,0.019619690226406514,0.0240024
igbt_field_upper,igbt,external_field_model,74022.00000000001,8.450000000000001,0.8164249561345478,0.18357504386545226,2.237004379808661e-06,2.74e-06,0.01959615836712387,0.0240024
igbt_field_upper,igbt,external_field_model,74460.0,8.5,0.8154457359246007,0.1845542640753993,2.2343213164334058e-06,2.74e-06,0.019572654731956636,0.0240024
igbt_field_upper,igbt,external_field_model,74898.0,8.55,0.8144676901915144,0.18553230980848556,2.2316414711247495e-06,2.74e-06,0.019549179287052805,0.0240024
igbt_field_upper,igbt,external_field_model,75336.0,8.6,0.8134908175266212,0.18650918247337875,2.228964840022942e-06,2.74e-06,0.01952573199860097,0.0240024
igbt_field_upper,igbt,external_field_model,75774.0,8.65,0.812515116522943,0.18748488347705702,2.2262914192728637e-06,2.74e-06,0.019502312832830285,0.0240024
igbt_field_upper,igbt,external_field_model,76212.00000000001,8.700000000000001,0.8115405857751891,0.18845941422481097,2.223621205024018e-06,2.74e-06,0.019478921756010396,0.0240024
igbt_field_upper,igbt,external_field_model,76650.0,8.75,0.8105672238797543,0.1894327761202457,2.2209541934305267e-06,2.74e-06,0.019455558734451414,0.0240024
igbt_field_upper,igbt,external_field_model,77088.0,8.8,0.8095950294347171,0.19040497056528294,2.2182903806511247e-06,2.74e-06,0.019432223734503852,0.0240024
igbt_field_upper,igbt,external_field_model,77526.0,8.85,0.8086240010398372,0.19137599896016277,2.215629762849154e-06,2.74e-06,0.01940891672255859,0.0240024
igbt_field_upper,igbt,external_field_model,77964.0,8.9,0.807654137296554,0.19234586270344597,2.212972336192558e-06,2.74e-06,0.019385637665046807,0.0240024
igbt_field_upper,igbt,external_field_model,78402.00000000001,8.950000000000001,0.8066854368079841,0.19331456319201587,2.2103180968538764e-06,2.74e-06,0.019362386528439957,0.0240024
igbt_field_upper,igbt,external_field_model,78840.0,9.0,0.8057178981789198,0.19428210182108024,2.2076670410102405e-06,2.74e-06,0.019339163279249706,0.0240024
igbt_field_upper,igbt,external_field_model,79278.0,9.05,0.8047515200158264,0.1952484799841736,2.205019164843364e-06,2.74e-06,0.01931596788402787,0.0240024
igbt_field_upper,igbt,external_field_model,79716.0,9.1,0.803786300926841,0.196213699073159,2.2023744645395443e-06,2.74e-06,0.01929280030936641,0.0240024
igbt_field_upper,igbt,external_field_model,80154.0,9.15,0.8028222395217699,0.1971777604782301,2.1997329362896496e-06,2.74e-06,0.019269660521897332,0.0240024
igbt_field_upper,igbt,external_field_model,80592.00000000001,9.200000000000001,0.8018593344120869,0.19814066558791313,2.197094576289118e-06,2.74e-06,0.019246548488292676,0.0240024
igbt_field_upper,igbt,external_field_model,81030.0,9.25,0.800897584210931,0.19910241578906895,2.194459380737951e-06,2.74e-06,0.01922346417526445,0.0240024
igbt_field_upper,igbt,external_field_model,81468.0,9.3,0.7999369875331049,0.200063012466895,2.1918273458407076e-06,2.74e-06,0.019200407549564598,0.0240024
igbt_field_upper,igbt,external_field_model,81906.0,9.35,0.7989775429950726,0.20102245700492738,2.189198467806499e-06,2.74e-06,0.01917737857798493,0.0240024
igbt_field_upper,igbt,external_field_model,82344.0,9.4,0.7980192492149573,0.20198075078504268,2.1865727428489828e-06,2.74e-06,0.019154377227357088,0.0240024
igbt_field_upper,igbt,external_field_model,82782.00000000001,9.450000000000001,0.7970621048125398,0.20293789518746017,2.183950167186359e-06,2.74e-06,0.019131403464552506,0.0240024
igbt_field_upper,igbt,external_field_model,83220.0,9.5,0.7961061084092566,0.20389389159074348,2.181330737041363e-06,2.74e-06,0.019108457256482338,0.0240024
igbt_field_upper,igbt,external_field_model,83658.0,9.55,0.7951512586281969,0.2048487413718031,2.1787144486412597e-06,2.74e-06,0.019085538570097434,0.0240024
igbt_field_upper,igbt,external_field_model,84096.00000000001,9.600000000000001,0.7941975540941022,0.20580244590589783,2.17610129821784e-06,2.74e-06,0.01906264737238828,0.0240024
igbt_field_upper,igbt,external_field_model,84534.0,9.65,0.793244993433363,0.20675500656663698,2.1734912820074145e-06,2.74e-06,0.01903978363038495,0.0240024
igbt_field_upper,igbt,external_field_model,84972.00000000001,9.700000000000001,0.7922935752740174,0.20770642472598258,2.1708843962508077e-06,2.74e-06,0.019016947311157075,0.0240024
igbt_field_upper,igbt,external_field_model,85410.0,9.75,0.7913432982457492,0.20865670175425075,2.168280637193353e-06,2.74e-06,0.018994138381813772,0.0240024
igbt_field_upper,igbt,external_field_model,85848.0,9.8,0.7903941609798856,0.20960583902011443,2.1656800010848863e-06,2.74e-06,0.018971356809503605,0.0240024
igbt_field_upper,igbt,external_field_model,86286.00000000001,9.850000000000001,0.7894461621093952,0.2105538378906048,2.163082484179743e-06,2.74e-06,0.01894860256141455,0.0240024
igbt_field_upper,igbt,external_field_model,86724.0,9.9,0.7884993002688867,0.21150069973111335,2.1604880827367498e-06,2.74e-06,0.018925875604773927,0.0240024
igbt_field_upper,igbt,external_field_model,87162.00000000001,9.950000000000001,0.7875535740946059,0.2124464259053941,2.1578967930192203e-06,2.74e-06,0.01890317590684837,0.0240024
igbt_field_upper,igbt,external_field_model,87600.0,10.0,0.7866089822244348,0.21339101777556518,2.155308611294951e-06,2.74e-06,0.018880503434943772,0.0240024
igbt_field_upper,igbt,external_field_model,88038.0,10.05,0.7856655232978887,0.2143344767021112,2.1527235338362154e-06,2.74e-06,0.018857858156405248,0.0240024
igbt_field_upper,igbt,external_field_model,88476.00000000001,10.100000000000001,0.7847231959561151,0.21527680404388488,2.1501415569197553e-06,2.74e-06,0.018835240038617057,0.0240024
igbt_field_upper,igbt,external_field_model,88914.0,10.15,0.7837819988418909,0.2162180011581091,2.1475626768267814e-06,2.74e-06,0.018812649049002605,0.0240024
igbt_field_upper,igbt,external_field_model,89352.00000000001,10.200000000000001,0.7828419305996209,0.21715806940037904,2.1449868898429612e-06,2.74e-06,0.018790085155024342,0.0240024
igbt_field_upper,igbt,external_field_model,89790.0,10.25,0.7819029898753361,0.21809701012466381,2.142414192258421e-06,2.74e-06,0.01876754832418377,0.0240024
igbt_field_upper,igbt,external_field_model,90228.0,10.3,0.7809651753166913,0.2190348246833087,2.139844580367734e-06,2.74e-06,0.01874503852402135,0.0240024
igbt_field_upper,igbt,external_field_model,90666.00000000001,10.350000000000001,0.7800284855729631,0.2199715144270369,2.137278050469919e-06,2.74e-06,0.01872255572211649,0.0240024
igbt_field_upper,igbt,external_field_model,91104.0,10.4,0.7790929192950484,0.22090708070495158,2.1347145988684327e-06,2.74e-06,0.018700099886087472,0.0240024
igbt_field_upper,igbt,external_field_model,91542.00000000001,10.450000000000001,0.7781584751354621,0.22184152486453784,2.132154221871166e-06,2.74e-06,0.018677670983591417,0.0240024
igbt_field_upper,igbt,external_field_model,91980.0,10.5,0.7772251517483355,0.22277484825166452,2.129596915790439e-06,2.74e-06,0.018655268982324245,0.0240024
igbt_field_upper,igbt,external_field_model,92418.0,10.55,0.7762929477894137,0.22370705221058626,2.1270426769429937e-06,2.74e-06,0.018632893850020624,0.0240024
igbt_field_upper,igbt,external_field_model,92856.00000000001,10.600000000000001,0.7753618619160545,0.22463813808394553,2.1244915016499895e-06,2.74e-06,0.01861054555445391,0.0240024
igbt_field_upper,igbt,external_field_model,93294.0,10.65,0.7744318927872258,0.22556810721277415,2.1219433862369986e-06,2.74e-06,0.018588224063436107,0.0240024
igbt_field_upper,igbt,external_field_model,93732.00000000001,10.700000000000001,0.7735030390635041,0.2264969609364958,2.1193983270340015e-06,2.74e-06,0.018565929344817853,0.0240024
igbt_field_upper,igbt,external_field_model,94170.0,10.75,0.7725752994070726,0.2274247005929274,2.116856320375379e-06,2.74e-06,0.018543661366488322,0.0240024
igbt_field_upper,igbt,external_field_model,94608.0,10.8,0.7716486724817185,0.2283513275182815,2.114317362599909e-06,2.74e-06,0.018521420096375203,0.0240024
igbt_field_upper,igbt,external_field_model,95046.00000000001,10.850000000000001,0.7707231569528321,0.22927684304716794,2.11178145005076e-06,2.74e-06,0.018499205502444657,0.0240024
igbt_field_upper,igbt,external_field_model,95484.0,10.9,0.7697987514874043,0.23020124851259574,2.1092485790754878e-06,2.74e-06,0.018477017552701272,0.0240024
igbt_field_upper,igbt,external_field_model,95922.00000000001,10.950000000000001,0.7688754547540247,0.23112454524597523,2.1067187460260277e-06,2.74e-06,0.018454856215188,0.0240024
igbt_field_upper,igbt,external_field_model,96360.0,11.0,0.7679532654228803,0.2320467345771197,2.104191947258692e-06,2.74e-06,0.018432721457986145,0.0240024
igbt_field_upper,igbt,external_field_model,96798.0,11.05,0.7670321821657523,0.23296781783424766,2.101668179134161e-06,2.74e-06,0.018410613249215252,0.0240024
igbt_field_upper,igbt,external_field_model,97236.00000000001,11.100000000000001,0.7661122036560156,0.23388779634398438,2.0991474380174826e-06,2.74e-06,0.01838853155703315,0.0240024
igbt_field_upper,igbt,external_field_model,97674.0,11.15,0.765193328568636,0.23480667143136402,2.0966297202780625e-06,2.74e-06,0.018366476349635827,0.0240024
igbt_field_upper,igbt,external_field_model,98112.00000000001,11.200000000000001,0.7642755555801684,0.2357244444198316,2.094115022289661e-06,2.74e-06,0.018344447595257433,0.0240024
igbt_field_upper,igbt,external_field_model,98550.0,11.25,0.7633588833687553,0.2366411166312446,2.0916033404303896e-06,2.74e-06,0.018322445262170212,0.0240024
igbt_field_upper,igbt,external_field_model,98988.0,11.3,0.7624433106141247,0.23755668938587524,2.0890946710827016e-06,2.74e-06,0.018300469318684467,0.0240024
igbt_field_upper,igbt,external_field_model,99426.00000000001,11.350000000000001,0.7615288359975878,0.2384711640024122,2.0865890106333907e-06,2.74e-06,0.018278519733148504,0.0240024
igbt_field_upper,igbt,external_field_model,99864.0,11.4,0.7606154582020377,0.23938454179796234,2.084086355473583e-06,2.74e-06,0.01825659647394859,0.0240024
igbt_field_upper,igbt,external_field_model,100302.00000000001,11.450000000000001,0.7597031759119469,0.24029682408805306,2.0815867019987345e-06,2.74e-06,0.018234699509508914,0.0240024
igbt_field_upper,igbt,external_field_model,100740.0,11.5,0.7587919878133664,0.24120801218663357,2.079090046608624e-06,2.74e-06,0.018212828808291545,0.0240024
igbt_field_upper,igbt,external_field_model,101178.0,11.55,0.7578818925939225,0.24211810740607753,2.0765963857073475e-06,2.74e-06,0.018190984338796363,0.0240024
igbt_field_upper,igbt,external_field_model,101616.00000000001,11.600000000000001,0.7569728889428158,0.24302711105718422,2.0741057157033154e-06,2.74e-06,0.018169166069561045,0.0240024
igbt_field_upper,igbt,external_field_model,102054.0,11.65,0.7560649755508191,0.24393502444918086,2.0716180330092444e-06,2.74e-06,0.018147373969160982,0.0240024
igbt_field_upper,igbt,external_field_model,102492.00000000001,11.700000000000001,0.7551581511102755,0.24484184888972443,2.069133334042155e-06,2.74e-06,0.018125608006209278,0.0240024
igbt_field_upper,igbt,external_field_model,102930.0,11.75,0.7542524143150966,0.24574758568490343,2.0666516152233647e-06,2.74e-06,0.018103868149356675,0.0240024
igbt_field_upper,igbt,external_field_model,103368.0,11.8,0.7533477638607602,0.24665223613923984,2.064172872978483e-06,2.74e-06,0.018082154367291513,0.0240024
igbt_field_upper,igbt,external_field_model,103806.00000000001,11.850000000000001,0.7524441984443089,0.24755580155569115,2.0616971037374064e-06,2.74e-06,0.01806046662873968,0.0240024
igbt_field_upper,igbt,external_field_model,104244.0,11.9,0.7515417167643482,0.24845828323565172,2.059224303934314e-06,2.74e-06,0.01803880490246459,0.0240024
igbt_field_upper,igbt,external_field_model,104682.00000000001,11.950000000000001,0.7506403175210444,0.24935968247895554,2.0567544700076616e-06,2.74e-06,0.018017169157267116,0.0240024
igbt_field_upper,igbt,external_field_model,105120.0,12.0,0.7497399994161229,0.25026000058387704,2.054287598400177e-06,2.74e-06,0.01799555936198555,0.0240024
igbt_field_upper,igbt,external_field_model,105558.0,12.05,0.7488407611528661,0.25115923884713387,2.051823685558853e-06,2.74e-06,0.017973975485495553,0.0240024
igbt_field_upper,igbt,external_field_model,105996.00000000001,12.100000000000001,0.7479426014361117,0.2520573985638883,2.049362727934946e-06,2.74e-06,0.017952417496710126,0.0240024
igbt_field_upper,igbt,external_field_model,106434.0,12.15,0.7470455189722509,0.25295448102774915,2.0469047219839676e-06,2.74e-06,0.017930885364579555,0.0240024
igbt_field_upper,igbt,external_field_model,106872.00000000001,12.200000000000001,0.7461495124692263,0.25385048753077366,2.04444966416568e-06,2.74e-06,0.017909379058091358,0.0240024
igbt_field_upper,igbt,external_field_model,107310.0,12.25,0.7452545806365306,0.2547454193634694,2.041997550944094e-06,2.74e-06,0.017887898546270264,0.0240024
igbt_field_upper,igbt,external_field_model,107748.0,12.3,0.7443607221852039,0.2556392778147961,2.0395483787874586e-06,2.74e-06,0.017866443798178137,0.0240024
igbt_field_upper,igbt,external_field_model,108186.00000000001,12.350000000000001,0.7434679358278323,0.2565320641721677,2.0371021441682607e-06,2.74e-06,0.017845014782913962,0.0240024
igbt_field_upper,igbt,external_field_model,108624.0,12.4,0.7425762202785464,0.2574237797214536,2.0346588435632173e-06,2.74e-06,0.017823611469613785,0.0240024
igbt_field_upper,igbt,external_field_model,109062.00000000001,12.450000000000001,0.7416855742530187,0.2583144257469813,2.0322184734532712e-06,2.74e-06,0.017802233827450657,0.0240024
igbt_field_upper,igbt,external_field_model,109500.0,12.5,0.7407959964684623,0.2592040035315377,2.0297810303235865e-06,2.74e-06,0.017780881825634618,0.0240024
igbt_field_upper,igbt,external_field_model,109938.0,12.55,0.7399074856436287,0.26009251435637126,2.0273465106635427e-06,2.74e-06,0.017759555433412635,0.0240024
igbt_field_upper,igbt,external_field_model,110376.00000000001,12.600000000000001,0.7390200404988064,0.2609799595011936,2.0249149109667297e-06,2.74e-06,0.01773825462006855,0.0240024
igbt_field_upper,igbt,external_field_model,110814.0,12.65,0.7381336597558186,0.26186634024418143,2.022486227730943e-06,2.74e-06,0.01771697935492306,0.0240024
igbt_field_upper,igbt,external_field_model,111252.00000000001,12.700000000000001,0.7372483421380215,0.2627516578619785,2.0200604574581787e-06,2.74e-06,0.017695729607333646,0.0240024
igbt_field_upper,igbt,external_field_model,111690.0,12.75,0.7363640863703027,0.26363591362969724,2.0176375966546294e-06,2.74e-06,0.017674505346694555,0.0240024
igbt_field_upper,igbt,external_field_model,112128.0,12.8,0.7354808911790791,0.26451910882092095,2.015217641830677e-06,2.74e-06,0.017653306542436728,0.0240024
igbt_field_upper,igbt,external_field_model,112566.00000000001,12.850000000000001,0.7345987552922949,0.2654012447077051,2.0128005895008882e-06,2.74e-06,0.017632133164027782,0.0240024
igbt_field_upper,igbt,external_field_model,113004.0,12.9,0.7337176774394204,0.2662823225605796,2.0103864361840117e-06,2.74e-06,0.01761098518097194,0.0240024
igbt_field_upper,igbt,external_field_model,113442.00000000001,12.950000000000001,0.7328376563514495,0.2671623436485505,2.0079751784029717e-06,2.74e-06,0.017589862562810032,0.0240024
igbt_field_upper,igbt,external_field_model,113880.0,13.0,0.7319586907608983,0.26804130923910174,2.005566812684861e-06,2.74e-06,0.017568765279119384,0.0240024
igbt_field_upper,igbt,external_field_model,114318.0,13.05,0.7310807794018028,0.2689192205981971,2.0031613355609397e-06,2.74e-06,0.017547693299513833,0.0240024
igbt_field_upper,igbt,external_field_model,114756.00000000001,13.100000000000001,0.7302039210097179,0.2697960789902821,2.000758743566627e-06,2.74e-06,0.01752664659364365,0.0240024
igbt_field_upper,igbt,external_field_model,115194.0,13.15,0.7293281143217148,0.2706718856782852,1.9983590332414986e-06,2.74e-06,0.017505625131195527,0.0240024
igbt_field_upper,igbt,external_field_model,115632.00000000001,13.200000000000001,0.7284533580763793,0.2715466419236207,1.9959622011292793e-06,2.74e-06,0.017484628881892488,0.0240024
igbt_field_upper,igbt,external_field_model,116070.0,13.25,0.7275796510138105,0.2724203489861895,1.993568243777841e-06,2.74e-06,0.017463657815493885,0.0240024
igbt_field_upper,igbt,external_field_model,116508.0,13.3,0.7267069918756183,0.2732930081243817,1.991177157739194e-06,2.74e-06,0.01744271190179534,0.0240024
igbt_field_upper,igbt,external_field_model,116946.00000000001,13.350000000000001,0.7258353794049222,0.2741646205950779,1.9887889395694866e-06,2.74e-06,0.017421791110628703,0.0240024
igbt_field_upper,igbt,external_field_model,117384.0,13.4,0.7249648123463488,0.2750351876536512,1.9864035858289957e-06,2.74e-06,0.017400895411862002,0.0240024
igbt_field_upper,igbt,external_field_model,117822.00000000001,13.450000000000001,0.7240952894460309,0.27590471055396915,1.9840210930821247e-06,2.74e-06,0.017380024775399412,0.0240024
igbt_field_upper,igbt,external_field_model,118260.0,13.5,0.7232268094516048,0.2767731905483952,1.9816414578973973e-06,2.74e-06,0.0173591791711812,0.0240024
igbt_field_upper,igbt,external_field_model,118698.0,13.55,0.722359371112209,0.2776406288877909,1.9792646768474527e-06,2.74e-06,0.017338358569183684,0.0240024
igbt_field_upper,igbt,external_field_model,119136.00000000001,13.600000000000001,0.7214929731784825,0.27850702682151746,1.976890746509042e-06,2.74e-06,0.017317562939419207,0.0240024
igbt_field_upper,igbt,external_field_model,119574.0,13.65,0.7206276144025625,0.2793723855974375,1.9745196634630214e-06,2.74e-06,0.017296792251936068,0.0240024
igbt_field_upper,igbt,external_field_model,120012.00000000001,13.700000000000001,0.7197632935380829,0.2802367064619172,1.9721514242943472e-06,2.74e-06,0.01727604647681848,0.0240024
igbt_field_upper,igbt,external_field_model,120450.0,13.75,0.7189000093401725,0.28109999065982744,1.969786025592073e-06,2.74e-06,0.01725532558418656,0.0240024
igbt_field_upper,igbt,external_field_model,120888.0,13.8,0.7180377605654535,0.28196223943454646,1.9674234639493428e-06,2.74e-06,0.01723462954419624,0.0240024
igbt_field_upper,igbt,external_field_model,121326.00000000001,13.850000000000001,0.7171765459720391,0.28282345402796094,1.965063735963387e-06,2.74e-06,0.017213958327039272,0.0240024
igbt_field_upper,igbt,external_field_model,121764.0,13.9,0.7163163643195319,0.283683635680468,1.9627068382355174e-06,2.74e-06,0.017193311902943133,0.0240024
igbt_field_upper,igbt,external_field_model,122202.00000000001,13.950000000000001,0.7154572143690228,0.2845427856309773,1.9603527673711226e-06,2.74e-06,0.017172690242171034,0.0240024
igbt_field_upper,igbt,external_field_model,122640.0,14.0,0.7145990948830878,0.28540090511691213,1.9580015199796608e-06,2.74e-06,0.01715209331502183,0.0240024
igbt_field_upper,igbt,external_field_model,123078.0,14.05,0.713742004625788,0.2862579953742121,1.955653092674659e-06,2.74e-06,0.017131521091830013,0.0240024
igbt_field_upper,igbt,external_field_model,123516.00000000001,14.100000000000001,0.712885942362666,0.28711405763733394,1.953307482073705e-06,2.74e-06,0.017110973542965653,0.0240024
igbt_field_upper,igbt,external_field_model,123954.0,14.15,0.7120309068607459,0.2879690931392542,1.9509646847984436e-06,2.74e-06,0.017090450638834367,0.0240024
igbt_field_upper,igbt,external_field_model,124392.00000000001,14.200000000000001,0.7111768968885297,0.2888231031114703,1.9486246974745714e-06,2.74e-06,0.017069952349877245,0.0240024
igbt_field_upper,igbt,external_field_model,124830.0,14.25,0.7103239112159973,0.2896760887840027,1.9462875167318326e-06,2.74e-06,0.017049478646570852,0.0240024
igbt_field_upper,igbt,external_field_model,125268.0,14.3,0.7094719486146033,0.29052805138539667,1.943953139204013e-06,2.74e-06,0.017029029499427153,0.0240024
igbt_field_upper,igbt,external_field_model,125706.00000000001,14.350000000000001,0.708621007857276,0.29137899214272395,1.9416215615289364e-06,2.74e-06,0.017008604878993482,0.0240024
igbt_field_upper,igbt,external_field_model,126144.0,14.4,0.7077710877184158,0.2922289122815842,1.9392927803484595e-06,2.74e-06,0.016988204755852505,0.0240024
igbt_field_upper,igbt,external_field_model,126582.00000000001,14.450000000000001,0.7069221869738923,0.2930778130261077,1.936966792308465e-06,2.74e-06,0.016967829100622153,0.0240024
igbt_field_upper,igbt,external_field_model,127020.0,14.5,0.7060743044010442,0.2939256955989558,1.934643594058861e-06,2.74e-06,0.016947477883955623,0.0240024
igbt_field_upper,igbt,external_field_model,127458.0,14.55,0.705227438778676,0.29477256122132406,1.932323182253572e-06,2.74e-06,0.016927151076541292,0.0240024
igbt_field_upper,igbt,external_field_model,127896.00000000001,14.600000000000001,0.7043815888870572,0.2956184111129429,1.9300055535505366e-06,2.74e-06,0.0169068486491027,0.0240024
igbt_field_upper,igbt,external_field_model,128334.0,14.65,0.7035367535079201,0.2964632464920799,1.9276907046117013e-06,2.74e-06,0.016886570572398504,0.0240024
igbt_field_upper,igbt,external_field_model,128772.00000000001,14.700000000000001,0.7026929314244584,0.2973070685755415,1.925378632103016e-06,2.74e-06,0.01686631681722242,0.0240024
igbt_field_upper,igbt,external_field_model,129210.0,14.75,0.7018501214213253,0.2981498785786747,1.9230693326944315e-06,2.74e-06,0.01684608735440322,0.0240024
igbt_field_upper,igbt,external_field_model,129648.0,14.8,0.7010083222846312,0.29899167771536883,1.9207628030598896e-06,2.74e-06,0.016825882154804635,0.0240024
igbt_field_upper,igbt,external_field_model,130086.00000000001,14.850000000000001,0.7001675328019428,0.2998324671980572,1.9184590398773234e-06,2.74e-06,0.016805701189325353,0.0240024
igbt_field_upper,igbt,external_field_model,130524.0,14.9,0.6993277517622811,0.3006722482377189,1.91615803982865e-06,2.74e-06,0.016785544428898975,0.0240024
igbt_field_upper,igbt,external_field_model,130962.00000000001,14.950000000000001,0.6984889779561192,0.30151102204388075,1.9138597995997666e-06,2.74e-06,0.016765411844493955,0.0240024
igbt_field_upper,igbt,external_field_model,131400.0,15.0,0.6976512101753813,0.30234878982461866,1.911564315880545e-06,2.74e-06,0.01674530340711357,0.0240024
igbt_field_upper,igbt,external_field_model,131838.0,15.05,0.6968144472134402,0.3031855527865598,1.9092715853648262e-06,2.74e-06,0.016725219087795878,0.0240024
igbt_field_upper,igbt,external_field_model,132276.0,15.100000000000001,0.6959786878651162,0.3040213121348838,1.9069816047504183e-06,2.74e-06,0.016705158857613665,0.0240024
igbt_field_upper,igbt,external_field_model,132714.0,15.15,0.6951439309266748,0.30485606907332513,1.904694370739089e-06,2.74e-06,0.01668512268767442,0.0240024
igbt_field_upper,igbt,external_field_model,133152.0,15.200000000000001,0.6943101751958256,0.30568982480417434,1.9024098800365622e-06,2.74e-06,0.016665110549120284,0.0240024
igbt_field_upper,igbt,external_field_model,133590.0,15.25,0.6934774194717201,0.30652258052827985,1.9001281293525132e-06,2.74e-06,0.016645122413128016,0.0240024
igbt_field_upper,igbt,external_field_model,134028.0,15.3,0.69264566255495,0.30735433744505003,1.897849115400563e-06,2.74e-06,0.01662515825090893,0.0240024
igbt_field_upper,igbt,external_field_model,134466.0,15.350000000000001,0.6918149032475456,0.30818509675245437,1.8955728348982749e-06,2.74e-06,0.016605218033708888,0.0240024
igbt_field_upper,igbt,external_field_model,134904.0,15.4,0.6909851403529741,0.30901485964702585,1.893299284567149e-06,2.74e-06,0.016585301732808224,0.0240024
igbt_field_upper,igbt,external_field_model,135342.0,15.450000000000001,0.6901563726761379,0.3098436273238621,1.891028461132618e-06,2.74e-06,0.016565409319521735,0.0240024
igbt_field_upper,igbt,external_field_model,135780.0,15.5,0.6893285990233726,0.31067140097662743,1.888760361324041e-06,2.74e-06,0.0165455407651986,0.0240024
igbt_field_upper,igbt,external_field_model,136218.0,15.55,0.6885018182024456,0.3114981817975544,1.886494981874701e-06,2.74e-06,0.016525696041222383,0.0240024
igbt_field_upper,igbt,external_field_model,136656.0,15.600000000000001,0.6876760290225543,0.3123239709774457,1.884232319521799e-06,2.74e-06,0.016505875119010957,0.0240024
igbt_field_upper,igbt,external_field_model,137094.0,15.65,0.6868512302943243,0.31314876970567573,1.8819723710064484e-06,2.74e-06,0.01648607797001649,0.0240024
igbt_field_upper,igbt,external_field_model,137532.0,15.700000000000001,0.6860274208298076,0.3139725791701924,1.879715133073673e-06,2.74e-06,0.016466304565725374,0.0240024
igbt_field_upper,igbt,external_field_model,137970.0,15.75,0.6852045994424814,0.31479540055751865,1.877460602472399e-06,2.74e-06,0.016446554877658216,0.0240024
igbt_field_upper,igbt,external_field_model,138408.0,15.8,0.6843827649472455,0.3156172350527545,1.8752087759554526e-06,2.74e-06,0.016426828877369765,0.0240024
igbt_field_upper,igbt,external_field_model,138846.0,15.850000000000001,0.6835619161604216,0.3164380838395784,1.8729596502795552e-06,2.74e-06,0.016407126536448904,0.0240024
igbt_field_upper,igbt,external_field_model,139284.0,15.9,0.6827420518997508,0.3172579481002492,1.8707132222053172e-06,2.74e-06,0.01638744782651858,0.0240024
igbt_field_upper,igbt,external_field_model,139722.0,15.950000000000001,0.6819231709843923,0.31807682901560774,1.8684694884972349e-06,2.74e-06,0.016367792719235778,0.0240024
igbt_field_upper,igbt,external_field_model,140160.0,16.0,0.6811052722349216,0.31889472776507843,1.8662284459236852e-06,2.74e-06,0.016348161186291482,0.0240024
igbt_field_upper,igbt,external_field_model,140598.0,16.05,0.6802883544733287,0.31971164552667125,1.8639900912569206e-06,2.74e-06,0.016328553199410623,0.0240024
igbt_field_upper,igbt,external_field_model,141036.0,16.1,0.6794724165230168,0.3205275834769832,1.8617544212730661e-06,2.74e-06,0.01630896873035206,0.0240024
igbt_field_upper,igbt,external_field_model,141474.00000000003,16.150000000000002,0.6786574572087999,0.32134254279120006,1.8595214327521117e-06,2.74e-06,0.016289407750908497,0.0240024
igbt_field_upper,igbt,external_field_model,141912.0,16.2,0.6778434753569019,0.322156524643098,1.8572911224779112e-06,2.74e-06,0.016269870232906502,0.0240024
igbt_field_upper,igbt,external_field_model,142350.0,16.25,0.6770304697949543,0.3229695302050457,1.8550634872381747e-06,2.74e-06,0.01625035614820641,0.0240024
igbt_field_upper,igbt,external_field_model,142788.0,16.3,0.6762184393519948,0.32378156064800523,1.8528385238244656e-06,2.74e-06,0.016230865468702317,0.0240024
igbt_field_upper,igbt,external_field_model,143226.0,16.35,0.6754073828584654,0.32459261714153465,1.850616229032195e-06,2.74e-06,0.016211398166322027,0.0240024
igbt_field_upper,igbt,external_field_model,143664.00000000003,16.400000000000002,0.674597299146211,0.3254027008537889,1.8483965996606182e-06,2.74e-06,0.016191954213027014,0.0240024
igbt_field_upper,igbt,external_field_model,144102.0,16.45,0.673788187048478,0.32621181295152196,1.8461796325128298e-06,2.74e-06,0.016172533580812387,0.0240024
igbt_field_upper,igbt,external_field_model,144540.0,16.5,0.6729800453999114,0.32701995460008854,1.8439653243957573e-06,2.74e-06,0.016153136241706834,0.0240024
igbt_field_upper,igbt,external_field_model,144978.0,16.55,0.6721728730365545,0.3278271269634455,1.8417536721201592e-06,2.74e-06,0.016133762167772594,0.0240024
igbt_field_upper,igbt,external_field_model,145416.0,16.6,0.6713666687958464,0.32863333120415356,1.839544672500619e-06,2.74e-06,0.016114411331105423,0.0240024
igbt_field_upper,igbt,external_field_model,145854.00000000003,16.650000000000002,0.6705614315166206,0.3294385684833793,1.8373383223555405e-06,2.74e-06,0.016095083703834535,0.0240024
igbt_field_upper,igbt,external_field_model,146292.0,16.7,0.6697571600391037,0.3302428399608963,1.835134618507144e-06,2.74e-06,0.01607577925812258,0.0240024
igbt_field_upper,igbt,external_field_model,146730.0,16.75,0.6689538532049125,0.3310461467950874,1.8329335577814602e-06,2.74e-06,0.01605649796616559,0.0240024
igbt_field_upper,igbt,external_field_model,147168.0,16.8,0.6681515098570541,0.33184849014294593,1.8307351370083282e-06,2.74e-06,0.016037239800192955,0.0240024
igbt_field_upper,igbt,external_field_model,147606.0,16.85,0.6673501288399225,0.3326498711600775,1.8285393530213877e-06,2.74e-06,0.016018004732467356,0.0240024
igbt_field_upper,igbt,external_field_model,148044.00000000003,16.900000000000002,0.6665497089992982,0.3334502910007018,1.8263462026580771e-06,2.74e-06,0.015998792735284754,0.0240024
igbt_field_upper,igbt,external_field_model,148482.0,16.95,0.6657502491823462,0.33424975081765385,1.8241556827596285e-06,2.74e-06,0.015979603780974346,0.0240024
igbt_field_upper,igbt,external_field_model,148920.0,17.0,0.6649517482376136,0.33504825176238634,1.8219677901710612e-06,2.74e-06,0.015960437841898496,0.0240024
igbt_field_upper,igbt,external_field_model,149358.0,17.05,0.6641542050150292,0.33584579498497086,1.81978252174118e-06,2.74e-06,0.015941294890452738,0.0240024
igbt_field_upper,igbt,external_field_model,149796.0,17.1,0.6633576183659007,0.33664238163409926,1.8175998743225679e-06,2.74e-06,0.015922174899065694,0.0240024
igbt_field_upper,igbt,external_field_model,150234.00000000003,17.150000000000002,0.6625619871429139,0.3374380128570861,1.8154198447715841e-06,2.74e-06,0.01590307784019908,0.0240024
igbt_field_upper,igbt,external_field_model,150672.0,17.2,0.6617673102001306,0.3382326897998694,1.8132424299483577e-06,2.74e-06,0.015884003686347615,0.0240024
igbt_field_upper,igbt,external_field_model,151110.0,17.25,0.6609735863929869,0.3390264136070132,1.811067626716784e-06,2.74e-06,0.01586495241003903,0.0240024
igbt_field_upper,igbt,external_field_model,151548.0,17.3,0.6601808145782916,0.33981918542170836,1.808895431944519e-06,2.74e-06,0.015845923983833988,0.0240024
igbt_field_upper,igbt,external_field_model,151986.0,17.35,0.6593889936142251,0.34061100638577485,1.8067258425029768e-06,2.74e-06,0.015826918380326075,0.0240024
igbt_field_upper,igbt,external_field_model,152424.00000000003,17.400000000000002,0.6585981223603369,0.34140187763966307,1.8045588552673232e-06,2.74e-06,0.01580793557214175,0.0240024
igbt_field_upper,igbt,external_field_model,152862.0,17.45,0.6578081996775446,0.3421918003224554,1.8023944671164722e-06,2.74e-06,0.015788975531940298,0.0240024
igbt_field_upper,igbt,external_field_model,153300.0,17.5,0.6570192244281317,0.3429807755718683,1.8002326749330808e-06,2.74e-06,0.015770038232413786,0.0240024
igbt_field_upper,igbt,external_field_model,153738.0,17.55,0.6562311954757466,0.3437688045242534,1.7980734756035457e-06,2.74e-06,0.01575112364628706,0.0240024
igbt_field_upper,igbt,external_field_model,154176.0,17.6,0.6554441116854004,0.3445558883145996,1.7959168660179971e-06,2.74e-06,0.015732231746317656,0.0240024
igbt_field_upper,igbt,external_field_model,154614.00000000003,17.650000000000002,0.6546579719234656,0.34534202807653436,1.7937628430702958e-06,2.74e-06,0.01571336250529579,0.0240024
igbt_field_upper,igbt,external_field_model,155052.0,17.7,0.6538727750576747,0.34612722494232534,1.7916114036580287e-06,2.74e-06,0.01569451589604433,0.0240024
igbt_field_upper,igbt,external_field_model,155490.0,17.75,0.6530885199571176,0.34691148004288247,1.7894625446825021e-06,2.74e-06,0.01567569189141872,0.0240024
igbt_field_upper,igbt,external_field_model,155928.0,17.8,0.6523052054922409,0.3476947945077591,1.7873162630487402e-06,2.74e-06,0.015656890464306964,0.0240024
igbt_field_upper,igbt,external_field_model,156366.0,17.85,0.6515228305348463,0.3484771694651537,1.7851725556654788e-06,2.74e-06,0.015638111587629594,0.0240024
igbt_field_upper,igbt,external_field_model,156804.00000000003,17.900000000000002,0.6507413939580882,0.34925860604191183,1.7830314194451616e-06,2.74e-06,0.015619355234339615,0.0240024
igbt_field_upper,igbt,external_field_model,157242.0,17.95,0.6499608946364728,0.35003910536352717,1.7808928513039355e-06,2.74e-06,0.015600621377422475,0.0240024
igbt_field_upper,igbt,external_field_model,157680.0,18.0,0.6491813314458561,0.3508186685541439,1.7787568481616458e-06,2.74e-06,0.015581909989896017,0.0240024
igbt_field_upper,igbt,external_field_model,158118.0,18.05,0.6484027032634425,0.35159729673655743,1.7766234069418325e-06,2.74e-06,0.015563221044810453,0.0240024
igbt_field_upper,igbt,external_field_model,158556.0,18.1,0.6476250089677831,0.352374991032217,1.7744925245717257e-06,2.74e-06,0.015544554515248318,0.0240024
igbt_field_upper,igbt,external_field_model,158994.00000000003,18.150000000000002,0.6468482474387737,0.35315175256122633,1.77236419798224e-06,2.74e-06,0.015525910374324423,0.0240024
igbt_field_upper,igbt,external_field_model,159432.0,18.2,0.6460724175576542,0.3539275824423458,1.7702384241079726e-06,2.74e-06,0.01550728859518584,0.0240024
igbt_field_upper,igbt,external_field_model,159870.0,18.25,0.6452975182070058,0.35470248179299424,1.768115199887196e-06,2.74e-06,0.015488689151011837,0.0240024
igbt_field_upper,igbt,external_field_model,160308.0,18.3,0.6445235482707501,0.3554764517292499,1.7659945222618553e-06,2.74e-06,0.015470112015013852,0.0240024
igbt_field_upper,igbt,external_field_model,160746.0,18.35,0.6437505066341475,0.3562494933658526,1.763876388177564e-06,2.74e-06,0.015451557160435461,0.0240024
igbt_field_upper,igbt,external_field_model,161184.00000000003,18.400000000000002,0.6429783921837949,0.35702160781620507,1.7617607945835982e-06,2.74e-06,0.01543302456055232,0.0240024
igbt_field_upper,igbt,external_field_model,161622.0,18.45,0.6422072038076255,0.35779279619237453,1.759647738432894e-06,2.74e-06,0.015414514188672152,0.0240024
igbt_field_upper,igbt,external_field_model,162060.0,18.5,0.6414369403949054,0.3585630596050946,1.757537216682041e-06,2.74e-06,0.015396026018134678,0.0240024
igbt_field_upper,igbt,external_field_model,162498.0,18.55,0.6406676008362334,0.3593323991637665,1.7554292262912797e-06,2.74e-06,0.01537756002231161,0.0240024
igbt_field_upper,igbt,external_field_model,162936.0,18.6,0.639899184023539,0.36010081597646104,1.7533237642244968e-06,2.74e-06,0.015359116174606592,0.0240024
igbt_field_upper,igbt,external_field_model,163374.00000000003,18.650000000000002,0.6391316888500802,0.3608683111499198,1.7512208274492198e-06,2.74e-06,0.015340694448455166,0.0240024
igbt_field_upper,igbt,external_field_model,163812.0,18.7,0.6383651142104431,0.3616348857895569,1.749120412936614e-06,2.74e-06,0.015322294817324738,0.0240024
igbt_field_upper,igbt,external_field_model,164250.0,18.75,0.6375994590005392,0.3624005409994609,1.7470225176614773e-06,2.74e-06,0.015303917254714541,0.0240024
igbt_field_upper,igbt,external_field_model,164688.0,18.8,0.6368347221176042,0.36316527788239583,1.7449271386022353e-06,2.74e-06,0.015285561734155581,0.0240024
igbt_field_upper,igbt,external_field_model,165126.0,18.85,0.6360709024601967,0.36392909753980335,1.742834272740939e-06,2.74e-06,0.015267228229210625,0.0240024
igbt_field_upper,igbt,external_field_model,165564.00000000003,18.900000000000002,0.6353079989281962,0.3646920010718038,1.7407439170632578e-06,2.74e-06,0.015248916713474139,0.0240024
igbt_field_upper,igbt,external_field_model,166002.0,18.95,0.634546010422802,0.36545398957719794,1.7386560685584775e-06,2.74e-06,0.015230627160572262,0.0240024
igbt_field_upper,igbt,external_field_model,166440.0,19.0,0.6337849358465308,0.3662150641534691,1.7365707242194945e-06,2.74e-06,0.015212359544162772,0.0240024
igbt_field_upper,igbt,external_field_model,166878.0,19.05,0.6330247741032161,0.36697522589678394,1.734487881042812e-06,2.74e-06,0.015194113837935034,0.0240024
igbt_field_upper,igbt,external_field_model,167316.0,19.1,0.6322655240980057,0.3677344759019943,1.7324075360285356e-06,2.74e-06,0.015175890015609973,0.0240024
igbt_field_upper,igbt,external_field_model,167754.00000000003,19.150000000000002,0.6315071847373608,0.36849281526263916,1.7303296861803686e-06,2.74e-06,0.015157688050940029,0.0240024
igbt_field_upper,igbt,external_field_model,168192.00000000003,19.200000000000003,0.6307497549290543,0.36925024507094567,1.7282543285056087e-06,2.74e-06,0.015139507917709133,0.0240024
igbt_field_upper,igbt,external_field_model,168630.0,19.25,0.6299932335821691,0.3700067664178309,1.7261814600151432e-06,2.74e-06,0.015121349589732654,0.0240024
igbt_field_upper,igbt,external_field_model,169068.0,19.3,0.6292376196070961,0.3707623803929039,1.7241110777234434e-06,2.74e-06,0.015103213040857365,0.0240024
igbt_field_upper,igbt,external_field_model,169506.0,19.35,0.6284829119155336,0.3715170880844663,1.7220431786485622e-06,2.74e-06,0.015085098244961405,0.0240024
igbt_field_upper,igbt,external_field_model,169944.00000000003,19.400000000000002,0.6277291094204851,0.3722708905795149,1.7199777598121292e-06,2.74e-06,0.015067005175954253,0.0240024
igbt_field_upper,igbt,external_field_model,170382.00000000003,19.450000000000003,0.6269762110362578,0.3730237889637423,1.7179148182393464e-06,2.74e-06,0.015048933807776674,0.0240024
igbt_field_upper,igbt,external_field_model,170820.0,19.5,0.6262242156784609,0.37377578432153913,1.7158543509589827e-06,2.74e-06,0.015030884114400688,0.0240024
igbt_field_upper,igbt,external_field_model,171258.0,19.55,0.6254731222640043,0.3745268777359957,1.7137963550033718e-06,2.74e-06,0.015012856069829538,0.0240024
igbt_field_upper,igbt,external_field_model,171696.0,19.6,0.6247229297110972,0.3752770702889027,1.7117408274084065e-06,2.74e-06,0.01499484964809764,0.0240024
igbt_field_upper,igbt,external_field_model,172134.00000000003,19.650000000000002,0.6239736369392461,0.3760263630607539,1.7096877652135344e-06,2.74e-06,0.01497686482327056,0.0240024
igbt_field_upper,igbt,external_field_model,172572.00000000003,19.700000000000003,0.6232252428692534,0.37677475713074654,1.7076371654617543e-06,2.74e-06,0.014958901569444967,0.0240024
igbt_field_upper,igbt,external_field_model,173010.0,19.75,0.6224777464232162,0.3775222535767838,1.7055890251996123e-06,2.74e-06,0.014940959860748605,0.0240024
igbt_field_upper,igbt,external_field_model,173448.0,19.8,0.6217311465245239,0.3782688534754761,1.7035433414771953e-06,2.74e-06,0.01492303967134023,0.0240024
igbt_field_upper,igbt,external_field_model,173886.0,19.85,0.6209854420978576,0.37901455790214245,1.7015001113481297e-06,2.74e-06,0.014905140975409617,0.0240024
igbt_field_upper,igbt,external_field_model,174324.00000000003,19.900000000000002,0.6202406320691879,0.3797593679308121,1.6994593318695748e-06,2.74e-06,0.014887263747177476,0.0240024
igbt_field_upper,igbt,external_field_model,174762.00000000003,19.950000000000003,0.619496715365774,0.38050328463422606,1.6974210001022208e-06,2.74e-06,0.014869407960895455,0.0240024
igbt_field_upper,igbt,external_field_model,175200.0,20.0,0.6187536909161612,0.3812463090838388,1.6953851131102816e-06,2.74e-06,0.014851573590846066,0.0240024
contactors_norm,ac_dc_contactors,external_norm,0.0,0.0,1.0,0.0,1e-07,1e-07,0.0008759999999999999,0.0008759999999999999
contactors_norm,ac_dc_contactors,external_norm,438.0,0.05,0.999956200959206,4.379904079400446e-05,9.99956200959206e-08,1e-07,0.0008759616320402644,0.0008759999999999999
contactors_norm,ac_dc_contactors,external_norm,876.0,0.1,0.9999124038367679,8.759616323203445e-05,9.999124038367679e-08,1e-07,0.0008759232657610087,0.0008759999999999999
contactors_norm,ac_dc_contactors,external_norm,1314.0000000000002,0.15000000000000002,0.9998686086326019,0.0001313913673981121,9.998686086326018e-08,1e-07,0.0008758849011621592,0.0008759999999999999
contactors_norm,ac_dc_contactors,external_norm,1752.0,0.2,0.9998248153466237,0.00017518465337625593,9.998248153466236e-08,1e-07,0.0008758465382436423,0.0008759999999999999
contactors_norm,ac_dc_contactors,external_norm,2190.0,0.25,0.9997810239787495,0.00021897602125048064,9.997810239787494e-08,1e-07,0.0008758081770053845,0.0008759999999999999
contactors_norm,ac_dc_contactors,external_norm,2628.0000000000005,0.30000000000000004,0.9997372345288952,0.0002627654711047975,9.997372345288952e-08,1e-07,0.0008757698174473122,0.0008759999999999999
contactors_norm,ac_dc_contactors,external_norm,3066.0000000000005,0.35000000000000003,0.9996934469969768,0.0003065530030232138,9.996934469969767e-08,1e-07,0.0008757314595693516,0.0008759999999999999
contactors_norm,ac_dc_contactors,external_norm,3504.0,0.4,0.9996496613829102,0.00035033861708973327,9.996496613829102e-08,1e-07,0.0008756931033714293,0.0008759999999999999
contactors_norm,ac_dc_contactors,external_norm,3942.0,0.45,0.9996058776866117,0.00039412231338835607,9.996058776866116e-08,1e-07,0.0008756547488534718,0.0008759999999999999
contactors_norm,ac_dc_contactors,external_norm,4380.0,0.5,0.9995620959079969,0.0004379040920030786,9.995620959079969e-08,1e-07,0.0008756163960154052,0.0008759999999999999
contactors_norm,ac_dc_contactors,external_norm,4818.0,0.55,0.9995183160469822,0.0004816839530178936,9.995183160469821e-08,1e-07,0.0008755780448571563,0.0008759999999999999
contactors_norm,ac_dc_contactors,external_norm,5256.000000000001,0.6000000000000001,0.9994745381034832,0.0005254618965167901,9.994745381034831e-08,1e-07,0.0008755396953786512,0.0008759999999999999
contactors_norm,ac_dc_contactors,external_norm,5694.0,0.65,0.9994307620774162,0.0005692379225837532,9.994307620774161e-08,1e-07,0.0008755013475798166,0.0008759999999999999
contactors_norm,ac_dc_contactors,external_norm,6132.000000000001,0.7000000000000001,0.9993869879686972,0.000613012031302765,9.993869879686972e-08,1e-07,0.0008754630014605788,0.0008759999999999999
contactors_norm,ac_dc_contactors,external_norm,6570.0,0.75,0.9993432157772422,0.0006567842227578031,9.993432157772421e-08,1e-07,0.000875424657020864,0.0008759999999999999
contactors_norm,ac_dc_contactors,external_norm,7008.0,0.8,0.9992994455029671,0.0007005544970328422,9.99299445502967e-08,1e-07,0.0008753863142605991,0.0008759999999999999
contactors_norm,ac_dc_contactors,external_norm,7446.000000000001,0.8500000000000001,0.9992556771457881,0.0007443228542118528,9.99255677145788e-08,1e-07,0.0008753479731797103,0.0008759999999999999
contactors_norm,ac_dc_contactors,external_norm,7884.0,0.9,0.9992119107056212,0.0007880892943788016,9.992119107056212e-08,1e-07,0.0008753096337781242,0.0008759999999999999
contactors_norm,ac_dc_contactors,external_norm,8322.0,0.9500000000000001,0.9991681461823824,0.0008318538176176522,9.991681461823824e-08,1e-07,0.000875271296055767,0.0008759999999999999
contactors_norm,ac_dc_contactors,external_norm,8760.0,1.0,0.9991243835759877,0.0008756164240123641,9.991243835759876e-08,1e-07,0.0008752329600125651,0.0008759999999999999
contactors_norm,ac_dc_contactors,external_norm,9198.0,1.05,0.9990806228863531,0.0009193771136468934,9.990806228863531e-08,1e-07,0.0008751946256484453,0.0008759999999999999
contactors_norm,ac_dc_contactors,external_norm,9636.0,1.1,0.9990368641133948,0.0009631358866051922,9.990368641133947e-08,1e-07,0.0008751562929633337,0.0008759999999999999
contactors_norm,ac_dc_contactors,external_norm,10074.000000000002,1.1500000000000001,0.9989931072570288,0.0010068927429712092,9.989931072570288e-08,1e-07,0.0008751179619571572,0.0008759999999999999
contactors_norm,ac_dc_contactors,external_norm,10512.000000000002,1.2000000000000002,0.9989493523171711,0.0010506476828288892,9.98949352317171e-08,1e-07,0.0008750796326298418,0.0008759999999999999
contactors_norm,ac_dc_contactors,external_norm,10950.0,1.25,0.9989055992937378,0.001094400706262173,9.989055992937378e-08,1e-07,0.0008750413049813143,0.0008759999999999999
contactors_norm,ac_dc_contactors,external_norm,11388.0,1.3,0.998861848186645,0.0011381518133549988,9.98861848186645e-08,1e-07,0.0008750029790115009,0.0008759999999999999
contactors_norm,ac_dc_contactors,external_norm,11826.0,1.35,0.9988180989958088,0.0011819010041913005,9.988180989958088e-08,1e-07,0.0008749646547203285,0.0008759999999999999
contactors_norm,ac_dc_contactors,external_norm,12264.000000000002,1.4000000000000001,0.998774351721145,0.001225648278855008,9.98774351721145e-08,1e-07,0.0008749263321077231,0.0008759999999999999
contactors_norm,ac_dc_contactors,external_norm,12702.000000000002,1.4500000000000002,0.9987306063625699,0.001269393637430048,9.9873060636257e-08,1e-07,0.0008748880111736113,0.0008759999999999999
contactors_norm,ac_dc_contactors,external_norm,13140.0,1.5,0.9986868629199996,0.0013131370800003425,9.986868629199996e-08,1e-07,0.0008748496919179197,0.0008759999999999999
contactors_norm,ac_dc_contactors,external_norm,13578.0,1.55,0.9986431213933502,0.0013568786066498121,9.986431213933502e-08,1e-07,0.0008748113743405748,0.0008759999999999999
contactors_norm,ac_dc_contactors,external_norm,14016.0,1.6,0.9985993817825376,0.0014006182174623714,9.985993817825375e-08,1e-07,0.0008747730584415029,0.0008759999999999999
contactors_norm,ac_dc_contactors,external_norm,14454.000000000002,1.6500000000000001,0.9985556440874781,0.0014443559125219326,9.98555644087478e-08,1e-07,0.0008747347442206307,0.0008759999999999999
contactors_norm,ac_dc_contactors,external_norm,14892.000000000002,1.7000000000000002,0.9985119083080876,0.0014880916919124034,9.985119083080875e-08,1e-07,0.0008746964316778846,0.0008759999999999999
contactors_norm,ac_dc_contactors,external_norm,15330.0,1.75,0.9984681744442823,0.0015318255557176883,9.984681744442823e-08,1e-07,0.0008746581208131913,0.0008759999999999999
contactors_norm,ac_dc_contactors,external_norm,15768.0,1.8,0.9984244424959783,0.0015755575040216888,9.984244424959783e-08,1e-07,0.000874619811626477,0.0008759999999999999
contactors_norm,ac_dc_contactors,external_norm,16206.0,1.85,0.9983807124630917,0.001619287536908301,9.983807124630916e-08,1e-07,0.0008745815041176683,0.0008759999999999999
contactors_norm,ac_dc_contactors,external_norm,16644.0,1.9000000000000001,0.9983369843455385,0.0016630156544614194,9.983369843455385e-08,1e-07,0.0008745431982866917,0.0008759999999999999
contactors_norm,ac_dc_contactors,external_norm,17082.0,1.9500000000000002,0.9982932581432351,0.001706741856764933,9.98293258143235e-08,1e-07,0.0008745048941334739,0.0008759999999999999
contactors_norm,ac_dc_contactors,external_norm,17520.0,2.0,0.9982495338560973,0.001750466143902728,9.982495338560972e-08,1e-07,0.0008744665916579411,0.0008759999999999999
contactors_norm,ac_dc_contactors,external_norm,17958.000000000004,2.0500000000000003,0.9982058114840413,0.0017941885159586878,9.982058114840412e-08,1e-07,0.0008744282908600201,0.0008759999999999999
contactors_norm,ac_dc_contactors,external_norm,18396.0,2.1,0.9981620910269833,0.001837908973016689,9.981620910269833e-08,1e-07,0.0008743899917396373,0.0008759999999999999
contactors_norm,ac_dc_contactors,external_norm,18834.0,2.15,0.9981183724848394,0.0018816275151606087,9.981183724848393e-08,1e-07,0.0008743516942967192,0.0008759999999999999
contactors_norm,ac_dc_contactors,external_norm,19272.0,2.2,0.9980746558575256,0.0019253441424743178,9.980746558575255e-08,1e-07,0.0008743133985311924,0.0008759999999999999
contactors_norm,ac_dc_contactors,external_norm,19710.0,2.25,0.9980309411449583,0.0019690588550416834,9.980309411449582e-08,1e-07,0.0008742751044429833,0.0008759999999999999
contactors_norm,ac_dc_contactors,external_norm,20148.000000000004,2.3000000000000003,0.9979872283470534,0.00201277165294657,9.979872283470534e-08,1e-07,0.0008742368120320188,0.0008759999999999999
contactors_norm,ac_dc_contactors,external_norm,20586.0,2.35,0.9979435174637271,0.002056482536272838,9.97943517463727e-08,1e-07,0.0008741985212982249,0.0008759999999999999
contactors_norm,ac_dc_contactors,external_norm,21024.000000000004,2.4000000000000004,0.9978998084948957,0.0021001915051043446,9.978998084948956e-08,1e-07,0.0008741602322415285,0.0008759999999999999
contactors_norm,ac_dc_contactors,external_norm,21462.0,2.45,0.9978561014404751,0.0021438985595249416,9.97856101440475e-08,1e-07,0.0008741219448618561,0.0008759999999999999
contactors_norm,ac_dc_contactors,external_norm,21900.0,2.5,0.9978123963003815,0.0021876036996184792,9.978123963003815e-08,1e-07,0.0008740836591591342,0.0008759999999999999
contactors_norm,ac_dc_contactors,external_norm,22338.000000000004,2.5500000000000003,0.9977686930745312,0.002231306925468803,9.977686930745312e-08,1e-07,0.0008740453751332893,0.0008759999999999999
contactors_norm,ac_dc_contactors,external_norm,22776.0,2.6,0.9977249917628402,0.0022750082371597543,9.977249917628402e-08,1e-07,0.000874007092784248,0.0008759999999999999
contactors_norm,ac_dc_contactors,external_norm,23214.000000000004,2.6500000000000004,0.9976812923652248,0.0023187076347751735,9.976812923652248e-08,1e-07,0.0008739688121119369,0.0008759999999999999
contactors_norm,ac_dc_contactors,external_norm,23652.0,2.7,0.9976375948816011,0.002362405118398893,9.97637594881601e-08,1e-07,0.0008739305331162824,0.0008759999999999999
contactors_norm,ac_dc_contactors,external_norm,24090.0,2.75,0.9975938993118852,0.002406100688114744,9.975938993118852e-08,1e-07,0.0008738922557972115,0.0008759999999999999
contactors_norm,ac_dc_contactors,external_norm,24528.000000000004,2.8000000000000003,0.9975502056559934,0.002449794344006556,9.975502056559933e-08,1e-07,0.0008738539801546501,0.0008759999999999999
contactors_norm,ac_dc_contactors,external_norm,24966.0,2.85,0.9975065139138418,0.0024934860861581497,9.975065139138418e-08,1e-07,0.0008738157061885254,0.0008759999999999999
contactors_norm,ac_dc_contactors,external_norm,25404.000000000004,2.9000000000000004,0.9974628240853467,0.002537175914653348,9.974628240853466e-08,1e-07,0.0008737774338987637,0.0008759999999999999
contactors_norm,ac_dc_contactors,external_norm,25842.0,2.95,0.997419136170424,0.0025808638295759644,9.974191361704239e-08,1e-07,0.0008737391632852913,0.0008759999999999999
contactors_norm,ac_dc_contactors,external_norm,26280.0,3.0,0.9973754501689902,0.0026245498310098134,9.973754501689902e-08,1e-07,0.0008737008943480353,0.0008759999999999999
contactors_norm,ac_dc_contactors,external_norm,26718.000000000004,3.0500000000000003,0.9973317660809613,0.002668233919038704,9.973317660809612e-08,1e-07,0.0008736626270869221,0.0008759999999999999
contactors_norm,ac_dc_contactors,external_norm,27156.0,3.1,0.9972880839062536,0.0027119160937464403,9.972880839062535e-08,1e-07,0.0008736243615018781,0.0008759999999999999
contactors_norm,ac_dc_contactors,external_norm,27594.000000000004,3.1500000000000004,0.9972444036447832,0.002755596355216825,9.972444036447831e-08,1e-07,0.00087358609759283,0.0008759999999999999
contactors_norm,ac_dc_contactors,external_norm,28032.0,3.2,0.9972007252964663,0.0027992747035336554,9.972007252964662e-08,1e-07,0.0008735478353597044,0.0008759999999999999
contactors_norm,ac_dc_contactors,external_norm,28470.0,3.25,0.9971570488612193,0.002842951138780726,9.971570488612192e-08,1e-07,0.0008735095748024281,0.0008759999999999999
contactors_norm,ac_dc_contactors,external_norm,28908.000000000004,3.3000000000000003,0.9971133743389582,0.002886625661041828,9.971133743389582e-08,1e-07,0.0008734713159209273,0.0008759999999999999
contactors_norm,ac_dc_contactors,external_norm,29346.0,3.35,0.9970697017295992,0.002930298270400747,9.970697017295991e-08,1e-07,0.0008734330587151289,0.0008759999999999999
contactors_norm,ac_dc_contactors,external_norm,29784.000000000004,3.4000000000000004,0.9970260310330588,0.0029739689669412684,9.970260310330588e-08,1e-07,0.0008733948031849595,0.0008759999999999999
contactors_norm,ac_dc_contactors,external_norm,30222.0,3.45,0.9969823622492529,0.0030176377507471694,9.969823622492528e-08,1e-07,0.0008733565493303455,0.0008759999999999999
contactors_norm,ac_dc_contactors,external_norm,30660.0,3.5,0.9969386953780978,0.0030613046219022267,9.969386953780977e-08,1e-07,0.0008733182971512136,0.0008759999999999999
contactors_norm,ac_dc_contactors,external_norm,31098.000000000004,3.5500000000000003,0.9968950304195098,0.003104969580490214,9.968950304195097e-08,1e-07,0.0008732800466474905,0.0008759999999999999
contactors_norm,ac_dc_contactors,external_norm,31536.0,3.6,0.9968513673734051,0.003148632626594898,9.96851367373405e-08,1e-07,0.0008732417978191027,0.0008759999999999999
contactors_norm,ac_dc_contactors,external_norm,31974.000000000004,3.6500000000000004,0.9968077062396999,0.0031922937603000457,9.968077062396999e-08,1e-07,0.0008732035506659771,0.0008759999999999999
contactors_norm,ac_dc_contactors,external_norm,32412.0,3.7,0.9967640470183106,0.0032359529816894154,9.967640470183105e-08,1e-07,0.00087316530518804,0.0008759999999999999
contactors_norm,ac_dc_contactors,external_norm,32850.0,3.75,0.9967203897091532,0.0032796102908467678,9.967203897091531e-08,1e-07,0.0008731270613852181,0.0008759999999999999
contactors_norm,ac_dc_contactors,external_norm,33288.0,3.8000000000000003,0.9966767343121441,0.003323265687855855,9.966767343121441e-08,1e-07,0.0008730888192574382,0.0008759999999999999
contactors_norm,ac_dc_contactors,external_norm,33726.0,3.85,0.9966330808271996,0.003366919172800428,9.966330808271996e-08,1e-07,0.0008730505788046268,0.0008759999999999999
contactors_norm,ac_dc_contactors,external_norm,34164.0,3.9000000000000004,0.9965894292542358,0.003410570745764233,9.965894292542358e-08,1e-07,0.0008730123400267105,0.0008759999999999999
contactors_norm,ac_dc_contactors,external_norm,34602.0,3.95,0.996545779593169,0.003454220406831012,9.96545779593169e-08,1e-07,0.000872974102923616,0.0008759999999999999
contactors_norm,ac_dc_contactors,external_norm,35040.0,4.0,0.9965021318439155,0.0034978681560845063,9.965021318439154e-08,1e-07,0.0008729358674952699,0.0008759999999999999
contactors_norm,ac_dc_contactors,external_norm,35478.0,4.05,0.9964584860063915,0.0035415139936084508,9.964584860063915e-08,1e-07,0.0008728976337415989,0.0008759999999999999
contactors_norm,ac_dc_contactors,external_norm,35916.00000000001,4.1000000000000005,0.9964148420805135,0.0035851579194865774,9.964148420805134e-08,1e-07,0.0008728594016625298,0.0008759999999999999
contactors_norm,ac_dc_contactors,external_norm,36354.0,4.15,0.9963712000661974,0.0036287999338026128,9.963712000661974e-08,1e-07,0.0008728211712579889,0.0008759999999999999
contactors_norm,ac_dc_contactors,external_norm,36792.0,4.2,0.9963275599633598,0.0036724400366402827,9.963275599633596e-08,1e-07,0.0008727829425279031,0.0008759999999999999
contactors_norm,ac_dc_contactors,external_norm,37230.0,4.25,0.9962839217719167,0.003716078228083309,9.962839217719167e-08,1e-07,0.000872744715472199,0.0008759999999999999
contactors_norm,ac_dc_contactors,external_norm,37668.0,4.3,0.9962402854917846,0.003759714508215408,9.962402854917845e-08,1e-07,0.0008727064900908032,0.0008759999999999999
contactors_norm,ac_dc_contactors,external_norm,38106.00000000001,4.3500000000000005,0.9961966511228797,0.0038033488771202937,9.961966511228796e-08,1e-07,0.0008726682663836425,0.0008759999999999999
contactors_norm,ac_dc_contactors,external_norm,38544.0,4.4,0.9961530186651183,0.003846981334881675,9.961530186651182e-08,1e-07,0.0008726300443506436,0.0008759999999999999
contactors_norm,ac_dc_contactors,external_norm,38982.0,4.45,0.9961093881184168,0.003890611881583259,9.961093881184167e-08,1e-07,0.0008725918239917331,0.0008759999999999999
contactors_norm,ac_dc_contactors,external_norm,39420.0,4.5,0.9960657594826913,0.003934240517308749,9.960657594826913e-08,1e-07,0.0008725536053068375,0.0008759999999999999
contactors_norm,ac_dc_contactors,external_norm,39858.0,4.55,0.9960221327578581,0.003977867242141842,9.96022132757858e-08,1e-07,0.0008725153882958837,0.0008759999999999999
contactors_norm,ac_dc_contactors,external_norm,40296.00000000001,4.6000000000000005,0.9959785079438338,0.0040214920561662355,9.959785079438338e-08,1e-07,0.0008724771729587984,0.0008759999999999999
contactors_norm,ac_dc_contactors,external_norm,40734.0,4.65,0.9959348850405344,0.004065114959465618,9.959348850405343e-08,1e-07,0.0008724389592955081,0.0008759999999999999
contactors_norm,ac_dc_contactors,external_norm,41172.0,4.7,0.9958912640478763,0.004108735952123681,9.958912640478762e-08,1e-07,0.0008724007473059395,0.0008759999999999999
contactors_norm,ac_dc_contactors,external_norm,41610.0,4.75,0.9958476449657759,0.004152355034224106,9.958476449657758e-08,1e-07,0.0008723625369900196,0.0008759999999999999
contactors_norm,ac_dc_contactors,external_norm,42048.00000000001,4.800000000000001,0.9958040277941494,0.004195972205850577,9.958040277941494e-08,1e-07,0.0008723243283476748,0.0008759999999999999
contactors_norm,ac_dc_contactors,external_norm,42486.00000000001,4.8500000000000005,0.9957604125329133,0.004239587467086766,9.957604125329133e-08,1e-07,0.000872286121378832,0.0008759999999999999
contactors_norm,ac_dc_contactors,external_norm,42924.0,4.9,0.9957167991819836,0.00428320081801635,9.957167991819835e-08,1e-07,0.0008722479160834176,0.0008759999999999999
contactors_norm,ac_dc_contactors,external_norm,43362.0,4.95,0.995673187741277,0.004326812258722997,9.956731877412769e-08,1e-07,0.0008722097124613586,0.0008759999999999999
contactors_norm,ac_dc_contactors,external_norm,43800.0,5.0,0.9956295782107096,0.004370421789290374,9.956295782107096e-08,1e-07,0.0008721715105125816,0.0008759999999999999
contactors_norm,ac_dc_contactors,external_norm,44238.00000000001,5.050000000000001,0.9955859705901978,0.004414029409802143,9.955859705901978e-08,1e-07,0.0008721333102370133,0.0008759999999999999
contactors_norm,ac_dc_contactors,external_norm,44676.00000000001,5.1000000000000005,0.9955423648796581,0.004457635120341961,9.955423648796581e-08,1e-07,0.0008720951116345805,0.0008759999999999999
contactors_norm,ac_dc_contactors,external_norm,45114.0,5.15,0.9954987610790065,0.004501238920993484,9.954987610790064e-08,1e-07,0.0008720569147052096,0.0008759999999999999
contactors_norm,ac_dc_contactors,external_norm,45552.0,5.2,0.9954551591881596,0.0045448408118403645,9.954551591881596e-08,1e-07,0.0008720187194488278,0.0008759999999999999
contactors_norm,ac_dc_contactors,external_norm,45990.0,5.25,0.9954115592070337,0.004588440792966249,9.954115592070337e-08,1e-07,0.0008719805258653615,0.0008759999999999999
contactors_norm,ac_dc_contactors,external_norm,46428.00000000001,5.300000000000001,0.9953679611355453,0.004632038864454782,9.953679611355452e-08,1e-07,0.0008719423339547376,0.0008759999999999999
contactors_norm,ac_dc_contactors,external_norm,46866.00000000001,5.3500000000000005,0.9953243649736104,0.004675635026389603,9.953243649736105e-08,1e-07,0.0008719041437168827,0.0008759999999999999
contactors_norm,ac_dc_contactors,external_norm,47304.0,5.4,0.9952807707211456,0.004719229278854348,9.952807707211456e-08,1e-07,0.0008718659551517235,0.0008759999999999999
contactors_norm,ac_dc_contactors,external_norm,47742.0,5.45,0.9952371783780674,0.004762821621932652,9.952371783780674e-08,1e-07,0.000871827768259187,0.0008759999999999999
contactors_norm,ac_dc_contactors,external_norm,48180.0,5.5,0.9951935879442918,0.004806412055708142,9.951935879442918e-08,1e-07,0.0008717895830391996,0.0008759999999999999
contactors_norm,ac_dc_contactors,external_norm,48618.00000000001,5.550000000000001,0.9951499994197356,0.004850000580264447,9.951499994197356e-08,1e-07,0.0008717513994916884,0.0008759999999999999
contactors_norm,ac_dc_contactors,external_norm,49056.00000000001,5.6000000000000005,0.9951064128043148,0.0048935871956851855,9.951064128043148e-08,1e-07,0.0008717132176165798,0.0008759999999999999
contactors_norm,ac_dc_contactors,external_norm,49494.0,5.65,0.995062828097946,0.004937171902053976,9.95062828097946e-08,1e-07,0.0008716750374138006,0.0008759999999999999
contactors_norm,ac_dc_contactors,external_norm,49932.0,5.7,0.9950192453005455,0.004980754699454436,9.950192453005455e-08,1e-07,0.0008716368588832778,0.0008759999999999999
contactors_norm,ac_dc_contactors,external_norm,50370.0,5.75,0.9949756644120298,0.005024335587970174,9.949756644120297e-08,1e-07,0.000871598682024938,0.0008759999999999999
contactors_norm,ac_dc_contactors,external_norm,50808.00000000001,5.800000000000001,0.9949320854323151,0.005067914567684799,9.949320854323151e-08,1e-07,0.000871560506838708,0.0008759999999999999
contactors_norm,ac_dc_contactors,external_norm,51246.00000000001,5.8500000000000005,0.994888508361318,0.005111491638681913,9.94888508361318e-08,1e-07,0.0008715223333245146,0.0008759999999999999
contactors_norm,ac_dc_contactors,external_norm,51684.0,5.9,0.9948449331989548,0.0051550668010451155,9.948449331989547e-08,1e-07,0.0008714841614822843,0.0008759999999999999
contactors_norm,ac_dc_contactors,external_norm,52122.0,5.95,0.994801359945142,0.005198640054858005,9.94801359945142e-08,1e-07,0.0008714459913119444,0.0008759999999999999
contactors_norm,ac_dc_contactors,external_norm,52560.0,6.0,0.9947577885997958,0.005242211400204173,9.947577885997958e-08,1e-07,0.0008714078228134212,0.0008759999999999999
contactors_norm,ac_dc_contactors,external_norm,52998.00000000001,6.050000000000001,0.9947142191628328,0.00528578083716721,9.947142191628327e-08,1e-07,0.0008713696559866415,0.0008759999999999999
contactors_norm,ac_dc_contactors,external_norm,53436.00000000001,6.1000000000000005,0.9946706516341693,0.005329348365830699,9.946706516341693e-08,1e-07,0.0008713314908315322,0.0008759999999999999
contactors_norm,ac_dc_contactors,external_norm,53874.0,6.15,0.9946270860137217,0.005372913986278222,9.946270860137217e-08,1e-07,0.0008712933273480202,0.0008759999999999999
contactors_norm,ac_dc_contactors,external_norm,54312.0,6.2,0.9945835223014067,0.00541647769859336,9.945835223014066e-08,1e-07,0.0008712551655360322,0.0008759999999999999
contactors_norm,ac_dc_contactors,external_norm,54750.0,6.25,0.9945399604971403,0.0054600395028596834,9.945399604971403e-08,1e-07,0.0008712170053954949,0.0008759999999999999
contactors_norm,ac_dc_contactors,external_norm,55188.00000000001,6.300000000000001,0.9944964006008392,0.005503599399160767,9.944964006008392e-08,1e-07,0.0008711788469263352,0.0008759999999999999
contactors_norm,ac_dc_contactors,external_norm,55626.00000000001,6.3500000000000005,0.9944528426124198,0.005547157387580173,9.944528426124198e-08,1e-07,0.0008711406901284797,0.0008759999999999999
contactors_norm,ac_dc_contactors,external_norm,56064.0,6.4,0.9944092865317985,0.005590713468201468,9.944092865317985e-08,1e-07,0.0008711025350018554,0.0008759999999999999
contactors_norm,ac_dc_contactors,external_norm,56502.0,6.45,0.9943657323588918,0.00563426764110821,9.943657323588918e-08,1e-07,0.0008710643815463892,0.0008759999999999999
contactors_norm,ac_dc_contactors,external_norm,56940.0,6.5,0.9943221800936161,0.005677819906383957,9.94322180093616e-08,1e-07,0.0008710262297620076,0.0008759999999999999
contactors_norm,ac_dc_contactors,external_norm,57378.00000000001,6.550000000000001,0.9942786297358878,0.0057213702641122615,9.942786297358877e-08,1e-07,0.0008709880796486377,0.0008759999999999999
contactors_norm,ac_dc_contactors,external_norm,57816.00000000001,6.6000000000000005,0.9942350812856233,0.005764918714376671,9.942350812856232e-08,1e-07,0.000870949931206206,0.0008759999999999999
contactors_norm,ac_dc_contactors,external_norm,58254.0,6.65,0.9941915347427392,0.00580846525726073,9.941915347427391e-08,1e-07,0.0008709117844346395,0.0008759999999999999
contactors_norm,ac_dc_contactors,external_norm,58692.0,6.7,0.994147990107152,0.0058520098928479805,9.94147990107152e-08,1e-07,0.0008708736393338651,0.0008759999999999999
contactors_norm,ac_dc_contactors,external_norm,59130.0,6.75,0.994104447378778,0.005895552621221961,9.94104447378778e-08,1e-07,0.0008708354959038095,0.0008759999999999999
contactors_norm,ac_dc_contactors,external_norm,59568.00000000001,6.800000000000001,0.9940609065575338,0.005939093442466206,9.940609065575337e-08,1e-07,0.0008707973541443994,0.0008759999999999999
contactors_norm,ac_dc_contactors,external_norm,60006.00000000001,6.8500000000000005,0.9940173676433357,0.005982632356664244,9.940173676433356e-08,1e-07,0.000870759214055562,0.0008759999999999999
contactors_norm,ac_dc_contactors,external_norm,60444.0,6.9,0.9939738306361003,0.006026169363899604,9.939738306361003e-08,1e-07,0.0008707210756372239,0.0008759999999999999
contactors_norm,ac_dc_contactors,external_norm,60882.0,6.95,0.9939302955357442,0.006069704464255807,9.939302955357442e-08,1e-07,0.0008706829388893119,0.0008759999999999999
contactors_norm,ac_dc_contactors,external_norm,61320.0,7.0,0.9938867623421836,0.006113237657816374,9.938867623421835e-08,1e-07,0.0008706448038117528,0.0008759999999999999
contactors_norm,ac_dc_contactors,external_norm,61758.00000000001,7.050000000000001,0.9938432310553351,0.006156768944664821,9.938432310553351e-08,1e-07,0.0008706066704044735,0.0008759999999999999
contactors_norm,ac_dc_contactors,external_norm,62196.00000000001,7.1000000000000005,0.9937997016751153,0.006200298324884659,9.937997016751153e-08,1e-07,0.000870568538667401,0.0008759999999999999
contactors_norm,ac_dc_contactors,external_norm,62634.0,7.15,0.9937561742014406,0.006243825798559396,9.937561742014405e-08,1e-07,0.000870530408600462,0.0008759999999999999
contactors_norm,ac_dc_contactors,external_norm,63072.0,7.2,0.9937126486342275,0.006287351365772539,9.937126486342275e-08,1e-07,0.0008704922802035833,0.0008759999999999999
contactors_norm,ac_dc_contactors,external_norm,63510.0,7.25,0.9936691249733924,0.006330875026607587,9.936691249733924e-08,1e-07,0.0008704541534766917,0.0008759999999999999
contactors_norm,ac_dc_contactors,external_norm,63948.00000000001,7.300000000000001,0.993625603218852,0.00637439678114804,9.936256032188519e-08,1e-07,0.0008704160284197143,0.0008759999999999999
contactors_norm,ac_dc_contactors,external_norm,64386.00000000001,7.3500000000000005,0.9935820833705226,0.0064179166294773896,9.935820833705225e-08,1e-07,0.0008703779050325777,0.0008759999999999999
contactors_norm,ac_dc_contactors,external_norm,64824.0,7.4,0.9935385654283209,0.006461434571679126,9.935385654283209e-08,1e-07,0.0008703397833152091,0.0008759999999999999
contactors_norm,ac_dc_contactors,external_norm,65262.0,7.45,0.9934950493921633,0.006504950607836738,9.934950493921632e-08,1e-07,0.000870301663267535,0.0008759999999999999
contactors_norm,ac_dc_contactors,external_norm,65700.0,7.5,0.9934515352619663,0.006548464738033707,9.934515352619662e-08,1e-07,0.0008702635448894824,0.0008759999999999999
contactors_norm,ac_dc_contactors,external_norm,66138.0,7.550000000000001,0.9934080230376465,0.006591976962353512,9.934080230376465e-08,1e-07,0.0008702254281809783,0.0008759999999999999
contactors_norm,ac_dc_contactors,external_norm,66576.0,7.6000000000000005,0.9933645127191204,0.00663548728087963,9.933645127191203e-08,1e-07,0.0008701873131419495,0.0008759999999999999
contactors_norm,ac_dc_contactors,external_norm,67014.0,7.65,0.9933210043063044,0.006678995693695531,9.933210043063044e-08,1e-07,0.0008701491997723227,0.0008759999999999999
contactors_norm,ac_dc_contactors,external_norm,67452.0,7.7,0.9932774977991153,0.006722502200884685,9.932774977991153e-08,1e-07,0.0008701110880720251,0.0008759999999999999
contactors_norm,ac_dc_contactors,external_norm,67890.0,7.75,0.9932339931974694,0.006766006802530555,9.932339931974693e-08,1e-07,0.0008700729780409831,0.0008759999999999999
contactors_norm,ac_dc_contactors,external_norm,68328.0,7.800000000000001,0.9931904905012834,0.006809509498716603,9.931904905012833e-08,1e-07,0.0008700348696791242,0.0008759999999999999
contactors_norm,ac_dc_contactors,external_norm,68766.0,7.8500000000000005,0.9931469897104737,0.006853010289526285,9.931469897104736e-08,1e-07,0.0008699967629863749,0.0008759999999999999
contactors_norm,ac_dc_contactors,external_norm,69204.0,7.9,0.993103490824957,0.006896509175043057,9.931034908249569e-08,1e-07,0.0008699586579626622,0.0008759999999999999
contactors_norm,ac_dc_contactors,external_norm,69642.0,7.95,0.9930599938446496,0.006940006155350367,9.930599938446496e-08,1e-07,0.000869920554607913,0.0008759999999999999
contactors_norm,ac_dc_contactors,external_norm,70080.0,8.0,0.9930164987694683,0.006983501230531663,9.930164987694682e-08,1e-07,0.0008698824529220542,0.0008759999999999999
contactors_norm,ac_dc_contactors,external_norm,70518.0,8.05,0.9929730055993296,0.007026994400670387,9.929730055993295e-08,1e-07,0.0008698443529050127,0.0008759999999999999
contactors_norm,ac_dc_contactors,external_norm,70956.0,8.1,0.99292951433415,0.007070485665849977,9.9292951433415e-08,1e-07,0.0008698062545567154,0.0008759999999999999
contactors_norm,ac_dc_contactors,external_norm,71394.0,8.15,0.9928860249738461,0.00711397502615387,9.928860249738461e-08,1e-07,0.0008697681578770892,0.0008759999999999999
contactors_norm,ac_dc_contactors,external_norm,71832.00000000001,8.200000000000001,0.9928425375183345,0.007157462481665497,9.928425375183344e-08,1e-07,0.000869730062866061,0.0008759999999999999
contactors_norm,ac_dc_contactors,external_norm,72270.0,8.25,0.9927990519675317,0.0072009480324682846,9.927990519675317e-08,1e-07,0.0008696919695235577,0.0008759999999999999
contactors_norm,ac_dc_contactors,external_norm,72708.0,8.3,0.9927555683213544,0.00724443167864566,9.927555683213544e-08,1e-07,0.0008696538778495064,0.0008759999999999999
contactors_norm,ac_dc_contactors,external_norm,73146.0,8.35,0.992712086579719,0.007287913420281042,9.92712086579719e-08,1e-07,0.0008696157878438338,0.0008759999999999999
contactors_norm,ac_dc_contactors,external_norm,73584.0,8.4,0.9926686067425421,0.007331393257457847,9.926686067425421e-08,1e-07,0.0008695776995064668,0.0008759999999999999
contactors_norm,ac_dc_contactors,external_norm,74022.00000000001,8.450000000000001,0.9926251288097405,0.007374871190259493,9.926251288097404e-08,1e-07,0.0008695396128373326,0.0008759999999999999
contactors_norm,ac_dc_contactors,external_norm,74460.0,8.5,0.9925816527812306,0.007418347218769383,9.925816527812305e-08,1e-07,0.0008695015278363579,0.0008759999999999999
contactors_norm,ac_dc_contactors,external_norm,74898.0,8.55,0.9925381786569291,0.007461821343070929,9.92538178656929e-08,1e-07,0.0008694634445034698,0.0008759999999999999
contactors_norm,ac_dc_contactors,external_norm,75336.0,8.6,0.9924947064367524,0.007505293563247531,9.924947064367524e-08,1e-07,0.0008694253628385951,0.0008759999999999999
contactors_norm,ac_dc_contactors,external_norm,75774.0,8.65,0.9924512361206174,0.007548763879382588,9.924512361206173e-08,1e-07,0.0008693872828416608,0.0008759999999999999
contactors_norm,ac_dc_contactors,external_norm,76212.00000000001,8.700000000000001,0.9924077677084405,0.007592232291559495,9.924077677084404e-08,1e-07,0.0008693492045125939,0.0008759999999999999
contactors_norm,ac_dc_contactors,external_norm,76650.0,8.75,0.9923643012001383,0.007635698799861644,9.923643012001382e-08,1e-07,0.0008693111278513211,0.0008759999999999999
contactors_norm,ac_dc_contactors,external_norm,77088.0,8.8,0.9923208365956275,0.007679163404372423,9.923208365956275e-08,1e-07,0.0008692730528577698,0.0008759999999999999
contactors_norm,ac_dc_contactors,external_norm,77526.0,8.85,0.9922773738948247,0.007722626105175214,9.922773738948247e-08,1e-07,0.0008692349795318664,0.0008759999999999999
contactors_norm,ac_dc_contactors,external_norm,77964.0,8.9,0.9922339130976466,0.007766086902353401,9.922339130976466e-08,1e-07,0.0008691969078735384,0.0008759999999999999
contactors_norm,ac_dc_contactors,external_norm,78402.00000000001,8.950000000000001,0.9921904542040096,0.007809545795990361,9.921904542040096e-08,1e-07,0.0008691588378827124,0.0008759999999999999
contactors_norm,ac_dc_contactors,external_norm,78840.0,9.0,0.9921469972138305,0.007853002786169464,9.921469972138305e-08,1e-07,0.0008691207695593155,0.0008759999999999999
contactors_norm,ac_dc_contactors,external_norm,79278.0,9.05,0.9921035421270259,0.007896457872974081,9.921035421270259e-08,1e-07,0.0008690827029032746,0.0008759999999999999
contactors_norm,ac_dc_contactors,external_norm,79716.0,9.1,0.9920600889435124,0.007939911056487578,9.920600889435124e-08,1e-07,0.0008690446379145168,0.0008759999999999999
contactors_norm,ac_dc_contactors,external_norm,80154.0,9.15,0.9920166376632067,0.007983362336793318,9.920166376632066e-08,1e-07,0.000869006574592969,0.0008759999999999999
contactors_norm,ac_dc_contactors,external_norm,80592.00000000001,9.200000000000001,0.9919731882860253,0.008026811713974662,9.919731882860253e-08,1e-07,0.0008689685129385582,0.0008759999999999999
contactors_norm,ac_dc_contactors,external_norm,81030.0,9.25,0.991929740811885,0.00807025918811496,9.91929740811885e-08,1e-07,0.0008689304529512112,0.0008759999999999999
contactors_norm,ac_dc_contactors,external_norm,81468.0,9.3,0.9918862952407024,0.008113704759297565,9.918862952407024e-08,1e-07,0.0008688923946308552,0.0008759999999999999
contactors_norm,ac_dc_contactors,external_norm,81906.0,9.35,0.9918428515723942,0.008157148427605827,9.918428515723941e-08,1e-07,0.0008688543379774173,0.0008759999999999999
contactors_norm,ac_dc_contactors,external_norm,82344.0,9.4,0.9917994098068769,0.008200590193123088,9.917994098068768e-08,1e-07,0.000868816282990824,0.0008759999999999999
contactors_norm,ac_dc_contactors,external_norm,82782.00000000001,9.450000000000001,0.9917559699440673,0.00824403005593269,9.917559699440673e-08,1e-07,0.000868778229671003,0.0008759999999999999
contactors_norm,ac_dc_contactors,external_norm,83220.0,9.5,0.991712531983882,0.008287468016117967,9.917125319838819e-08,1e-07,0.0008687401780178806,0.0008759999999999999
contactors_norm,ac_dc_contactors,external_norm,83658.0,9.55,0.9916690959262378,0.008330904073762255,9.916690959262377e-08,1e-07,0.0008687021280313843,0.0008759999999999999
contactors_norm,ac_dc_contactors,external_norm,84096.00000000001,9.600000000000001,0.9916256617710512,0.008374338228948883,9.916256617710511e-08,1e-07,0.0008686640797114408,0.0008759999999999999
contactors_norm,ac_dc_contactors,external_norm,84534.0,9.65,0.9915822295182388,0.008417770481761172,9.915822295182387e-08,1e-07,0.0008686260330579771,0.0008759999999999999
contactors_norm,ac_dc_contactors,external_norm,84972.00000000001,9.700000000000001,0.9915387991677176,0.008461200832282455,9.915387991677175e-08,1e-07,0.0008685879880709205,0.0008759999999999999
contactors_norm,ac_dc_contactors,external_norm,85410.0,9.75,0.991495370719404,0.008504629280596037,9.914953707194039e-08,1e-07,0.0008685499447501978,0.0008759999999999999
contactors_norm,ac_dc_contactors,external_norm,85848.0,9.8,0.9914519441732147,0.008548055826785243,9.914519441732147e-08,1e-07,0.0008685119030957361,0.0008759999999999999
contactors_norm,ac_dc_contactors,external_norm,86286.00000000001,9.850000000000001,0.9914085195290666,0.008591480470933383,9.914085195290666e-08,1e-07,0.0008684738631074623,0.0008759999999999999
contactors_norm,ac_dc_contactors,external_norm,86724.0,9.9,0.9913650967868762,0.00863490321312376,9.913650967868761e-08,1e-07,0.0008684358247853035,0.0008759999999999999
contactors_norm,ac_dc_contactors,external_norm,87162.00000000001,9.950000000000001,0.9913216759465603,0.00867832405343968,9.913216759465603e-08,1e-07,0.0008683977881291868,0.0008759999999999999
contactors_norm,ac_dc_contactors,external_norm,87600.0,10.0,0.9912782570080355,0.008721742991964444,9.912782570080355e-08,1e-07,0.0008683597531390391,0.0008759999999999999
contactors_norm,ac_dc_contactors,external_norm,88038.0,10.05,0.9912348399712186,0.008765160028781346,9.912348399712186e-08,1e-07,0.0008683217198147876,0.0008759999999999999
contactors_norm,ac_dc_contactors,external_norm,88476.00000000001,10.100000000000001,0.9911914248360263,0.008808575163973686,9.911914248360262e-08,1e-07,0.000868283688156359,0.0008759999999999999
contactors_norm,ac_dc_contactors,external_norm,88914.0,10.15,0.9911480116023752,0.008851988397624745,9.911480116023751e-08,1e-07,0.0008682456581636806,0.0008759999999999999
contactors_norm,ac_dc_contactors,external_norm,89352.00000000001,10.200000000000001,0.9911046002701822,0.008895399729817816,9.911046002701821e-08,1e-07,0.0008682076298366795,0.0008759999999999999
contactors_norm,ac_dc_contactors,external_norm,89790.0,10.25,0.9910611908393638,0.008938809160636173,9.910611908393638e-08,1e-07,0.0008681696031752827,0.0008759999999999999
contactors_norm,ac_dc_contactors,external_norm,90228.0,10.3,0.9910177833098369,0.008982216690163101,9.910177833098368e-08,1e-07,0.0008681315781794171,0.0008759999999999999
contactors_norm,ac_dc_contactors,external_norm,90666.00000000001,10.350000000000001,0.9909743776815181,0.009025622318481875,9.90974377681518e-08,1e-07,0.0008680935548490097,0.0008759999999999999
contactors_norm,ac_dc_contactors,external_norm,91104.0,10.4,0.9909309739543243,0.00906902604567576,9.909309739543243e-08,1e-07,0.0008680555331839881,0.0008759999999999999
contactors_norm,ac_dc_contactors,external_norm,91542.00000000001,10.450000000000001,0.9908875721281719,0.00911242787182803,9.908875721281719e-08,1e-07,0.0008680175131842786,0.0008759999999999999
contactors_norm,ac_dc_contactors,external_norm,91980.0,10.5,0.990844172202978,0.009155827797021942,9.90844172202978e-08,1e-07,0.0008679794948498088,0.0008759999999999999
contactors_norm,ac_dc_contactors,external_norm,92418.0,10.55,0.9908007741786592,0.009199225821340761,9.908007741786592e-08,1e-07,0.0008679414781805054,0.0008759999999999999
contactors_norm,ac_dc_contactors,external_norm,92856.00000000001,10.600000000000001,0.9907573780551322,0.009242621944867744,9.907573780551321e-08,1e-07,0.0008679034631762958,0.0008759999999999999
contactors_norm,ac_dc_contactors,external_norm,93294.0,10.65,0.9907139838323138,0.00928601616768614,9.907139838323138e-08,1e-07,0.0008678654498371069,0.0008759999999999999
contactors_norm,ac_dc_contactors,external_norm,93732.00000000001,10.700000000000001,0.9906705915101208,0.009329408489879204,9.906705915101208e-08,1e-07,0.0008678274381628657,0.0008759999999999999
contactors_norm,ac_dc_contactors,external_norm,94170.0,10.75,0.9906272010884698,0.009372798911530176,9.906272010884697e-08,1e-07,0.0008677894281534995,0.0008759999999999999
contactors_norm,ac_dc_contactors,external_norm,94608.0,10.8,0.9905838125672777,0.0094161874327223,9.905838125672776e-08,1e-07,0.0008677514198089352,0.0008759999999999999
contactors_norm,ac_dc_contactors,external_norm,95046.00000000001,10.850000000000001,0.9905404259464612,0.009459574053538814,9.905404259464611e-08,1e-07,0.0008677134131290999,0.0008759999999999999
contactors_norm,ac_dc_contactors,external_norm,95484.0,10.9,0.9904970412259371,0.009502958774062955,9.90497041225937e-08,1e-07,0.0008676754081139208,0.0008759999999999999
contactors_norm,ac_dc_contactors,external_norm,95922.00000000001,10.950000000000001,0.990453658405622,0.00954634159437795,9.90453658405622e-08,1e-07,0.0008676374047633248,0.0008759999999999999
contactors_norm,ac_dc_contactors,external_norm,96360.0,11.0,0.990410277485433,0.009589722514567028,9.904102774854329e-08,1e-07,0.0008675994030772393,0.0008759999999999999
contactors_norm,ac_dc_contactors,external_norm,96798.0,11.05,0.9903668984652866,0.009633101534713412,9.903668984652866e-08,1e-07,0.0008675614030555911,0.0008759999999999999
contactors_norm,ac_dc_contactors,external_norm,97236.00000000001,11.100000000000001,0.9903235213450997,0.009676478654900327,9.903235213450997e-08,1e-07,0.0008675234046983073,0.0008759999999999999
contactors_norm,ac_dc_contactors,external_norm,97674.0,11.15,0.990280146124789,0.009719853875210982,9.90280146124789e-08,1e-07,0.0008674854080053152,0.0008759999999999999
contactors_norm,ac_dc_contactors,external_norm,98112.00000000001,11.200000000000001,0.9902367728042714,0.009763227195728596,9.902367728042713e-08,1e-07,0.0008674474129765417,0.0008759999999999999
contactors_norm,ac_dc_contactors,external_norm,98550.0,11.25,0.9901934013834637,0.009806598616536372,9.901934013834637e-08,1e-07,0.0008674094196119142,0.0008759999999999999
contactors_norm,ac_dc_contactors,external_norm,98988.0,11.3,0.9901500318622825,0.00984996813771752,9.901500318622824e-08,1e-07,0.0008673714279113594,0.0008759999999999999
contactors_norm,ac_dc_contactors,external_norm,99426.00000000001,11.350000000000001,0.9901066642406448,0.009893335759355243,9.901066642406447e-08,1e-07,0.0008673334378748047,0.0008759999999999999
contactors_norm,ac_dc_contactors,external_norm,99864.0,11.4,0.9900632985184673,0.009936701481532733,9.900632985184672e-08,1e-07,0.0008672954495021773,0.0008759999999999999
contactors_norm,ac_dc_contactors,external_norm,100302.00000000001,11.450000000000001,0.9900199346956667,0.009980065304333192,9.900199346956667e-08,1e-07,0.000867257462793404,0.0008759999999999999
contactors_norm,ac_dc_contactors,external_norm,100740.0,11.5,0.9899765727721602,0.010023427227839804,9.899765727721601e-08,1e-07,0.0008672194777484122,0.0008759999999999999
contactors_norm,ac_dc_contactors,external_norm,101178.0,11.55,0.9899332127478643,0.01006678725213576,9.899332127478643e-08,1e-07,0.0008671814943671291,0.0008759999999999999
contactors_norm,ac_dc_contactors,external_norm,101616.00000000001,11.600000000000001,0.9898898546226957,0.010110145377304246,9.898898546226957e-08,1e-07,0.0008671435126494814,0.0008759999999999999
contactors_norm,ac_dc_contactors,external_norm,102054.0,11.65,0.9898464983965716,0.010153501603428434,9.898464983965715e-08,1e-07,0.0008671055325953967,0.0008759999999999999
contactors_norm,ac_dc_contactors,external_norm,102492.00000000001,11.700000000000001,0.9898031440694085,0.010196855930591511,9.898031440694085e-08,1e-07,0.0008670675542048019,0.0008759999999999999
contactors_norm,ac_dc_contactors,external_norm,102930.0,11.75,0.9897597916411234,0.010240208358876639,9.897597916411233e-08,1e-07,0.000867029577477624,0.0008759999999999999
contactors_norm,ac_dc_contactors,external_norm,103368.0,11.8,0.989716441111633,0.010283558888366994,9.89716441111633e-08,1e-07,0.0008669916024137904,0.0008759999999999999
contactors_norm,ac_dc_contactors,external_norm,103806.00000000001,11.850000000000001,0.9896730924808542,0.01032690751914574,9.896730924808541e-08,1e-07,0.0008669536290132282,0.0008759999999999999
contactors_norm,ac_dc_contactors,external_norm,104244.0,11.9,0.989629745748704,0.010370254251296037,9.896297457487039e-08,1e-07,0.0008669156572758646,0.0008759999999999999
contactors_norm,ac_dc_contactors,external_norm,104682.00000000001,11.950000000000001,0.989586400915099,0.010413599084901045,9.895864009150989e-08,1e-07,0.0008668776872016266,0.0008759999999999999
contactors_norm,ac_dc_contactors,external_norm,105120.0,12.0,0.9895430579799561,0.010456942020043915,9.895430579799561e-08,1e-07,0.0008668397187904416,0.0008759999999999999
contactors_norm,ac_dc_contactors,external_norm,105558.0,12.05,0.9894997169431922,0.010500283056807804,9.894997169431922e-08,1e-07,0.0008668017520422364,0.0008759999999999999
contactors_norm,ac_dc_contactors,external_norm,105996.00000000001,12.100000000000001,0.9894563778047242,0.010543622195275855,9.894563778047241e-08,1e-07,0.0008667637869569383,0.0008759999999999999
contactors_norm,ac_dc_contactors,external_norm,106434.0,12.15,0.9894130405644688,0.010586959435531212,9.894130405644687e-08,1e-07,0.0008667258235344746,0.0008759999999999999
contactors_norm,ac_dc_contactors,external_norm,106872.00000000001,12.200000000000001,0.989369705222343,0.010630294777657017,9.89369705222343e-08,1e-07,0.0008666878617747725,0.0008759999999999999
contactors_norm,ac_dc_contactors,external_norm,107310.0,12.25,0.9893263717782635,0.010673628221736401,9.893263717782635e-08,1e-07,0.0008666499016777588,0.0008759999999999999
contactors_norm,ac_dc_contactors,external_norm,107748.0,12.3,0.9892830402321475,0.0107169597678525,9.892830402321475e-08,1e-07,0.0008666119432433612,0.0008759999999999999
contactors_norm,ac_dc_contactors,external_norm,108186.00000000001,12.350000000000001,0.9892397105839116,0.010760289416088448,9.892397105839115e-08,1e-07,0.0008665739864715065,0.0008759999999999999
contactors_norm,ac_dc_contactors,external_norm,108624.0,12.4,0.9891963828334727,0.01080361716652736,9.891963828334726e-08,1e-07,0.000866536031362122,0.0008759999999999999
contactors_norm,ac_dc_contactors,external_norm,109062.00000000001,12.450000000000001,0.9891530569807476,0.010846943019252367,9.891530569807476e-08,1e-07,0.0008664980779151349,0.0008759999999999999
contactors_norm,ac_dc_contactors,external_norm,109500.0,12.5,0.9891097330256534,0.010890266974346578,9.891097330256534e-08,1e-07,0.0008664601261304724,0.0008759999999999999
contactors_norm,ac_dc_contactors,external_norm,109938.0,12.55,0.9890664109681069,0.010933589031893117,9.890664109681069e-08,1e-07,0.0008664221760080616,0.0008759999999999999
contactors_norm,ac_dc_contactors,external_norm,110376.00000000001,12.600000000000001,0.9890230908080249,0.01097690919197509,9.890230908080249e-08,1e-07,0.0008663842275478297,0.0008759999999999999
contactors_norm,ac_dc_contactors,external_norm,110814.0,12.65,0.9889797725453244,0.011020227454675601,9.889797725453243e-08,1e-07,0.0008663462807497041,0.0008759999999999999
contactors_norm,ac_dc_contactors,external_norm,111252.00000000001,12.700000000000001,0.9889364561799222,0.011063543820077761,9.889364561799222e-08,1e-07,0.0008663083356136118,0.0008759999999999999
contactors_norm,ac_dc_contactors,external_norm,111690.0,12.75,0.9888931417117354,0.011106858288264661,9.888931417117353e-08,1e-07,0.0008662703921394801,0.0008759999999999999
contactors_norm,ac_dc_contactors,external_norm,112128.0,12.8,0.9888498291406805,0.011150170859319405,9.888498291406805e-08,1e-07,0.0008662324503272361,0.0008759999999999999
contactors_norm,ac_dc_contactors,external_norm,112566.00000000001,12.850000000000001,0.9888065184666749,0.011193481533325082,9.888065184666748e-08,1e-07,0.0008661945101768071,0.0008759999999999999
contactors_norm,ac_dc_contactors,external_norm,113004.0,12.9,0.9887632096896353,0.01123679031036478,9.887632096896353e-08,1e-07,0.0008661565716881205,0.0008759999999999999
contactors_norm,ac_dc_contactors,external_norm,113442.00000000001,12.950000000000001,0.9887199028094784,0.01128009719052159,9.887199028094784e-08,1e-07,0.0008661186348611031,0.0008759999999999999
contactors_norm,ac_dc_contactors,external_norm,113880.0,13.0,0.9886765978261214,0.011323402173878585,9.886765978261214e-08,1e-07,0.0008660806996956823,0.0008759999999999999
contactors_norm,ac_dc_contactors,external_norm,114318.0,13.05,0.9886332947394811,0.011366705260518847,9.88633294739481e-08,1e-07,0.0008660427661917854,0.0008759999999999999
contactors_norm,ac_dc_contactors,external_norm,114756.00000000001,13.100000000000001,0.9885899935494745,0.011410006450525456,9.885899935494744e-08,1e-07,0.0008660048343493396,0.0008759999999999999
contactors_norm,ac_dc_contactors,external_norm,115194.0,13.15,0.9885466942560185,0.011453305743981472,9.885466942560184e-08,1e-07,0.0008659669041682721,0.0008759999999999999
contactors_norm,ac_dc_contactors,external_norm,115632.00000000001,13.200000000000001,0.98850339685903,0.011496603140969971,9.8850339685903e-08,1e-07,0.0008659289756485102,0.0008759999999999999
contactors_norm,ac_dc_contactors,external_norm,116070.0,13.25,0.988460101358426,0.01153989864157401,9.88460101358426e-08,1e-07,0.0008658910487899812,0.0008759999999999999
contactors_norm,ac_dc_contactors,external_norm,116508.0,13.3,0.9884168077541233,0.011583192245876653,9.884168077541232e-08,1e-07,0.0008658531235926119,0.0008759999999999999
contactors_norm,ac_dc_contactors,external_norm,116946.00000000001,13.350000000000001,0.9883735160460391,0.011626483953960959,9.88373516046039e-08,1e-07,0.0008658152000563301,0.0008759999999999999
contactors_norm,ac_dc_contactors,external_norm,117384.0,13.4,0.9883302262340901,0.01166977376590997,9.8833022623409e-08,1e-07,0.0008657772781810629,0.0008759999999999999
contactors_norm,ac_dc_contactors,external_norm,117822.00000000001,13.450000000000001,0.9882869383181933,0.011713061681806747,9.882869383181932e-08,1e-07,0.0008657393579667373,0.0008759999999999999
contactors_norm,ac_dc_contactors,external_norm,118260.0,13.5,0.9882436522982657,0.011756347701734325,9.882436522982657e-08,1e-07,0.0008657014394132808,0.0008759999999999999
contactors_norm,ac_dc_contactors,external_norm,118698.0,13.55,0.9882003681742242,0.011799631825775753,9.882003681742241e-08,1e-07,0.0008656635225206203,0.0008759999999999999
contactors_norm,ac_dc_contactors,external_norm,119136.00000000001,13.600000000000001,0.988157085945986,0.011842914054014069,9.881570859459859e-08,1e-07,0.0008656256072886836,0.0008759999999999999
contactors_norm,ac_dc_contactors,external_norm,119574.0,13.65,0.9881138056134677,0.0118861943865323,9.881138056134677e-08,1e-07,0.0008655876937173978,0.0008759999999999999
contactors_norm,ac_dc_contactors,external_norm,120012.00000000001,13.700000000000001,0.9880705271765865,0.011929472823413483,9.880705271765864e-08,1e-07,0.0008655497818066897,0.0008759999999999999
contactors_norm,ac_dc_contactors,external_norm,120450.0,13.75,0.9880272506352593,0.011972749364740643,9.880272506352593e-08,1e-07,0.0008655118715564872,0.0008759999999999999
contactors_norm,ac_dc_contactors,external_norm,120888.0,13.8,0.9879839759894032,0.012016024010596805,9.879839759894033e-08,1e-07,0.0008654739629667173,0.0008759999999999999
contactors_norm,ac_dc_contactors,external_norm,121326.00000000001,13.850000000000001,0.987940703238935,0.012059296761064988,9.87940703238935e-08,1e-07,0.000865436056037307,0.0008759999999999999
contactors_norm,ac_dc_contactors,external_norm,121764.0,13.9,0.9878974323837718,0.012102567616228205,9.878974323837718e-08,1e-07,0.0008653981507681841,0.0008759999999999999
contactors_norm,ac_dc_contactors,external_norm,122202.00000000001,13.950000000000001,0.9878541634238305,0.012145836576169477,9.878541634238305e-08,1e-07,0.0008653602471592755,0.0008759999999999999
contactors_norm,ac_dc_contactors,external_norm,122640.0,14.0,0.9878108963590282,0.012189103640971803,9.878108963590282e-08,1e-07,0.0008653223452105087,0.0008759999999999999
contactors_norm,ac_dc_contactors,external_norm,123078.0,14.05,0.9877676311892818,0.012232368810718194,9.877676311892818e-08,1e-07,0.0008652844449218108,0.0008759999999999999
contactors_norm,ac_dc_contactors,external_norm,123516.00000000001,14.100000000000001,0.9877243679145083,0.012275632085491652,9.877243679145083e-08,1e-07,0.0008652465462931092,0.0008759999999999999
contactors_norm,ac_dc_contactors,external_norm,123954.0,14.15,0.9876811065346248,0.012318893465375172,9.876811065346248e-08,1e-07,0.0008652086493243314,0.0008759999999999999
contactors_norm,ac_dc_contactors,external_norm,124392.00000000001,14.200000000000001,0.9876378470495483,0.01236215295045175,9.876378470495482e-08,1e-07,0.0008651707540154042,0.0008759999999999999
contactors_norm,ac_dc_contactors,external_norm,124830.0,14.25,0.9875945894591956,0.012405410540804374,9.875945894591956e-08,1e-07,0.0008651328603662554,0.0008759999999999999
contactors_norm,ac_dc_contactors,external_norm,125268.0,14.3,0.9875513337634839,0.012448666236516037,9.875513337634839e-08,1e-07,0.0008650949683768119,0.0008759999999999999
contactors_norm,ac_dc_contactors,external_norm,125706.00000000001,14.350000000000001,0.9875080799623303,0.012491920037669718,9.875080799623302e-08,1e-07,0.0008650570780470013,0.0008759999999999999
contactors_norm,ac_dc_contactors,external_norm,126144.0,14.4,0.9874648280556516,0.012535171944348396,9.874648280556516e-08,1e-07,0.0008650191893767508,0.0008759999999999999
contactors_norm,ac_dc_contactors,external_norm,126582.00000000001,14.450000000000001,0.987421578043365,0.012578421956635052,9.874215780433649e-08,1e-07,0.0008649813023659876,0.0008759999999999999
contactors_norm,ac_dc_contactors,external_norm,127020.0,14.5,0.9873783299253873,0.012621670074612651,9.873783299253872e-08,1e-07,0.0008649434170146393,0.0008759999999999999
contactors_norm,ac_dc_contactors,external_norm,127458.0,14.55,0.9873350837016358,0.01266491629836417,9.873350837016358e-08,1e-07,0.0008649055333226329,0.0008759999999999999
contactors_norm,ac_dc_contactors,external_norm,127896.00000000001,14.600000000000001,0.9872918393720275,0.012708160627972571,9.872918393720274e-08,1e-07,0.000864867651289896,0.0008759999999999999
contactors_norm,ac_dc_contactors,external_norm,128334.0,14.65,0.9872485969364792,0.012751403063520813,9.872485969364792e-08,1e-07,0.0008648297709163557,0.0008759999999999999
contactors_norm,ac_dc_contactors,external_norm,128772.00000000001,14.700000000000001,0.9872053563949081,0.012794643605091856,9.872053563949081e-08,1e-07,0.0008647918922019396,0.0008759999999999999
contactors_norm,ac_dc_contactors,external_norm,129210.0,14.75,0.9871621177472313,0.012837882252768657,9.871621177472313e-08,1e-07,0.0008647540151465746,0.0008759999999999999
contactors_norm,ac_dc_contactors,external_norm,129648.0,14.8,0.9871188809933659,0.012881119006634164,9.871188809933658e-08,1e-07,0.0008647161397501884,0.0008759999999999999
contactors_norm,ac_dc_contactors,external_norm,130086.00000000001,14.850000000000001,0.9870756461332286,0.012924353866771324,9.870756461332285e-08,1e-07,0.0008646782660127082,0.0008759999999999999
contactors_norm,ac_dc_contactors,external_norm,130524.0,14.9,0.987032413166737,0.012967586833263081,9.870324131667369e-08,1e-07,0.0008646403939340615,0.0008759999999999999
contactors_norm,ac_dc_contactors,external_norm,130962.00000000001,14.950000000000001,0.9869891820938076,0.013010817906192377,9.869891820938076e-08,1e-07,0.0008646025235141754,0.0008759999999999999
contactors_norm,ac_dc_contactors,external_norm,131400.0,15.0,0.9869459529143578,0.013054047085642144,9.869459529143578e-08,1e-07,0.0008645646547529774,0.0008759999999999999
contactors_norm,ac_dc_contactors,external_norm,131838.0,15.05,0.9869027256283047,0.013097274371695318,9.869027256283047e-08,1e-07,0.0008645267876503949,0.0008759999999999999
contactors_norm,ac_dc_contactors,external_norm,132276.0,15.100000000000001,0.9868595002355651,0.013140499764434826,9.868595002355651e-08,1e-07,0.000864488922206355,0.0008759999999999999
contactors_norm,ac_dc_contactors,external_norm,132714.0,15.15,0.9868162767360564,0.013183723263943594,9.868162767360564e-08,1e-07,0.0008644510584207855,0.0008759999999999999
contactors_norm,ac_dc_contactors,external_norm,133152.0,15.200000000000001,0.9867730551296955,0.013226944870304545,9.867730551296954e-08,1e-07,0.0008644131962936132,0.0008759999999999999
contactors_norm,ac_dc_contactors,external_norm,133590.0,15.25,0.9867298354163994,0.013270164583600594,9.867298354163993e-08,1e-07,0.0008643753358247658,0.0008759999999999999
contactors_norm,ac_dc_contactors,external_norm,134028.0,15.3,0.9866866175960853,0.013313382403914659,9.866866175960853e-08,1e-07,0.0008643374770141707,0.0008759999999999999
contactors_norm,ac_dc_contactors,external_norm,134466.0,15.350000000000001,0.9866434016686704,0.013356598331329649,9.866434016686703e-08,1e-07,0.0008642996198617551,0.0008759999999999999
contactors_norm,ac_dc_contactors,external_norm,134904.0,15.4,0.9866001876340715,0.013399812365928469,9.866001876340716e-08,1e-07,0.0008642617643674467,0.0008759999999999999
contactors_norm,ac_dc_contactors,external_norm,135342.0,15.450000000000001,0.986556975492206,0.013443024507794027,9.865569754922059e-08,1e-07,0.0008642239105311724,0.0008759999999999999
contactors_norm,ac_dc_contactors,external_norm,135780.0,15.5,0.9865137652429907,0.013486234757009219,9.865137652429906e-08,1e-07,0.0008641860583528598,0.0008759999999999999
contactors_norm,ac_dc_contactors,external_norm,136218.0,15.55,0.9864705568863431,0.013529443113656944,9.86470556886343e-08,1e-07,0.0008641482078324365,0.0008759999999999999
contactors_norm,ac_dc_contactors,external_norm,136656.0,15.600000000000001,0.9864273504221799,0.013572649577820093,9.864273504221799e-08,1e-07,0.0008641103589698295,0.0008759999999999999
contactors_norm,ac_dc_contactors,external_norm,137094.0,15.65,0.9863841458504184,0.013615854149581556,9.863841458504184e-08,1e-07,0.0008640725117649665,0.0008759999999999999
contactors_norm,ac_dc_contactors,external_norm,137532.0,15.700000000000001,0.9863409431709758,0.013659056829024218,9.863409431709758e-08,1e-07,0.0008640346662177748,0.0008759999999999999
contactors_norm,ac_dc_contactors,external_norm,137970.0,15.75,0.986297742383769,0.013702257616230961,9.86297742383769e-08,1e-07,0.0008639968223281817,0.0008759999999999999
contactors_norm,ac_dc_contactors,external_norm,138408.0,15.8,0.9862545434887153,0.01374545651128466,9.862545434887153e-08,1e-07,0.0008639589800961146,0.0008759999999999999
contactors_norm,ac_dc_contactors,external_norm,138846.0,15.850000000000001,0.9862113464857318,0.013788653514268195,9.862113464857318e-08,1e-07,0.000863921139521501,0.0008759999999999999
contactors_norm,ac_dc_contactors,external_norm,139284.0,15.9,0.9861681513747356,0.013831848625264433,9.861681513747355e-08,1e-07,0.0008638833006042682,0.0008759999999999999
contactors_norm,ac_dc_contactors,external_norm,139722.0,15.950000000000001,0.9861249581556437,0.013875041844356244,9.861249581556437e-08,1e-07,0.0008638454633443438,0.0008759999999999999
contactors_norm,ac_dc_contactors,external_norm,140160.0,16.0,0.9860817668283736,0.01391823317162649,9.860817668283735e-08,1e-07,0.0008638076277416552,0.0008759999999999999
contactors_norm,ac_dc_contactors,external_norm,140598.0,16.05,0.986038577392842,0.013961422607158028,9.860385773928419e-08,1e-07,0.0008637697937961294,0.0008759999999999999
contactors_norm,ac_dc_contactors,external_norm,141036.0,16.1,0.9859953898489663,0.014004610151033721,9.859953898489663e-08,1e-07,0.0008637319615076945,0.0008759999999999999
contactors_norm,ac_dc_contactors,external_norm,141474.00000000003,16.150000000000002,0.9859522041966636,0.014047795803336418,9.859522041966636e-08,1e-07,0.0008636941308762773,0.0008759999999999999
contactors_norm,ac_dc_contactors,external_norm,141912.0,16.2,0.985909020435851,0.014090979564148964,9.85909020435851e-08,1e-07,0.0008636563019018055,0.0008759999999999999
contactors_norm,ac_dc_contactors,external_norm,142350.0,16.25,0.9858658385664458,0.014134161433554211,9.858658385664458e-08,1e-07,0.0008636184745842065,0.0008759999999999999
contactors_norm,ac_dc_contactors,external_norm,142788.0,16.3,0.985822658588365,0.014177341411634998,9.85822658588365e-08,1e-07,0.0008635806489234077,0.0008759999999999999
contactors_norm,ac_dc_contactors,external_norm,143226.0,16.35,0.9857794805015259,0.014220519498474164,9.857794805015258e-08,1e-07,0.0008635428249193365,0.0008759999999999999
contactors_norm,ac_dc_contactors,external_norm,143664.00000000003,16.400000000000002,0.9857363043058455,0.014263695694154546,9.857363043058454e-08,1e-07,0.0008635050025719206,0.0008759999999999999
contactors_norm,ac_dc_contactors,external_norm,144102.0,16.45,0.985693130001241,0.014306869998758966,9.85693130001241e-08,1e-07,0.0008634671818810872,0.0008759999999999999
contactors_norm,ac_dc_contactors,external_norm,144540.0,16.5,0.9856499575876297,0.01435004241237026,9.856499575876297e-08,1e-07,0.0008634293628467637,0.0008759999999999999
contactors_norm,ac_dc_contactors,external_norm,144978.0,16.55,0.9856067870649288,0.01439321293507125,9.856067870649287e-08,1e-07,0.0008633915454688776,0.0008759999999999999
contactors_norm,ac_dc_contactors,external_norm,145416.0,16.6,0.9855636184330553,0.014436381566944755,9.855636184330552e-08,1e-07,0.0008633537297473564,0.0008759999999999999
contactors_norm,ac_dc_contactors,external_norm,145854.00000000003,16.650000000000002,0.9855204516919264,0.014479548308073593,9.855204516919263e-08,1e-07,0.0008633159156821275,0.0008759999999999999
contactors_norm,ac_dc_contactors,external_norm,146292.0,16.7,0.9854772868414594,0.014522713158540571,9.854772868414594e-08,1e-07,0.0008632781032731184,0.0008759999999999999
contactors_norm,ac_dc_contactors,external_norm,146730.0,16.75,0.9854341238815715,0.014565876118428503,9.854341238815715e-08,1e-07,0.0008632402925202566,0.0008759999999999999
contactors_norm,ac_dc_contactors,external_norm,147168.0,16.8,0.9853909628121797,0.014609037187820195,9.853909628121797e-08,1e-07,0.0008632024834234694,0.0008759999999999999
contactors_norm,ac_dc_contactors,external_norm,147606.0,16.85,0.9853478036332015,0.01465219636679845,9.853478036332014e-08,1e-07,0.0008631646759826845,0.0008759999999999999
contactors_norm,ac_dc_contactors,external_norm,148044.00000000003,16.900000000000002,0.985304646344554,0.014695353655446067,9.853046463445539e-08,1e-07,0.0008631268701978292,0.0008759999999999999
contactors_norm,ac_dc_contactors,external_norm,148482.0,16.95,0.9852614909461542,0.014738509053845831,9.852614909461542e-08,1e-07,0.0008630890660688311,0.0008759999999999999
contactors_norm,ac_dc_contactors,external_norm,148920.0,17.0,0.9852183374379194,0.014781662562080543,9.852183374379194e-08,1e-07,0.0008630512635956174,0.0008759999999999999
contactors_norm,ac_dc_contactors,external_norm,149358.0,17.05,0.985175185819767,0.014824814180232989,9.85175185819767e-08,1e-07,0.0008630134627781159,0.0008759999999999999
contactors_norm,ac_dc_contactors,external_norm,149796.0,17.1,0.985132036091614,0.01486796390838595,9.85132036091614e-08,1e-07,0.0008629756636162538,0.0008759999999999999
contactors_norm,ac_dc_contactors,external_norm,150234.00000000003,17.150000000000002,0.9850888882533778,0.01491111174662221,9.850888882533778e-08,1e-07,0.000862937866109959,0.0008759999999999999
contactors_norm,ac_dc_contactors,external_norm,150672.0,17.2,0.9850457423049754,0.014954257695024537,9.850457423049754e-08,1e-07,0.0008629000702591585,0.0008759999999999999
contactors_norm,ac_dc_contactors,external_norm,151110.0,17.25,0.9850025982463243,0.014997401753675713,9.850025982463242e-08,1e-07,0.0008628622760637801,0.0008759999999999999
contactors_norm,ac_dc_contactors,external_norm,151548.0,17.3,0.9849594560773415,0.015040543922658503,9.849594560773415e-08,1e-07,0.0008628244835237511,0.0008759999999999999
contactors_norm,ac_dc_contactors,external_norm,151986.0,17.35,0.9849163157979444,0.015083684202055676,9.849163157979443e-08,1e-07,0.0008627866926389992,0.0008759999999999999
contactors_norm,ac_dc_contactors,external_norm,152424.00000000003,17.400000000000002,0.98487317740805,0.015126822591949992,9.8487317740805e-08,1e-07,0.0008627489034094517,0.0008759999999999999
contactors_norm,ac_dc_contactors,external_norm,152862.0,17.45,0.9848300409075758,0.015169959092424207,9.848300409075757e-08,1e-07,0.0008627111158350363,0.0008759999999999999
contactors_norm,ac_dc_contactors,external_norm,153300.0,17.5,0.984786906296439,0.01521309370356108,9.847869062964389e-08,1e-07,0.0008626733299156805,0.0008759999999999999
contactors_norm,ac_dc_contactors,external_norm,153738.0,17.55,0.9847437735745567,0.015256226425443359,9.847437735745566e-08,1e-07,0.0008626355456513116,0.0008759999999999999
contactors_norm,ac_dc_contactors,external_norm,154176.0,17.6,0.9847006427418462,0.015299357258153793,9.847006427418462e-08,1e-07,0.0008625977630418572,0.0008759999999999999
contactors_norm,ac_dc_contactors,external_norm,154614.00000000003,17.650000000000002,0.9846575137982249,0.015342486201775127,9.846575137982248e-08,1e-07,0.0008625599820872449,0.0008759999999999999
contactors_norm,ac_dc_contactors,external_norm,155052.0,17.7,0.9846143867436099,0.015385613256390094,9.846143867436099e-08,1e-07,0.0008625222027874023,0.0008759999999999999
contactors_norm,ac_dc_contactors,external_norm,155490.0,17.75,0.9845712615779185,0.015428738422081442,9.845712615779185e-08,1e-07,0.0008624844251422566,0.0008759999999999999
contactors_norm,ac_dc_contactors,external_norm,155928.0,17.8,0.9845281383010681,0.015471861698931897,9.84528138301068e-08,1e-07,0.0008624466491517356,0.0008759999999999999
contactors_norm,ac_dc_contactors,external_norm,156366.0,17.85,0.9844850169129759,0.015514983087024193,9.844850169129758e-08,1e-07,0.0008624088748157668,0.0008759999999999999
contactors_norm,ac_dc_contactors,external_norm,156804.00000000003,17.900000000000002,0.9844418974135589,0.015558102586441051,9.844418974135589e-08,1e-07,0.0008623711021342776,0.0008759999999999999
contactors_norm,ac_dc_contactors,external_norm,157242.0,17.95,0.9843987798027348,0.015601220197265194,9.843987798027348e-08,1e-07,0.0008623333311071958,0.0008759999999999999
contactors_norm,ac_dc_contactors,external_norm,157680.0,18.0,0.9843556640804206,0.015644335919579342,9.843556640804206e-08,1e-07,0.0008622955617344485,0.0008759999999999999
contactors_norm,ac_dc_contactors,external_norm,158118.0,18.05,0.9843125502465337,0.015687449753466212,9.843125502465337e-08,1e-07,0.0008622577940159635,0.0008759999999999999
contactors_norm,ac_dc_contactors,external_norm,158556.0,18.1,0.9842694383009915,0.015730561699008508,9.842694383009913e-08,1e-07,0.0008622200279516685,0.0008759999999999999
contactors_norm,ac_dc_contactors,external_norm,158994.00000000003,18.150000000000002,0.984226328243711,0.015773671756288948,9.842263282437109e-08,1e-07,0.0008621822635414908,0.0008759999999999999
contactors_norm,ac_dc_contactors,external_norm,159432.0,18.2,0.9841832200746098,0.015816779925390222,9.841832200746098e-08,1e-07,0.0008621445007853582,0.0008759999999999999
contactors_norm,ac_dc_contactors,external_norm,159870.0,18.25,0.984140113793605,0.015859886206395044,9.84140113793605e-08,1e-07,0.000862106739683198,0.0008759999999999999
contactors_norm,ac_dc_contactors,external_norm,160308.0,18.3,0.9840970094006138,0.01590299059938611,9.840970094006137e-08,1e-07,0.0008620689802349376,0.0008759999999999999
contactors_norm,ac_dc_contactors,external_norm,160746.0,18.35,0.9840539068955539,0.015946093104446103,9.840539068955539e-08,1e-07,0.0008620312224405052,0.0008759999999999999
contactors_norm,ac_dc_contactors,external_norm,161184.00000000003,18.400000000000002,0.9840108062783423,0.015989193721657725,9.840108062783422e-08,1e-07,0.0008619934662998278,0.0008759999999999999
contactors_norm,ac_dc_contactors,external_norm,161622.0,18.45,0.9839677075488964,0.016032292451103648,9.839677075488964e-08,1e-07,0.0008619557118128333,0.0008759999999999999
contactors_norm,ac_dc_contactors,external_norm,162060.0,18.5,0.9839246107071334,0.016075389292866563,9.839246107071334e-08,1e-07,0.0008619179589794489,0.0008759999999999999
contactors_norm,ac_dc_contactors,external_norm,162498.0,18.55,0.9838815157529709,0.01611848424702915,9.838815157529709e-08,1e-07,0.0008618802077996025,0.0008759999999999999
contactors_norm,ac_dc_contactors,external_norm,162936.0,18.6,0.9838384226863259,0.016161577313674083,9.83838422686326e-08,1e-07,0.0008618424582732215,0.0008759999999999999
contactors_norm,ac_dc_contactors,external_norm,163374.00000000003,18.650000000000002,0.983795331507116,0.016204668492884034,9.837953315071159e-08,1e-07,0.0008618047104002335,0.0008759999999999999
contactors_norm,ac_dc_contactors,external_norm,163812.0,18.7,0.9837522422152584,0.016247757784741662,9.837522422152583e-08,1e-07,0.0008617669641805664,0.0008759999999999999
contactors_norm,ac_dc_contactors,external_norm,164250.0,18.75,0.9837091548106703,0.01629084518932964,9.837091548106703e-08,1e-07,0.0008617292196141472,0.0008759999999999999
contactors_norm,ac_dc_contactors,external_norm,164688.0,18.8,0.9836660692932694,0.01633393070673063,9.836660692932693e-08,1e-07,0.0008616914767009039,0.0008759999999999999
contactors_norm,ac_dc_contactors,external_norm,165126.0,18.85,0.9836229856629727,0.016377014337027283,9.836229856629726e-08,1e-07,0.0008616537354407639,0.0008759999999999999
contactors_norm,ac_dc_contactors,external_norm,165564.00000000003,18.900000000000002,0.9835799039196977,0.01642009608030226,9.835799039196977e-08,1e-07,0.0008616159958336552,0.0008759999999999999
contactors_norm,ac_dc_contactors,external_norm,166002.0,18.95,0.9835368240633618,0.016463175936638198,9.835368240633618e-08,1e-07,0.0008615782578795049,0.0008759999999999999
contactors_norm,ac_dc_contactors,external_norm,166440.0,19.0,0.9834937460938823,0.016506253906117756,9.834937460938823e-08,1e-07,0.0008615405215782409,0.0008759999999999999
contactors_norm,ac_dc_contactors,external_norm,166878.0,19.05,0.9834506700111765,0.01654932998882357,9.834506700111764e-08,1e-07,0.0008615027869297905,0.0008759999999999999
contactors_norm,ac_dc_contactors,external_norm,167316.0,19.1,0.9834075958151617,0.01659240418483828,9.834075958151617e-08,1e-07,0.0008614650539340817,0.0008759999999999999
contactors_norm,ac_dc_contactors,external_norm,167754.00000000003,19.150000000000002,0.9833645235057554,0.016635476494244527,9.833645235057554e-08,1e-07,0.0008614273225910418,0.0008759999999999999
contactors_norm,ac_dc_contactors,external_norm,168192.00000000003,19.200000000000003,0.9833214530828751,0.01667854691712493,9.833214530828751e-08,1e-07,0.0008613895929005986,0.0008759999999999999
contactors_norm,ac_dc_contactors,external_norm,168630.0,19.25,0.9832783845464379,0.016721615453562124,9.832783845464378e-08,1e-07,0.0008613518648626795,0.0008759999999999999
contactors_norm,ac_dc_contactors,external_norm,169068.0,19.3,0.9832353178963613,0.016764682103638736,9.832353178963612e-08,1e-07,0.0008613141384772124,0.0008759999999999999
contactors_norm,ac_dc_contactors,external_norm,169506.0,19.35,0.9831922531325626,0.016807746867437384,9.831922531325625e-08,1e-07,0.0008612764137441248,0.0008759999999999999
contactors_norm,ac_dc_contactors,external_norm,169944.00000000003,19.400000000000002,0.9831491902549593,0.01685080974504069,9.831491902549592e-08,1e-07,0.0008612386906633443,0.0008759999999999999
contactors_norm,ac_dc_contactors,external_norm,170382.00000000003,19.450000000000003,0.9831061292634687,0.01689387073653126,9.831061292634687e-08,1e-07,0.0008612009692347985,0.0008759999999999999
contactors_norm,ac_dc_contactors,external_norm,170820.0,19.5,0.9830630701580083,0.016936929841991705,9.830630701580083e-08,1e-07,0.0008611632494584153,0.0008759999999999999
contactors_norm,ac_dc_contactors,external_norm,171258.0,19.55,0.9830200129384954,0.016979987061504633,9.830200129384954e-08,1e-07,0.000861125531334122,0.0008759999999999999
contactors_norm,ac_dc_contactors,external_norm,171696.0,19.6,0.9829769576048474,0.01702304239515265,9.829769576048474e-08,1e-07,0.0008610878148618463,0.0008759999999999999
contactors_norm,ac_dc_contactors,external_norm,172134.00000000003,19.650000000000002,0.9829339041569817,0.017066095843018353,9.829339041569816e-08,1e-07,0.0008610501000415159,0.0008759999999999999
contactors_norm,ac_dc_contactors,external_norm,172572.00000000003,19.700000000000003,0.9828908525948157,0.017109147405184336,9.828908525948156e-08,1e-07,0.0008610123868730585,0.0008759999999999999
contactors_norm,ac_dc_contactors,external_norm,173010.0,19.75,0.9828478029182668,0.017152197081733187,9.828478029182668e-08,1e-07,0.0008609746753564017,0.0008759999999999999
contactors_norm,ac_dc_contactors,external_norm,173448.0,19.8,0.9828047551272525,0.0171952448727475,9.828047551272525e-08,1e-07,0.0008609369654914732,0.0008759999999999999
contactors_norm,ac_dc_contactors,external_norm,173886.0,19.85,0.9827617092216901,0.01723829077830986,9.827617092216901e-08,1e-07,0.0008608992572782005,0.0008759999999999999
contactors_norm,ac_dc_contactors,external_norm,174324.00000000003,19.900000000000002,0.9827186652014972,0.01728133479850285,9.827186652014971e-08,1e-07,0.0008608615507165114,0.0008759999999999999
contactors_norm,ac_dc_contactors,external_norm,174762.00000000003,19.950000000000003,0.982675623066591,0.01732437693340904,9.82675623066591e-08,1e-07,0.0008608238458063336,0.0008759999999999999
contactors_norm,ac_dc_contactors,external_norm,175200.0,20.0,0.982632582816889,0.017367417183111005,9.82632582816889e-08,1e-07,0.0008607861425475948,0.0008759999999999999
cooling_fans_lower,cooling_fans,external_datasheet,0.0,0.0,1.0,0.0,1.4e-05,1.4e-05,0.12264,0.12264
cooling_fans_lower,cooling_fans,external_datasheet,438.0,0.05,0.9938867623421836,0.006113237657816375,1.391441467279057e-05,1.4e-05,0.1218902725336454,0.12264
cooling_fans_lower,cooling_fans,external_datasheet,876.0,0.1,0.9878108963590282,0.012189103640971805,1.3829352549026394e-05,1.4e-05,0.12114512832947122,0.12264
cooling_fans_lower,cooling_fans,external_datasheet,1314.0000000000002,0.15000000000000002,0.9817721735886048,0.018227826411395167,1.3744810430240467e-05,1.4e-05,0.1204045393689065,0.12264
cooling_fans_lower,cooling_fans,external_datasheet,1752.0,0.2,0.9757703669656267,0.024229633034373258,1.3660785137518774e-05,1.4e-05,0.11966847780466446,0.12264
cooling_fans_lower,cooling_fans,external_datasheet,2190.0,0.25,0.9698052508129111,0.030194749187088827,1.3577273511380755e-05,1.4e-05,0.11893691595969542,0.12264
cooling_fans_lower,cooling_fans,external_datasheet,2628.0000000000005,0.30000000000000004,0.9638766008328936,0.03612339916710638,1.349427241166051e-05,1.4e-05,0.11820982632614607,0.12264
cooling_fans_lower,cooling_fans,external_datasheet,3066.0000000000005,0.35000000000000003,0.9579841940991939,0.04201580590080606,1.3411778717388714e-05,1.4e-05,0.11748718156432514,0.12264
cooling_fans_lower,cooling_fans,external_datasheet,3504.0,0.4,0.9521278090482339,0.047872190951766126,1.3329789326675275e-05,1.4e-05,0.11676895450167542,0.12264
cooling_fans_lower,cooling_fans,external_datasheet,3942.0,0.45,0.9463072254709061,0.05369277452909398,1.3248301156592684e-05,1.4e-05,0.11605511813175191,0.12264
cooling_fans_lower,cooling_fans,external_datasheet,4380.0,0.5,0.9405222245042936,0.05947777549570645,1.316731114306011e-05,1.4e-05,0.11534564561320655,0.12264
cooling_fans_lower,cooling_fans,external_datasheet,4818.0,0.55,0.9347725886234407,0.06522741137655932,1.308681624072817e-05,1.4e-05,0.11464051026877876,0.12264
cooling_fans_lower,cooling_fans,external_datasheet,5256.000000000001,0.6000000000000001,0.9290581016331734,0.07094189836682666,1.3006813422864427e-05,1.4e-05,0.11393968558429238,0.12264
cooling_fans_lower,cooling_fans,external_datasheet,5694.0,0.65,0.92337854865997,0.07662145134002994,1.292729968123958e-05,1.4e-05,0.11324314520765871,0.12264
cooling_fans_lower,cooling_fans,external_datasheet,6132.000000000001,0.7000000000000001,0.9177337161438821,0.08226628385611791,1.2848272026014349e-05,1.4e-05,0.1125508629478857,0.12264
cooling_fans_lower,cooling_fans,external_datasheet,6570.0,0.75,0.9121233918305035,0.08787660816949644,1.276972748562705e-05,1.4e-05,0.11186281277409295,0.12264
cooling_fans_lower,cooling_fans,external_datasheet,7008.0,0.8,0.9065473647629901,0.09345263523700989,1.2691663106681861e-05,1.4e-05,0.11117896881453311,0.12264
cooling_fans_lower,cooling_fans,external_datasheet,7446.000000000001,0.8500000000000001,0.9010054252741267,0.09899457472587321,1.2614075953837774e-05,1.4e-05,0.1104993053556189,0.12264
cooling_fans_lower,cooling_fans,external_datasheet,7884.0,0.9,0.8954973649784441,0.10450263502155584,1.2536963109698218e-05,1.4e-05,0.10982379684095639,0.12264
cooling_fans_lower,cooling_fans,external_datasheet,8322.0,0.9500000000000001,0.8900229767643826,0.1099770232356174,1.2460321674701356e-05,1.4e-05,0.10915241787038388,0.12264
cooling_fans_lower,cooling_fans,external_datasheet,8760.0,1.0,0.8845820547865048,0.11541794521349526,1.2384148767011067e-05,1.4e-05,0.10848514319901695,0.12264
cooling_fans_lower,cooling_fans,external_datasheet,9198.0,1.05,0.8791743944577552,0.1208256055422447,1.2308441522408573e-05,1.4e-05,0.10782194773629909,0.12264
cooling_fans_lower,cooling_fans,external_datasheet,9636.0,1.1,0.8737997924417682,0.12620020755823175,1.2233197094184755e-05,1.4e-05,0.10716280654505846,0.12264
cooling_fans_lower,cooling_fans,external_datasheet,10074.000000000002,1.1500000000000001,0.8684580466452211,0.13154195335477892,1.2158412653033095e-05,1.4e-05,0.1065076948405699,0.12264
cooling_fans_lower,cooling_fans,external_datasheet,10512.000000000002,1.2000000000000002,0.8631489562102359,0.13685104378976415,1.2084085386943303e-05,1.4e-05,0.10585658798962333,0.12264
cooling_fans_lower,cooling_fans,external_datasheet,10950.0,1.25,0.8578723215068266,0.14212767849317343,1.2010212501095573e-05,1.4e-05,0.10520946150959722,0.12264
cooling_fans_lower,cooling_fans,external_datasheet,11388.0,1.3,0.8526279441253927,0.1473720558746073,1.1936791217755497e-05,1.4e-05,0.10456629106753816,0.12264
cooling_fans_lower,cooling_fans,external_datasheet,11826.0,1.35,0.8474156268692588,0.15258437313074122,1.1863818776169623e-05,1.4e-05,0.1039270524792459,0.12264
cooling_fans_lower,cooling_fans,external_datasheet,12264.000000000002,1.4000000000000001,0.8422351737472595,0.15776482625274046,1.1791292432461633e-05,1.4e-05,0.1032917217083639,0.12264
cooling_fans_lower,cooling_fans,external_datasheet,12702.000000000002,1.4500000000000002,0.8370863899663703,0.16291361003362972,1.1719209459529185e-05,1.4e-05,0.10266027486547566,0.12264
cooling_fans_lower,cooling_fans,external_datasheet,13140.0,1.5,0.8319690819243823,0.16803091807561768,1.1647567146941353e-05,1.4e-05,0.10203268820720625,0.12264
cooling_fans_lower,cooling_fans,external_datasheet,13578.0,1.55,0.8268830572026232,0.17311694279737674,1.1576362800836725e-05,1.4e-05,0.10140893813532971,0.12264
cooling_fans_lower,cooling_fans,external_datasheet,14016.0,1.6,0.8218281245587218,0.17817187544127816,1.1505593743822104e-05,1.4e-05,0.10078900119588163,0.12264
cooling_fans_lower,cooling_fans,external_datasheet,14454.000000000002,1.6500000000000001,0.8168040939194169,0.18319590608058317,1.1435257314871836e-05,1.4e-05,0.10017285407827728,0.12264
cooling_fans_lower,cooling_fans,external_datasheet,14892.000000000002,1.7000000000000002,0.81181077637341,0.1881892236265899,1.1365350869227741e-05,1.4e-05,0.09956047361443501,0.12264
cooling_fans_lower,cooling_fans,external_datasheet,15330.0,1.75,0.8068479841642631,0.19315201583573696,1.1295871778299683e-05,1.4e-05,0.09895183677790523,0.12264
cooling_fans_lower,cooling_fans,external_datasheet,15768.0,1.8,0.8019155306833369,0.19808446931666318,1.1226817429566715e-05,1.4e-05,0.09834692068300442,0.12264
cooling_fans_lower,cooling_fans,external_datasheet,16206.0,1.85,0.7970132304627756,0.20298676953722436,1.1158185226478858e-05,1.4e-05,0.09774570258395479,0.12264
cooling_fans_lower,cooling_fans,external_datasheet,16644.0,1.9000000000000001,0.7921408991685327,0.20785910083146728,1.1089972588359457e-05,1.4e-05,0.09714815987402885,0.12264
cooling_fans_lower,cooling_fans,external_datasheet,17082.0,1.9500000000000002,0.7872983535934391,0.21270164640656086,1.1022176950308148e-05,1.4e-05,0.09655427008469937,0.12264
cooling_fans_lower,cooling_fans,external_datasheet,17520.0,2.0,0.7824854116503149,0.21751458834968512,1.0954795763104408e-05,1.4e-05,0.09596401088479461,0.12264
cooling_fans_lower,cooling_fans,external_datasheet,17958.000000000004,2.0500000000000003,0.7777018923651222,0.22229810763487778,1.0887826493111711e-05,1.4e-05,0.0953773600796586,0.12264
cooling_fans_lower,cooling_fans,external_datasheet,18396.0,2.1,0.7729476158701607,0.22705238412983927,1.0821266622182249e-05,1.4e-05,0.09479429561031649,0.12264
cooling_fans_lower,cooling_fans,external_datasheet,18834.0,2.15,0.7682224033973039,0.23177759660269615,1.0755113647562253e-05,1.4e-05,0.09421479555264534,0.12264
cooling_fans_lower,cooling_fans,external_datasheet,19272.0,2.2,0.7635260772712773,0.23647392272872272,1.0689365081797883e-05,1.4e-05,0.09363883811654945,0.12264
cooling_fans_lower,cooling_fans,external_datasheet,19710.0,2.25,0.7588584609029777,0.24114153909702235,1.0624018452641687e-05,1.4e-05,0.09306640164514118,0.12264
cooling_fans_lower,cooling_fans,external_datasheet,20148.000000000004,2.3000000000000003,0.754219378782833,0.245780621217167,1.0559071302959661e-05,1.4e-05,0.09249746461392663,0.12264
cooling_fans_lower,cooling_fans,external_datasheet,20586.0,2.35,0.7496086564742029,0.25039134352579706,1.049452119063884e-05,1.4e-05,0.09193200562999625,0.12264
cooling_fans_lower,cooling_fans,external_datasheet,21024.000000000004,2.4000000000000004,0.7450261206068197,0.25497387939318034,1.0430365688495476e-05,1.4e-05,0.09137000343122037,0.12264
cooling_fans_lower,cooling_fans,external_datasheet,21462.0,2.45,0.7404715988702693,0.25952840112973075,1.0366602384183769e-05,1.4e-05,0.09081143688544982,0.12264
cooling_fans_lower,cooling_fans,external_datasheet,21900.0,2.5,0.735944920007512,0.26405507999248795,1.0303228880105167e-05,1.4e-05,0.09025628498972127,0.12264
cooling_fans_lower,cooling_fans,external_datasheet,22338.000000000004,2.5500000000000003,0.7314459138084434,0.26855408619155663,1.0240242793318208e-05,1.4e-05,0.0897045268694675,0.12264
cooling_fans_lower,cooling_fans,external_datasheet,22776.0,2.6,0.7269744111034938,0.27302558889650624,1.0177641755448914e-05,1.4e-05,0.08915614177773248,0.12264
cooling_fans_lower,cooling_fans,external_datasheet,23214.000000000004,2.6500000000000004,0.7225302437572669,0.27746975624273307,1.0115423412601737e-05,1.4e-05,0.08861110909439121,0.12264
cooling_fans_lower,cooling_fans,external_datasheet,23652.0,2.7,0.7181132446622188,0.2818867553377812,1.0053585425271064e-05,1.4e-05,0.08806940832537452,0.12264
cooling_fans_lower,cooling_fans,external_datasheet,24090.0,2.75,0.7137232477323731,0.28627675226762694,9.992125468253222e-06,1.4e-05,0.08753101910189823,0.12264
cooling_fans_lower,cooling_fans,external_datasheet,24528.000000000004,2.8000000000000003,0.7093600878970765,0.29063991210292356,9.93104123055907e-06,1.4e-05,0.08699592117969746,0.12264
cooling_fans_lower,cooling_fans,external_datasheet,24966.0,2.85,0.7050236010947921,0.2949763989052079,9.87033041532709e-06,1.4e-05,0.0864640944382653,0.12264
cooling_fans_lower,cooling_fans,external_datasheet,25404.000000000004,2.9000000000000004,0.7007136242669302,0.2992863757330699,9.809990739737022e-06,1.4e-05,0.08593551888009632,0.12264
cooling_fans_lower,cooling_fans,external_datasheet,25842.0,2.95,0.6964299953517166,0.30357000464828343,9.750019934924032e-06,1.4e-05,0.08541017462993453,0.12264
cooling_fans_lower,cooling_fans,external_datasheet,26280.0,3.0,0.6921725532780996,0.30782744672190043,9.690415745893394e-06,1.4e-05,0.08488804193402613,0.12264
cooling_fans_lower,cooling_fans,external_datasheet,26718.000000000004,3.0500000000000003,0.6879411379596929,0.3120588620403071,9.631175931435701e-06,1.4e-05,0.08436910115937675,0.12264
cooling_fans_lower,cooling_fans,external_datasheet,27156.0,3.1,0.6837355902887567,0.31626440971124326,9.572298264042595e-06,1.4e-05,0.08385333279301313,0.12264
cooling_fans_lower,cooling_fans,external_datasheet,27594.000000000004,3.1500000000000004,0.6795557521302141,0.3204442478697858,9.513780529822997e-06,1.4e-05,0.08334071744124945,0.12264
cooling_fans_lower,cooling_fans,external_datasheet,28032.0,3.2,0.6754014663157061,0.324598533684294,9.455620528419886e-06,1.4e-05,0.0828312358289582,0.12264
cooling_fans_lower,cooling_fans,external_datasheet,28470.0,3.25,0.6712725766376805,0.3287274233623195,9.397816072927526e-06,1.4e-05,0.08232486879884512,0.12264
cooling_fans_lower,cooling_fans,external_datasheet,28908.000000000004,3.3000000000000003,0.6671689278435196,0.3328310721564805,9.340364989809274e-06,1.4e-05,0.08182159731072924,0.12264
cooling_fans_lower,cooling_fans,external_datasheet,29346.0,3.35,0.6630903656297016,0.3369096343702984,9.283265118815823e-06,1.4e-05,0.08132140244082661,0.12264
cooling_fans_lower,cooling_fans,external_datasheet,29784.000000000004,3.4000000000000004,0.6590367366359988,0.3409632633640012,9.226514312903983e-06,1.4e-05,0.08082426538103889,0.12264
cooling_fans_lower,cooling_fans,external_datasheet,30222.0,3.45,0.6550078884397112,0.3449921115602887,9.170110438155957e-06,1.4e-05,0.08033016743824618,0.12264
cooling_fans_lower,cooling_fans,external_datasheet,30660.0,3.5,0.6510036695499348,0.3489963304500652,9.114051373699087e-06,1.4e-05,0.079839090033604,0.12264
cooling_fans_lower,cooling_fans,external_datasheet,31098.000000000004,3.5500000000000003,0.6470239294018655,0.35297607059813446,9.058335011626117e-06,1.4e-05,0.07935101470184479,0.12264
cooling_fans_lower,cooling_fans,external_datasheet,31536.0,3.6,0.6430685183511378,0.3569314816488623,9.00295925691593e-06,1.4e-05,0.07886592309058355,0.12264
cooling_fans_lower,cooling_fans,external_datasheet,31974.000000000004,3.6500000000000004,0.6391372876681973,0.36086271233180267,8.947922027354763e-06,1.4e-05,0.07838379695962772,0.12264
cooling_fans_lower,cooling_fans,external_datasheet,32412.0,3.7,0.6352300895327095,0.36476991046729046,8.893221253457934e-06,1.4e-05,0.0779046181802915,0.12264
cooling_fans_lower,cooling_fans,external_datasheet,32850.0,3.75,0.6313467770280001,0.36865322297199987,8.838854878392001e-06,1.4e-05,0.07742836873471393,0.12264
cooling_fans_lower,cooling_fans,external_datasheet,33288.0,3.8000000000000003,0.6274872041355315,0.37251279586446845,8.784820857897441e-06,1.4e-05,0.07695503071518159,0.12264
cooling_fans_lower,cooling_fans,external_datasheet,33726.0,3.85,0.6236512257294123,0.37634877427058766,8.731117160211772e-06,1.4e-05,0.07648458632345513,0.12264
cooling_fans_lower,cooling_fans,external_datasheet,34164.0,3.9000000000000004,0.6198386975709399,0.3801613024290601,8.677741765993159e-06,1.4e-05,0.07601701787010007,0.12264
cooling_fans_lower,cooling_fans,external_datasheet,34602.0,3.95,0.6160494763031774,0.3839505236968226,8.624692668244484e-06,1.4e-05,0.07555230777382169,0.12264
cooling_fans_lower,cooling_fans,external_datasheet,35040.0,4.0,0.6122834194455627,0.38771658055443725,8.571967872237878e-06,1.4e-05,0.07509043856080382,0.12264
cooling_fans_lower,cooling_fans,external_datasheet,35478.0,4.05,0.6085403853885516,0.3914596146114484,8.519565395439722e-06,1.4e-05,0.07463139286405196,0.12264
cooling_fans_lower,cooling_fans,external_datasheet,35916.00000000001,4.1000000000000005,0.6048202333882922,0.39517976661170784,8.467483267436091e-06,1.4e-05,0.07417515342274016,0.12264
cooling_fans_lower,cooling_fans,external_datasheet,36354.0,4.15,0.6011228235613336,0.3988771764386664,8.41571952985867e-06,1.4e-05,0.07372170308156195,0.12264
cooling_fans_lower,cooling_fans,external_datasheet,36792.0,4.2,0.5974480168793656,0.40255198312063445,8.364272236311117e-06,1.4e-05,0.07327102479008539,0.12264
cooling_fans_lower,cooling_fans,external_datasheet,37230.0,4.25,0.5937956751639909,0.40620432483600916,8.313139452295873e-06,1.4e-05,0.07282310160211185,0.12264
cooling_fans_lower,cooling_fans,external_datasheet,37668.0,4.3,0.5901656610815298,0.40983433891847015,8.262319255141417e-06,1.4e-05,0.07237791667503882,0.12264
cooling_fans_lower,cooling_fans,external_datasheet,38106.00000000001,4.3500000000000005,0.5865578381378561,0.4134421618621439,8.211809733929986e-06,1.4e-05,0.07193545326922668,0.12264
cooling_fans_lower,cooling_fans,external_datasheet,38544.0,4.4,0.5829720706732645,0.41702792932673555,8.161608989425703e-06,1.4e-05,0.07149569474736915,0.12264
cooling_fans_lower,cooling_fans,external_datasheet,38982.0,4.45,0.5794082238573695,0.42059177614263055,8.111715134003172e-06,1.4e-05,0.07105862457386779,0.12264
cooling_fans_lower,cooling_fans,external_datasheet,39420.0,4.5,0.5758661636840361,0.4241338363159639,8.062126291576506e-06,1.4e-05,0.0706242263142102,0.12264
cooling_fans_lower,cooling_fans,external_datasheet,39858.0,4.55,0.5723457569663406,0.4276542430336594,8.012840597528767e-06,1.4e-05,0.070192483634352,0.12264
cooling_fans_lower,cooling_fans,external_datasheet,40296.00000000001,4.6000000000000005,0.5688468713315625,0.4311531286684375,7.963856198641875e-06,1.4e-05,0.06976338030010283,0.12264
cooling_fans_lower,cooling_fans,external_datasheet,40734.0,4.65,0.5653693752162074,0.4346306247837926,7.915171253026904e-06,1.4e-05,0.06933690017651568,0.12264
cooling_fans_lower,cooling_fans,external_datasheet,41172.0,4.7,0.5619131378610596,0.43808686213894044,7.866783930054833e-06,1.4e-05,0.06891302722728034,0.12264
cooling_fans_lower,cooling_fans,external_datasheet,41610.0,4.75,0.5584780293062657,0.4415219706937344,7.81869241028772e-06,1.4e-05,0.06849174551412042,0.12264
cooling_fans_lower,cooling_fans,external_datasheet,42048.00000000001,4.800000000000001,0.5550639203864474,0.4449360796135526,7.770894885410263e-06,1.4e-05,0.0680730391961939,0.12264
cooling_fans_lower,cooling_fans,external_datasheet,42486.00000000001,4.8500000000000005,0.5516706827258457,0.44832931727415426,7.72338955816184e-06,1.4e-05,0.06765689252949772,0.12264
cooling_fans_lower,cooling_fans,external_datasheet,42924.0,4.9,0.5482981887334929,0.4517018112665071,7.6761746422689e-06,1.4e-05,0.06724328986627556,0.12264
cooling_fans_lower,cooling_fans,external_datasheet,43362.0,4.95,0.5449463115984149,0.45505368840158517,7.6292483623778085e-06,1.4e-05,0.06683221565442961,0.12264
cooling_fans_lower,cooling_fans,external_datasheet,43800.0,5.0,0.5416149252848632,0.45838507471513673,7.582608953988085e-06,1.4e-05,0.06642365443693563,0.12264
cooling_fans_lower,cooling_fans,external_datasheet,44238.00000000001,5.050000000000001,0.5383039045275764,0.46169609547242363,7.536254663386069e-06,1.4e-05,0.06601759085126196,0.12264
cooling_fans_lower,cooling_fans,external_datasheet,44676.00000000001,5.1000000000000005,0.5350131248270688,0.4649868751729312,7.490183747578963e-06,1.4e-05,0.06561400962879171,0.12264
cooling_fans_lower,cooling_fans,external_datasheet,45114.0,5.15,0.53174246244495,0.46825753755504995,7.444394474229301e-06,1.4e-05,0.06521289559424867,0.12264
cooling_fans_lower,cooling_fans,external_datasheet,45552.0,5.2,0.5284917943992715,0.4715082056007284,7.398885121589801e-06,1.4e-05,0.06481423366512666,0.12264
cooling_fans_lower,cooling_fans,external_datasheet,45990.0,5.25,0.5252609984599029,0.474739001540097,7.353653978438641e-06,1.4e-05,0.06441800885112249,0.12264
cooling_fans_lower,cooling_fans,external_datasheet,46428.00000000001,5.300000000000001,0.5220499531439355,0.4779500468560644,7.308699344015098e-06,1.4e-05,0.06402420625357226,0.12264
cooling_fans_lower,cooling_fans,external_datasheet,46866.00000000001,5.3500000000000005,0.5188585377111148,0.48114146228888516,7.264019527955607e-06,1.4e-05,0.06363281106489112,0.12264
cooling_fans_lower,cooling_fans,external_datasheet,47304.0,5.4,0.5156866321592998,0.4843133678407002,7.2196128502301966e-06,1.4e-05,0.06324380856801652,0.12264
cooling_fans_lower,cooling_fans,external_datasheet,47742.0,5.45,0.512534117219951,0.487465882780049,7.175477641079314e-06,1.4e-05,0.0628571841358548,0.12264
cooling_fans_lower,cooling_fans,external_datasheet,48180.0,5.5,0.5094008743536463,0.49059912564635366,7.1316122409510486e-06,1.4e-05,0.062472923230731184,0.12264
cooling_fans_lower,cooling_fans,external_datasheet,48618.00000000001,5.550000000000001,0.5062867857456229,0.49371321425437703,7.088015000438721e-06,1.4e-05,0.06209101140384319,0.12264
cooling_fans_lower,cooling_fans,external_datasheet,49056.00000000001,5.6000000000000005,0.503191734301348,0.49680826569865194,7.044684280218872e-06,1.4e-05,0.061711434294717316,0.12264
cooling_fans_lower,cooling_fans,external_datasheet,49494.0,5.65,0.5001156036421152,0.49988439635788484,7.001618450989612e-06,1.4e-05,0.061334177630669,0.12264
cooling_fans_lower,cooling_fans,external_datasheet,49932.0,5.7,0.4970582781006686,0.5029417218993314,6.95881589340936e-06,1.4e-05,0.060959227226266,0.12264
cooling_fans_lower,cooling_fans,external_datasheet,50370.0,5.75,0.4940196427168542,0.5059803572831458,6.916274998035959e-06,1.4e-05,0.060586568982795005,0.12264
cooling_fans_lower,cooling_fans,external_datasheet,50808.00000000001,5.800000000000001,0.49099958323329657,0.5090004167667035,6.873994165266152e-06,1.4e-05,0.06021618888773149,0.12264
cooling_fans_lower,cooling_fans,external_datasheet,51246.00000000001,5.8500000000000005,0.48799798609110256,0.5120020139088974,6.831971805275436e-06,1.4e-05,0.05984807301421282,0.12264
cooling_fans_lower,cooling_fans,external_datasheet,51684.0,5.9,0.48501473842559195,0.514985261574408,6.7902063379582876e-06,1.4e-05,0.0594822075205146,0.12264
cooling_fans_lower,cooling_fans,external_datasheet,52122.0,5.95,0.48204972806205265,0.5179502719379473,6.748696192868737e-06,1.4e-05,0.059118578649530136,0.12264
cooling_fans_lower,cooling_fans,external_datasheet,52560.0,6.0,0.4791028435115236,0.5208971564884763,6.70743980916133e-06,1.4e-05,0.05875717272825325,0.12264
cooling_fans_lower,cooling_fans,external_datasheet,52998.00000000001,6.050000000000001,0.476173973966602,0.523826026033398,6.666435635532428e-06,1.4e-05,0.05839797616726407,0.12264
cooling_fans_lower,cooling_fans,external_datasheet,53436.00000000001,6.1000000000000005,0.47326300929727727,0.5267369907027227,6.625682130161882e-06,1.4e-05,0.05804097546021808,0.12264
cooling_fans_lower,cooling_fans,external_datasheet,53874.0,6.15,0.4703698400467897,0.5296301599532103,6.585177760655056e-06,1.4e-05,0.05768615718333829,0.12264
cooling_fans_lower,cooling_fans,external_datasheet,54312.0,6.2,0.4674943574275146,0.5325056425724854,6.544921003985204e-06,1.4e-05,0.05733350799491039,0.12264
cooling_fans_lower,cooling_fans,external_datasheet,54750.0,6.25,0.4646364533168721,0.5353635466831279,6.5049103464362095e-06,1.4e-05,0.0569830146347812,0.12264
cooling_fans_lower,cooling_fans,external_datasheet,55188.00000000001,6.300000000000001,0.46179602025326105,0.538203979746739,6.465144283545654e-06,1.4e-05,0.056634663923859935,0.12264
cooling_fans_lower,cooling_fans,external_datasheet,55626.00000000001,6.3500000000000005,0.4589729514320191,0.5410270485679809,6.4256213200482675e-06,1.4e-05,0.056288442763622826,0.12264
cooling_fans_lower,cooling_fans,external_datasheet,56064.0,6.4,0.4561671407014058,0.5438328592985943,6.386339969819681e-06,1.4e-05,0.05594433813562041,0.12264
cooling_fans_lower,cooling_fans,external_datasheet,56502.0,6.45,0.4533784825586116,0.5466215174413884,6.347298755820562e-06,1.4e-05,0.05560233710098813,0.12264
cooling_fans_lower,cooling_fans,external_datasheet,56940.0,6.5,0.4506068721457906,0.5493931278542094,6.308496210041068e-06,1.4e-05,0.055262426799959755,0.12264
cooling_fans_lower,cooling_fans,external_datasheet,57378.00000000001,6.550000000000001,0.4478522052461181,0.552147794753882,6.269930873445653e-06,1.4e-05,0.054924594451383923,0.12264
cooling_fans_lower,cooling_fans,external_datasheet,57816.00000000001,6.6000000000000005,0.4451143782798714,0.5548856217201287,6.231601295918199e-06,1.4e-05,0.05458882735224342,0.12264
cooling_fans_lower,cooling_fans,external_datasheet,58254.0,6.65,0.4423932883005354,0.5576067116994646,6.1935060362074955e-06,1.4e-05,0.05425511287717766,0.12264
cooling_fans_lower,cooling_fans,external_datasheet,58692.0,6.7,0.43968883299093137,0.5603111670090687,6.155643661873039e-06,1.4e-05,0.053923438478007825,0.12264
cooling_fans_lower,cooling_fans,external_datasheet,59130.0,6.75,0.43700091065936986,0.5629990893406301,6.118012749231178e-06,1.4e-05,0.05359379168326512,0.12264
cooling_fans_lower,cooling_fans,external_datasheet,59568.00000000001,6.800000000000001,0.4343294202358269,0.5656705797641731,6.080611883301577e-06,1.4e-05,0.05326616009772181,0.12264
cooling_fans_lower,cooling_fans,external_datasheet,60006.00000000001,6.8500000000000005,0.43167426126814373,0.5683257387318563,6.043439657754012e-06,1.4e-05,0.05294053140192515,0.12264
cooling_fans_lower,cooling_fans,external_datasheet,60444.0,6.9,0.4290353339182493,0.5709646660817508,6.00649467485549e-06,1.4e-05,0.05261689335173409,0.12264
cooling_fans_lower,cooling_fans,external_datasheet,60882.0,6.95,0.42641253895840636,0.5735874610415936,5.969775545417689e-06,1.4e-05,0.052295233777858954,0.12264
cooling_fans_lower,cooling_fans,external_datasheet,61320.0,7.0,0.42380577776748074,0.5761942222325193,5.9332808887447306e-06,1.4e-05,0.05197554058540384,0.12264
cooling_fans_lower,cooling_fans,external_datasheet,61758.00000000001,7.050000000000001,0.42121495232723244,0.5787850476727676,5.897009332581254e-06,1.4e-05,0.05165780175341179,0.12264
cooling_fans_lower,cooling_fans,external_datasheet,62196.00000000001,7.1000000000000005,0.41863996521863023,0.5813600347813698,5.860959513060823e-06,1.4e-05,0.05134200533441281,0.12264
cooling_fans_lower,cooling_fans,external_datasheet,62634.0,7.15,0.4160807196181888,0.5839192803818112,5.825130074654644e-06,1.4e-05,0.05102813945397468,0.12264
cooling_fans_lower,cooling_fans,external_datasheet,63072.0,7.2,0.41353711929432757,0.5864628807056724,5.789519670120586e-06,1.4e-05,0.050716192310256335,0.12264
cooling_fans_lower,cooling_fans,external_datasheet,63510.0,7.25,0.4110090686037526,0.5889909313962475,5.754126960452536e-06,1.4e-05,0.050406152173564214,0.12264
cooling_fans_lower,cooling_fans,external_datasheet,63948.00000000001,7.300000000000001,0.40849647248786003,0.59150352751214,5.71895061483004e-06,1.4e-05,0.05009800738591115,0.12264
cooling_fans_lower,cooling_fans,external_datasheet,64386.00000000001,7.3500000000000005,0.4059992364691621,0.5940007635308379,5.683989310568269e-06,1.4e-05,0.04979174636057804,0.12264
cooling_fans_lower,cooling_fans,external_datasheet,64824.0,7.4,0.4035172666477342,0.5964827333522659,5.649241733068278e-06,1.4e-05,0.04948735758167812,0.12264
cooling_fans_lower,cooling_fans,external_datasheet,65262.0,7.45,0.4010504696976841,0.5989495303023159,5.6147065757675775e-06,1.4e-05,0.04918482960372398,0.12264
cooling_fans_lower,cooling_fans,external_datasheet,65700.0,7.5,0.3985987528636433,0.6014012471363567,5.580382540091007e-06,1.4e-05,0.04888415105119722,0.12264
cooling_fans_lower,cooling_fans,external_datasheet,66138.0,7.550000000000001,0.3961620239572786,0.6038379760427214,5.546268335401901e-06,1.4e-05,0.04858531061812065,0.12264
cooling_fans_lower,cooling_fans,external_datasheet,66576.0,7.6000000000000005,0.3937401913538262,0.6062598086461738,5.512362678953567e-06,1.4e-05,0.04828829706763325,0.12264
cooling_fans_lower,cooling_fans,external_datasheet,67014.0,7.65,0.39133316398864615,0.6086668360113539,5.478664295841046e-06,1.4e-05,0.04799309923156756,0.12264
cooling_fans_lower,cooling_fans,external_datasheet,67452.0,7.7,0.3889408513537984,0.6110591486462016,5.445171918953178e-06,1.4e-05,0.04769970601002984,0.12264
cooling_fans_lower,cooling_fans,external_datasheet,67890.0,7.75,0.38656316349463915,0.6134368365053608,5.411884288924948e-06,1.4e-05,0.04740810637098254,0.12264
cooling_fans_lower,cooling_fans,external_datasheet,68328.0,7.800000000000001,0.38420001100643913,0.6157999889935609,5.378800154090148e-06,1.4e-05,0.047118289349829694,0.12264
cooling_fans_lower,cooling_fans,external_datasheet,68766.0,7.8500000000000005,0.38185130503102105,0.618148694968979,5.3459182704342945e-06,1.4e-05,0.04683024404900442,0.12264
cooling_fans_lower,cooling_fans,external_datasheet,69204.0,7.9,0.37951695725341916,0.6204830427465808,5.313237401547868e-06,1.4e-05,0.04654395963755933,0.12264
cooling_fans_lower,cooling_fans,external_datasheet,69642.0,7.95,0.37719687989855766,0.6228031201014423,5.280756318579807e-06,1.4e-05,0.04625942535075911,0.12264
cooling_fans_lower,cooling_fans,external_datasheet,70080.0,8.0,0.37489098572795093,0.6251090142720491,5.248473800191313e-06,1.4e-05,0.0459766304896759,0.12264
cooling_fans_lower,cooling_fans,external_datasheet,70518.0,8.05,0.3725991880364229,0.6274008119635771,5.216388632509921e-06,1.4e-05,0.045695564420786906,0.12264
cooling_fans_lower,cooling_fans,external_datasheet,70956.0,8.1,0.3703214006488469,0.6296785993511531,5.184499609083856e-06,1.4e-05,0.045416216575574576,0.12264
cooling_fans_lower,cooling_fans,external_datasheet,71394.0,8.15,0.36805753791690504,0.631942462083095,5.152805530836671e-06,1.4e-05,0.04513857645012924,0.12264
cooling_fans_lower,cooling_fans,external_datasheet,71832.00000000001,8.200000000000001,0.3658075147158682,0.6341924852841319,5.121305206022155e-06,1.4e-05,0.04486263360475408,0.12264
cooling_fans_lower,cooling_fans,external_datasheet,72270.0,8.25,0.363571246441395,0.6364287535586051,5.08999745017953e-06,1.4e-05,0.04458837766357268,0.12264
cooling_fans_lower,cooling_fans,external_datasheet,72708.0,8.3,0.3613486490063502,0.6386513509936498,5.058881086088903e-06,1.4e-05,0.04431579831413879,0.12264
cooling_fans_lower,cooling_fans,external_datasheet,73146.0,8.35,0.3591396388376435,0.6408603611623565,5.027954943727009e-06,1.4e-05,0.0440448853070486,0.12264
cooling_fans_lower,cooling_fans,external_datasheet,73584.0,8.4,0.35694413287308663,0.6430558671269133,4.997217860223213e-06,1.4e-05,0.04377562845555535,0.12264
cooling_fans_lower,cooling_fans,external_datasheet,74022.00000000001,8.450000000000001,0.3547620485582702,0.6452379514417298,4.966668679815783e-06,1.4e-05,0.04350801763518626,0.12264
cooling_fans_lower,cooling_fans,external_datasheet,74460.0,8.5,0.35259330384345977,0.6474066961565402,4.936306253808436e-06,1.4e-05,0.043242042783361904,0.12264
cooling_fans_lower,cooling_fans,external_datasheet,74898.0,8.55,0.35043781718051004,0.64956218281949,4.90612944052714e-06,1.4e-05,0.042977693899017747,0.12264
cooling_fans_lower,cooling_fans,external_datasheet,75336.0,8.6,0.34829550751979915,0.6517044924802009,4.876137105277188e-06,1.4e-05,0.04271496104222817,0.12264
cooling_fans_lower,cooling_fans,external_datasheet,75774.0,8.65,0.34616629430718093,0.6538337056928191,4.846328120300533e-06,1.4e-05,0.04245383433383267,0.12264
cooling_fans_lower,cooling_fans,external_datasheet,76212.00000000001,8.700000000000001,0.34405009748095544,0.6559499025190446,4.816701364733376e-06,1.4e-05,0.04219430395506437,0.12264
cooling_fans_lower,cooling_fans,external_datasheet,76650.0,8.75,0.3419468374688595,0.6580531625311404,4.787255724564033e-06,1.4e-05,0.04193636014718093,0.12264
cooling_fans_lower,cooling_fans,external_datasheet,77088.0,8.8,0.33985643518507364,0.6601435648149263,4.757990092591031e-06,1.4e-05,0.04167999321109743,0.12264
cooling_fans_lower,cooling_fans,external_datasheet,77526.0,8.85,0.337778812027249,0.662221187972751,4.728903368381486e-06,1.4e-05,0.04142519350702182,0.12264
cooling_fans_lower,cooling_fans,external_datasheet,77964.0,8.9,0.33571388987355155,0.6642861101264484,4.699994458229722e-06,1.4e-05,0.041171951454092366,0.12264
cooling_fans_lower,cooling_fans,external_datasheet,78402.00000000001,8.950000000000001,0.3336615910797245,0.6663384089202755,4.671262275116143e-06,1.4e-05,0.04092025753001741,0.12264
cooling_fans_lower,cooling_fans,external_datasheet,78840.0,9.0,0.33162183847616905,0.668378161523831,4.642705738666367e-06,1.4e-05,0.04067010227071737,0.12264
cooling_fans_lower,cooling_fans,external_datasheet,79278.0,9.05,0.3295945553650423,0.6704054446349578,4.6143237751105916e-06,1.4e-05,0.04042147626996878,0.12264
cooling_fans_lower,cooling_fans,external_datasheet,79716.0,9.1,0.32757966551737344,0.6724203344826265,4.5861153172432285e-06,1.4e-05,0.04017437017905068,0.12264
cooling_fans_lower,cooling_fans,external_datasheet,80154.0,9.15,0.32557709317019773,0.6744229068298022,4.558079304382768e-06,1.4e-05,0.03992877470639305,0.12264
cooling_fans_lower,cooling_fans,external_datasheet,80592.00000000001,9.200000000000001,0.3235867630237072,0.6764132369762927,4.5302146823319005e-06,1.4e-05,0.03968468061722745,0.12264
cooling_fans_lower,cooling_fans,external_datasheet,81030.0,9.25,0.32160860023841986,0.6783913997615801,4.502520403337878e-06,1.4e-05,0.039442078733239815,0.12264
cooling_fans_lower,cooling_fans,external_datasheet,81468.0,9.3,0.31964253043236474,0.6803574695676353,4.474995426053106e-06,1.4e-05,0.03920095993222521,0.12264
cooling_fans_lower,cooling_fans,external_datasheet,81906.0,9.35,0.31768847967828584,0.6823115203217142,4.447638715496002e-06,1.4e-05,0.03896131514774497,0.12264
cooling_fans_lower,cooling_fans,external_datasheet,82344.0,9.4,0.3157463745008621,0.6842536254991378,4.4204492430120694e-06,1.4e-05,0.03872313536878573,0.12264
cooling_fans_lower,cooling_fans,external_datasheet,82782.00000000001,9.450000000000001,0.31381614187394447,0.6861838581260555,4.393425986235222e-06,1.4e-05,0.03848641163942054,0.12264
cooling_fans_lower,cooling_fans,external_datasheet,83220.0,9.5,0.31189770921781007,0.6881022907821899,4.366567929049341e-06,1.4e-05,0.038251135058472226,0.12264
cooling_fans_lower,cooling_fans,external_datasheet,83658.0,9.55,0.30999100439643307,0.6900089956035669,4.339874061550063e-06,1.4e-05,0.03801729677917855,0.12264
cooling_fans_lower,cooling_fans,external_datasheet,84096.00000000001,9.600000000000001,0.30809595571477244,0.6919040442852276,4.3133433800068145e-06,1.4e-05,0.03778488800885969,0.12264
cooling_fans_lower,cooling_fans,external_datasheet,84534.0,9.65,0.306212491916076,0.693787508083924,4.286974886825065e-06,1.4e-05,0.03755390000858757,0.12264
cooling_fans_lower,cooling_fans,external_datasheet,84972.00000000001,9.700000000000001,0.30434054217920076,0.6956594578207992,4.2607675905088105e-06,1.4e-05,0.03732432409285718,0.12264
cooling_fans_lower,cooling_fans,external_datasheet,85410.0,9.75,0.3024800361159507,0.6975199638840494,4.23472050562331e-06,1.4e-05,0.03709615162926019,0.12264
cooling_fans_lower,cooling_fans,external_datasheet,85848.0,9.8,0.300630903768429,0.699369096231571,4.208832652758006e-06,1.4e-05,0.03686937403816013,0.12264
cooling_fans_lower,cooling_fans,external_datasheet,86286.00000000001,9.850000000000001,0.29879307560640844,0.7012069243935916,4.1831030584897186e-06,1.4e-05,0.03664398279236993,0.12264
cooling_fans_lower,cooling_fans,external_datasheet,86724.0,9.9,0.29696648252471664,0.7030335174752833,4.157530755346033e-06,1.4e-05,0.03641996941683125,0.12264
cooling_fans_lower,cooling_fans,external_datasheet,87162.00000000001,9.950000000000001,0.2951510558406372,0.7048489441593628,4.132114781768921e-06,1.4e-05,0.03619732548829575,0.12264
cooling_fans_lower,cooling_fans,external_datasheet,87600.0,10.0,0.29334672729132805,0.706653272708672,4.106854182078592e-06,1.4e-05,0.03597604263500847,0.12264
cooling_fans_lower,cooling_fans,external_datasheet,88038.0,10.05,0.2915534290312535,0.7084465709687465,4.0817480064375485e-06,1.4e-05,0.03575611253639292,0.12264
cooling_fans_lower,cooling_fans,external_datasheet,88476.00000000001,10.100000000000001,0.28977109362963405,0.710228906370366,4.056795310814876e-06,1.4e-05,0.035537526922738316,0.12264
cooling_fans_lower,cooling_fans,external_datasheet,88914.0,10.15,0.2879996540679108,0.7120003459320892,4.031995156950751e-06,1.4e-05,0.03532027757488858,0.12264
cooling_fans_lower,cooling_fans,external_datasheet,89352.00000000001,10.200000000000001,0.2862390437372247,0.7137609562627754,4.007346612321146e-06,1.4e-05,0.03510435632393324,0.12264
cooling_fans_lower,cooling_fans,external_datasheet,89790.0,10.25,0.28448919643591297,0.715510803564087,3.982848750102782e-06,1.4e-05,0.03488975505090037,0.12264
cooling_fans_lower,cooling_fans,external_datasheet,90228.0,10.3,0.2827500463670191,0.7172499536329809,3.9585006491382675e-06,1.4e-05,0.034676465686451226,0.12264
cooling_fans_lower,cooling_fans,external_datasheet,90666.00000000001,10.350000000000001,0.2810215281358188,0.7189784718641812,3.934301393901463e-06,1.4e-05,0.03446448021057682,0.12264
cooling_fans_lower,cooling_fans,external_datasheet,91104.0,10.4,0.2793035767473619,0.720696423252638,3.9102500744630666e-06,1.4e-05,0.034253790652296466,0.12264
cooling_fans_lower,cooling_fans,external_datasheet,91542.00000000001,10.450000000000001,0.2775961276040271,0.7224038723959729,3.886345786456379e-06,1.4e-05,0.034044389089357883,0.12264
cooling_fans_lower,cooling_fans,external_datasheet,91980.0,10.5,0.2758991165030942,0.7241008834969058,3.862587631043319e-06,1.4e-05,0.03383626764793947,0.12264
cooling_fans_lower,cooling_fans,external_datasheet,92418.0,10.55,0.2742124796343292,0.7257875203656708,3.838974714880609e-06,1.4e-05,0.03362941850235413,0.12264
cooling_fans_lower,cooling_fans,external_datasheet,92856.00000000001,10.600000000000001,0.2725361535775853,0.7274638464224147,3.815506150086195e-06,1.4e-05,0.03342383387475507,0.12264
cooling_fans_lower,cooling_fans,external_datasheet,93294.0,10.65,0.27087007530041846,0.7291299246995815,3.792181054205858e-06,1.4e-05,0.03321950603484332,0.12264
cooling_fans_lower,cooling_fans,external_datasheet,93732.00000000001,10.700000000000001,0.2692141821557164,0.7307858178442836,3.7689985501800295e-06,1.4e-05,0.03301642729957706,0.12264
cooling_fans_lower,cooling_fans,external_datasheet,94170.0,10.75,0.2675684118793439,0.7324315881206561,3.745957766310814e-06,1.4e-05,0.03281459003288273,0.12264
cooling_fans_lower,cooling_fans,external_datasheet,94608.0,10.8,0.26593270258780094,0.734067297412199,3.723057836229213e-06,1.4e-05,0.0326139866453679,0.12264
cooling_fans_lower,cooling_fans,external_datasheet,95046.00000000001,10.850000000000001,0.26430699277589625,0.7356930072241038,3.7002978988625474e-06,1.4e-05,0.032414609594035915,0.12264
cooling_fans_lower,cooling_fans,external_datasheet,95484.0,10.9,0.2626912213144345,0.7373087786855655,3.6776770984020833e-06,1.4e-05,0.03221645138200225,0.12264
cooling_fans_lower,cooling_fans,external_datasheet,95922.00000000001,10.950000000000001,0.26108532744791724,0.7389146725520828,3.6551945842708413e-06,1.4e-05,0.03201950455821257,0.12264
cooling_fans_lower,cooling_fans,external_datasheet,96360.0,11.0,0.2594892507922594,0.7405107492077406,3.632849511091631e-06,1.4e-05,0.03182376171716269,0.12264
cooling_fans_lower,cooling_fans,external_datasheet,96798.0,11.05,0.25790293133251757,0.7420970686674825,3.610641038655246e-06,1.4e-05,0.03162921549861995,0.12264
cooling_fans_lower,cooling_fans,external_datasheet,97236.00000000001,11.100000000000001,0.25632630942063434,0.7436736905793657,3.5885683318888804e-06,1.4e-05,0.03143585858734659,0.12264
cooling_fans_lower,cooling_fans,external_datasheet,97674.0,11.15,0.2547593257731951,0.7452406742268048,3.566630560824731e-06,1.4e-05,0.031243683712824644,0.12264
cooling_fans_lower,cooling_fans,external_datasheet,98112.00000000001,11.200000000000001,0.25320192146919845,0.7467980785308016,3.5448269005687785e-06,1.4e-05,0.0310526836489825,0.12264
cooling_fans_lower,cooling_fans,external_datasheet,98550.0,11.25,0.2516540379478415,0.7483459620521584,3.5231565312697812e-06,1.4e-05,0.030862851213923282,0.12264
cooling_fans_lower,cooling_fans,external_datasheet,98988.0,11.3,0.25011561700631724,0.7498843829936828,3.5016186380884414e-06,1.4e-05,0.030674179269654746,0.12264
cooling_fans_lower,cooling_fans,external_datasheet,99426.00000000001,11.350000000000001,0.24858660079762618,0.7514133992023738,3.4802124111667664e-06,1.4e-05,0.030486660721820873,0.12264
cooling_fans_lower,cooling_fans,external_datasheet,99864.0,11.4,0.24706693182840161,0.7529330681715984,3.4589370455976225e-06,1.4e-05,0.030300288519435174,0.12264
cooling_fans_lower,cooling_fans,external_datasheet,100302.00000000001,11.450000000000001,0.245556552956747,0.754443447043253,3.437791741394458e-06,1.4e-05,0.030115055654615454,0.12264
cooling_fans_lower,cooling_fans,external_datasheet,100740.0,11.5,0.2440554073900883,0.7559445926099118,3.4167757034612362e-06,1.4e-05,0.02993095516232043,0.12264
cooling_fans_lower,cooling_fans,external_datasheet,101178.0,11.55,0.24256343868303748,0.7574365613169625,3.3958881415625248e-06,1.4e-05,0.029747980120087718,0.12264
cooling_fans_lower,cooling_fans,external_datasheet,101616.00000000001,11.600000000000001,0.24108059073527088,0.7589194092647291,3.3751282702937925e-06,1.4e-05,0.029566123647773623,0.12264
cooling_fans_lower,cooling_fans,external_datasheet,102054.0,11.65,0.23960680778941948,0.7603931922105805,3.3544953090518728e-06,1.4e-05,0.029385378907294406,0.12264
cooling_fans_lower,cooling_fans,external_datasheet,102492.00000000001,11.700000000000001,0.23814203442897197,0.761857965571028,3.3339884820056075e-06,1.4e-05,0.02920573910236912,0.12264
cooling_fans_lower,cooling_fans,external_datasheet,102930.0,11.75,0.23668621557619182,0.7633137844238082,3.3136070180666854e-06,1.4e-05,0.029027197478264165,0.12264
cooling_fans_lower,cooling_fans,external_datasheet,103368.0,11.8,0.23523929649004538,0.7647607035099546,3.2933501508606353e-06,1.4e-05,0.028849747321539165,0.12264
cooling_fans_lower,cooling_fans,external_datasheet,103806.00000000001,11.850000000000001,0.23380122276414414,0.7661987772358558,3.2732171186980177e-06,1.4e-05,0.028673381959794634,0.12264
cooling_fans_lower,cooling_fans,external_datasheet,104244.0,11.9,0.2323719403246989,0.7676280596753011,3.2532071645457846e-06,1.4e-05,0.028498094761421074,0.12264
cooling_fans_lower,cooling_fans,external_datasheet,104682.00000000001,11.950000000000001,0.2309513954284861,0.7690486045715139,3.2333195359988054e-06,1.4e-05,0.028323879135349537,0.12264
cooling_fans_lower,cooling_fans,external_datasheet,105120.0,12.0,0.2295395346608275,0.7704604653391726,3.213553485251585e-06,1.4e-05,0.028150728530803883,0.12264
cooling_fans_lower,cooling_fans,external_datasheet,105558.0,12.05,0.22813630493358125,0.7718636950664187,3.1939082690701376e-06,1.4e-05,0.027978636437054404,0.12264
cooling_fans_lower,cooling_fans,external_datasheet,105996.00000000001,12.100000000000001,0.22674165348314615,0.7732583465168539,3.174383148764046e-06,1.4e-05,0.027807596383173042,0.12264
cooling_fans_lower,cooling_fans,external_datasheet,106434.0,12.15,0.22535552786847748,0.7746444721315225,3.1549773901586846e-06,1.4e-05,0.027637601937790076,0.12264
cooling_fans_lower,cooling_fans,external_datasheet,106872.00000000001,12.200000000000001,0.22397787596911475,0.7760221240308852,3.1356902635676064e-06,1.4e-05,0.027468646708852233,0.12264
cooling_fans_lower,cooling_fans,external_datasheet,107310.0,12.25,0.2226086459832227,0.7773913540167773,3.1165210437651176e-06,1.4e-05,0.02730072434338243,0.12264
cooling_fans_lower,cooling_fans,external_datasheet,107748.0,12.3,0.22124778642564252,0.7787522135743574,3.097469009958995e-06,1.4e-05,0.0271338285272408,0.12264
cooling_fans_lower,cooling_fans,external_datasheet,108186.00000000001,12.350000000000001,0.2198952461259567,0.7801047538740433,3.078533445763394e-06,1.4e-05,0.02696795298488733,0.12264
cooling_fans_lower,cooling_fans,external_datasheet,108624.0,12.4,0.21855097422656478,0.7814490257734352,3.0597136391719068e-06,1.4e-05,0.026803091479145905,0.12264
cooling_fans_lower,cooling_fans,external_datasheet,109062.00000000001,12.450000000000001,0.21721492018077046,0.7827850798192295,3.0410088825307864e-06,1.4e-05,0.02663923781096969,0.12264
cooling_fans_lower,cooling_fans,external_datasheet,109500.0,12.5,0.21588703375088183,0.7841129662491182,3.022418472512346e-06,1.4e-05,0.02647638581920815,0.12264
cooling_fans_lower,cooling_fans,external_datasheet,109938.0,12.55,0.21456726500632167,0.7854327349936783,3.0039417100885036e-06,1.4e-05,0.02631452938037529,0.12264
cooling_fans_lower,cooling_fans,external_datasheet,110376.00000000001,12.600000000000001,0.2132555643217503,0.7867444356782497,2.985577900504504e-06,1.4e-05,0.026153662408419456,0.12264
cooling_fans_lower,cooling_fans,external_datasheet,110814.0,12.65,0.21195188237519974,0.7880481176248002,2.9673263532527963e-06,1.4e-05,0.025993778854494495,0.12264
cooling_fans_lower,cooling_fans,external_datasheet,111252.00000000001,12.700000000000001,0.21065617014621854,0.7893438298537815,2.9491863820470595e-06,1.4e-05,0.02583487270673224,0.12264
cooling_fans_lower,cooling_fans,external_datasheet,111690.0,12.75,0.20936837891402937,0.7906316210859706,2.931157304796411e-06,1.4e-05,0.02567693799001656,0.12264
cooling_fans_lower,cooling_fans,external_datasheet,112128.0,12.8,0.20808846025569613,0.7919115397443038,2.913238443579746e-06,1.4e-05,0.025519968765758575,0.12264
cooling_fans_lower,cooling_fans,external_datasheet,112566.00000000001,12.850000000000001,0.20681636604430398,0.793183633955696,2.8954291246202556e-06,1.4e-05,0.025363959131673438,0.12264
cooling_fans_lower,cooling_fans,external_datasheet,113004.0,12.9,0.20555204844714925,0.7944479515528508,2.8777286782600896e-06,1.4e-05,0.025208903221558384,0.12264
cooling_fans_lower,cooling_fans,external_datasheet,113442.00000000001,12.950000000000001,0.2042954599239408,0.7957045400760592,2.860136438935171e-06,1.4e-05,0.0250547952050721,0.12264
cooling_fans_lower,cooling_fans,external_datasheet,113880.0,13.0,0.2030465532250129,0.7969534467749871,2.8426517451501803e-06,1.4e-05,0.02490162928751558,0.12264
cooling_fans_lower,cooling_fans,external_datasheet,114318.0,13.05,0.20180528138954792,0.7981947186104521,2.8252739394536707e-06,1.4e-05,0.024749399709614154,0.12264
cooling_fans_lower,cooling_fans,external_datasheet,114756.00000000001,13.100000000000001,0.20057159774381106,0.7994284022561889,2.808002368413355e-06,1.4e-05,0.02459810074730099,0.12264
cooling_fans_lower,cooling_fans,external_datasheet,115194.0,13.15,0.19934545589939523,0.8006545441006048,2.790836382591533e-06,1.4e-05,0.02444772671150183,0.12264
cooling_fans_lower,cooling_fans,external_datasheet,115632.00000000001,13.200000000000001,0.19812680975147642,0.8018731902485235,2.77377533652067e-06,1.4e-05,0.024298271947921068,0.12264
cooling_fans_lower,cooling_fans,external_datasheet,116070.0,13.25,0.19691561347708075,0.8030843865229192,2.7568185886791304e-06,1.4e-05,0.024149730836829184,0.12264
cooling_fans_lower,cooling_fans,external_datasheet,116508.0,13.3,0.19571182153336064,0.8042881784666394,2.739965501467049e-06,1.4e-05,0.02400209779285135,0.12264
cooling_fans_lower,cooling_fans,external_datasheet,116946.00000000001,13.350000000000001,0.19451538865588303,0.805484611344117,2.7232154411823624e-06,1.4e-05,0.023855367264757496,0.12264
cooling_fans_lower,cooling_fans,external_datasheet,117384.0,13.4,0.19332626985692714,0.8066737301430729,2.7065677779969798e-06,1.4e-05,0.023709533735253543,0.12264
cooling_fans_lower,cooling_fans,external_datasheet,117822.00000000001,13.450000000000001,0.19214442042379254,0.8078555795762075,2.6900218859330955e-06,1.4e-05,0.023564591720773916,0.12264
cooling_fans_lower,cooling_fans,external_datasheet,118260.0,13.5,0.19096979591711855,0.8090302040828814,2.6735771428396595e-06,1.4e-05,0.023420535771275418,0.12264
cooling_fans_lower,cooling_fans,external_datasheet,118698.0,13.55,0.1898023521692125,0.8101976478307875,2.657232930368975e-06,1.4e-05,0.023277360470032222,0.12264
cooling_fans_lower,cooling_fans,external_datasheet,119136.00000000001,13.600000000000001,0.1886420452823895,0.8113579547176105,2.6409886339534533e-06,1.4e-05,0.02313506043343225,0.12264
cooling_fans_lower,cooling_fans,external_datasheet,119574.0,13.65,0.18748883162732174,0.8125111683726782,2.6248436427825043e-06,1.4e-05,0.022993630310774737,0.12264
cooling_fans_lower,cooling_fans,external_datasheet,120012.00000000001,13.700000000000001,0.1863426678413976,0.8136573321586024,2.6087973497795663e-06,1.4e-05,0.022853064784069,0.12264
cooling_fans_lower,cooling_fans,external_datasheet,120450.0,13.75,0.18520351082709163,0.8147964891729084,2.592849151579283e-06,1.4e-05,0.02271335856783452,0.12264
cooling_fans_lower,cooling_fans,external_datasheet,120888.0,13.8,0.18407131775034366,0.8159286822496563,2.5769984485048112e-06,1.4e-05,0.022574506408902146,0.12264
cooling_fans_lower,cooling_fans,external_datasheet,121326.00000000001,13.850000000000001,0.18294604603894832,0.8170539539610516,2.5612446445452765e-06,1.4e-05,0.02243650308621662,0.12264
cooling_fans_lower,cooling_fans,external_datasheet,121764.0,13.9,0.18182765338095444,0.8181723466190456,2.545587147333362e-06,1.4e-05,0.02229934341064025,0.12264
cooling_fans_lower,cooling_fans,external_datasheet,122202.00000000001,13.950000000000001,0.18071609772307357,0.8192839022769264,2.53002536812303e-06,1.4e-05,0.02216302222475774,0.12264
cooling_fans_lower,cooling_fans,external_datasheet,122640.0,14.0,0.17961133726909928,0.8203886627309007,2.51455872176739e-06,1.4e-05,0.022027534402682337,0.12264
cooling_fans_lower,cooling_fans,external_datasheet,123078.0,14.05,0.17851333047833506,0.8214866695216649,2.4991866266966907e-06,1.4e-05,0.02189287484986301,0.12264
cooling_fans_lower,cooling_fans,external_datasheet,123516.00000000001,14.100000000000001,0.17742203606403267,0.8225779639359673,2.4839085048964573e-06,1.4e-05,0.021759038502892965,0.12264
cooling_fans_lower,cooling_fans,external_datasheet,123954.0,14.15,0.1763374129918396,0.8236625870081604,2.4687237818857546e-06,1.4e-05,0.02162602032931921,0.12264
cooling_fans_lower,cooling_fans,external_datasheet,124392.00000000001,14.200000000000001,0.17525942047825593,0.8247405795217441,2.453631886695583e-06,1.4e-05,0.021493815327453307,0.12264
cooling_fans_lower,cooling_fans,external_datasheet,124830.0,14.25,0.17418801798910122,0.8258119820108988,2.438632251847417e-06,1.4e-05,0.021362418526183372,0.12264
cooling_fans_lower,cooling_fans,external_datasheet,125268.0,14.3,0.17312316523798985,0.8268768347620101,2.423724313331858e-06,1.4e-05,0.021231824984787075,0.12264
cooling_fans_lower,cooling_fans,external_datasheet,125706.00000000001,14.350000000000001,0.17206482218481656,0.8279351778151834,2.4089075105874316e-06,1.4e-05,0.0211020297927459,0.12264
cooling_fans_lower,cooling_fans,external_datasheet,126144.0,14.4,0.1710129490342509,0.8289870509657491,2.3941812864795125e-06,1.4e-05,0.02097302806956053,0.12264
cooling_fans_lower,cooling_fans,external_datasheet,126582.00000000001,14.450000000000001,0.16996750623424045,0.8300324937657596,2.3795450872793663e-06,1.4e-05,0.02084481496456725,0.12264
cooling_fans_lower,cooling_fans,external_datasheet,127020.0,14.5,0.16892845447452418,0.8310715455254758,2.3649983626433385e-06,1.4e-05,0.020717385656755644,0.12264
cooling_fans_lower,cooling_fans,external_datasheet,127458.0,14.55,0.16789575468515383,0.8321042453148462,2.3505405655921534e-06,1.4e-05,0.020590735354587265,0.12264
cooling_fans_lower,cooling_fans,external_datasheet,127896.00000000001,14.600000000000001,0.166869368035025,0.8331306319649749,2.33617115249035e-06,1.4e-05,0.020464859295815468,0.12264
cooling_fans_lower,cooling_fans,external_datasheet,128334.0,14.65,0.1658492559304173,0.8341507440695827,2.3218895830258423e-06,1.4e-05,0.02033975274730638,0.12264
cooling_fans_lower,cooling_fans,external_datasheet,128772.00000000001,14.700000000000001,0.16483538001354262,0.8351646199864574,2.3076953201895964e-06,1.4e-05,0.020215411004860864,0.12264
cooling_fans_lower,cooling_fans,external_datasheet,129210.0,14.75,0.16382770216110337,0.8361722978388966,2.293587830255447e-06,1.4e-05,0.020091829393037716,0.12264
cooling_fans_lower,cooling_fans,external_datasheet,129648.0,14.8,0.1628261844828586,0.8371738155171414,2.2795665827600205e-06,1.4e-05,0.01996900326497778,0.12264
cooling_fans_lower,cooling_fans,external_datasheet,130086.00000000001,14.850000000000001,0.1618307893201994,0.8381692106798007,2.2656310504827916e-06,1.4e-05,0.019846928002229255,0.12264
cooling_fans_lower,cooling_fans,external_datasheet,130524.0,14.9,0.16084147924473302,0.839158520755267,2.251780709426262e-06,1.4e-05,0.019725599014574057,0.12264
cooling_fans_lower,cooling_fans,external_datasheet,130962.00000000001,14.950000000000001,0.15985821705687522,0.8401417829431248,2.238015038796253e-06,1.4e-05,0.019605011739855176,0.12264
cooling_fans_lower,cooling_fans,external_datasheet,131400.0,15.0,0.1588809657844518,0.8411190342155482,2.224333520982325e-06,1.4e-05,0.019485161643805166,0.12264
cooling_fans_lower,cooling_fans,external_datasheet,131838.0,15.05,0.15790968868130803,0.8420903113186919,2.2107356415383126e-06,1.4e-05,0.019366044219875617,0.12264
cooling_fans_lower,cooling_fans,external_datasheet,132276.0,15.100000000000001,0.1569443492259274,0.8430556507740726,2.1972208891629837e-06,1.4e-05,0.019247654989067737,0.12264
cooling_fans_lower,cooling_fans,external_datasheet,132714.0,15.15,0.15598491112005797,0.844015088879942,2.1837887556808113e-06,1.4e-05,0.019129989499763907,0.12264
cooling_fans_lower,cooling_fans,external_datasheet,133152.0,15.200000000000001,0.1550313382873477,0.8449686617126523,2.1704387360228677e-06,1.4e-05,0.01901304332756032,0.12264
cooling_fans_lower,cooling_fans,external_datasheet,133590.0,15.25,0.1540835948719878,0.8459164051280122,2.157170328207829e-06,1.4e-05,0.018896812075100584,0.12264
cooling_fans_lower,cooling_fans,external_datasheet,134028.0,15.3,0.15314164523736465,0.8468583547626354,2.143983033323105e-06,1.4e-05,0.018781291371910397,0.12264
cooling_fans_lower,cooling_fans,external_datasheet,134466.0,15.350000000000001,0.15220545396471966,0.8477945460352804,2.130876355506075e-06,1.4e-05,0.01866647687423322,0.12264
cooling_fans_lower,cooling_fans,external_datasheet,134904.0,15.4,0.1512749858518175,0.8487250141481825,2.117849801925445e-06,1.4e-05,0.018552364264866898,0.12264
cooling_fans_lower,cooling_fans,external_datasheet,135342.0,15.450000000000001,0.15035020591162251,0.8496497940883775,2.104902882762715e-06,1.4e-05,0.018438949253001383,0.12264
cooling_fans_lower,cooling_fans,external_datasheet,135780.0,15.5,0.14943107937098313,0.8505689206290169,2.092035111193764e-06,1.4e-05,0.01832622757405737,0.12264
cooling_fans_lower,cooling_fans,external_datasheet,136218.0,15.55,0.1485175716693243,0.8514824283306757,2.07924600337054e-06,1.4e-05,0.018214194989525933,0.12264
cooling_fans_lower,cooling_fans,external_datasheet,136656.0,15.600000000000001,0.14760964845734792,0.8523903515426521,2.066535078402871e-06,1.4e-05,0.018102847286809148,0.12264
cooling_fans_lower,cooling_fans,external_datasheet,137094.0,15.65,0.14670727559574143,0.8532927244042585,2.05390185834038e-06,1.4e-05,0.01799218027906173,0.12264
cooling_fans_lower,cooling_fans,external_datasheet,137532.0,15.700000000000001,0.1458104191538939,0.8541895808461061,2.0413458681545147e-06,1.4e-05,0.01788218980503355,0.12264
cooling_fans_lower,cooling_fans,external_datasheet,137970.0,15.75,0.14491904540862033,0.8550809545913797,2.0288666357206844e-06,1.4e-05,0.017772871728913196,0.12264
cooling_fans_lower,cooling_fans,external_datasheet,138408.0,15.8,0.14403312084289357,0.8559668791571065,2.01646369180051e-06,1.4e-05,0.017664221940172465,0.12264
cooling_fans_lower,cooling_fans,external_datasheet,138846.0,15.850000000000001,0.14315261214458397,0.856847387855416,2.0041365700241755e-06,1.4e-05,0.01755623635341178,0.12264
cooling_fans_lower,cooling_fans,external_datasheet,139284.0,15.9,0.14227748620520692,0.857722513794793,1.9918848068728968e-06,1.4e-05,0.017448910908206574,0.12264
cooling_fans_lower,cooling_fans,external_datasheet,139722.0,15.950000000000001,0.14140771011867778,0.8585922898813222,1.979707941661489e-06,1.4e-05,0.01734224156895464,0.12264
cooling_fans_lower,cooling_fans,external_datasheet,140160.0,16.0,0.1405432511800747,0.8594567488199253,1.967605516521046e-06,1.4e-05,0.017236224324724363,0.12264
cooling_fans_lower,cooling_fans,external_datasheet,140598.0,16.05,0.13968407688440873,0.8603159231155912,1.9555770763817224e-06,1.4e-05,0.01713085518910389,0.12264
cooling_fans_lower,cooling_fans,external_datasheet,141036.0,16.1,0.13883015492540163,0.8611698450745984,1.943622168955623e-06,1.4e-05,0.017026130200051257,0.12264
cooling_fans_lower,cooling_fans,external_datasheet,141474.00000000003,16.150000000000002,0.13798145319427116,0.8620185468057289,1.931740344719796e-06,1.4e-05,0.016922045419745416,0.12264
cooling_fans_lower,cooling_fans,external_datasheet,141912.0,16.2,0.13713793977852376,0.8628620602214763,1.9199311568993325e-06,1.4e-05,0.016818596934438153,0.12264
cooling_fans_lower,cooling_fans,external_datasheet,142350.0,16.25,0.13629958296075434,0.8637004170392457,1.9081941614505606e-06,1.4e-05,0.016715780854306913,0.12264
cooling_fans_lower,cooling_fans,external_datasheet,142788.0,16.3,0.13546635121745398,0.864533648782546,1.8965289170443557e-06,1.4e-05,0.016613593313308556,0.12264
cooling_fans_lower,cooling_fans,external_datasheet,143226.0,16.35,0.13463821321782443,0.8653617867821756,1.884934985049542e-06,1.4e-05,0.01651203046903399,0.12264
cooling_fans_lower,cooling_fans,external_datasheet,143664.00000000003,16.400000000000002,0.13381513782260013,0.8661848621773999,1.8734119295164018e-06,1.4e-05,0.01641108850256368,0.12264
cooling_fans_lower,cooling_fans,external_datasheet,144102.0,16.45,0.13299709408287716,0.8670029059171228,1.8619593171602803e-06,1.4e-05,0.016310763618324054,0.12264
cooling_fans_lower,cooling_fans,external_datasheet,144540.0,16.5,0.13218405123894958,0.8678159487610504,1.850576717345294e-06,1.4e-05,0.016211052043944775,0.12264
cooling_fans_lower,cooling_fans,external_datasheet,144978.0,16.55,0.13137597871915288,0.8686240212808471,1.8392637020681404e-06,1.4e-05,0.01611195003011691,0.12264
cooling_fans_lower,cooling_fans,external_datasheet,145416.0,16.6,0.13057284613871448,0.8694271538612856,1.8280198459420027e-06,1.4e-05,0.016013453850451945,0.12264
cooling_fans_lower,cooling_fans,external_datasheet,145854.00000000003,16.650000000000002,0.12977462329861097,0.870225376701389,1.8168447261805537e-06,1.4e-05,0.015915559801341652,0.12264
cooling_fans_lower,cooling_fans,external_datasheet,146292.0,16.7,0.128981280184433,0.871018719815567,1.805737922582062e-06,1.4e-05,0.015818264201818862,0.12264
cooling_fans_lower,cooling_fans,external_datasheet,146730.0,16.75,0.12819278696525616,0.8718072130347438,1.7946990175135862e-06,1.4e-05,0.015721563393419017,0.12264
cooling_fans_lower,cooling_fans,external_datasheet,147168.0,16.8,0.12740911399251972,0.8725908860074802,1.7837275958952761e-06,1.4e-05,0.01562545374004262,0.12264
cooling_fans_lower,cooling_fans,external_datasheet,147606.0,16.85,0.12663023179891164,0.8733697682010884,1.772823245184763e-06,1.4e-05,0.015529931627818523,0.12264
cooling_fans_lower,cooling_fans,external_datasheet,148044.00000000003,16.900000000000002,0.12585611109726044,0.8741438889027395,1.7619855553616463e-06,1.4e-05,0.015434993464968022,0.12264
cooling_fans_lower,cooling_fans,external_datasheet,148482.0,16.95,0.12508672277943442,0.8749132772205656,1.7512141189120817e-06,1.4e-05,0.015340635681669835,0.12264
cooling_fans_lower,cooling_fans,external_datasheet,148920.0,17.0,0.12432203791524633,0.8756779620847537,1.7405085308134486e-06,1.4e-05,0.01524685472992581,0.12264
cooling_fans_lower,cooling_fans,external_datasheet,149358.0,17.05,0.12356202775136638,0.8764379722486336,1.7298683885191292e-06,1.4e-05,0.015153647083427571,0.12264
cooling_fans_lower,cooling_fans,external_datasheet,149796.0,17.1,0.12280666371024056,0.8771933362897595,1.7192932919433678e-06,1.4e-05,0.015061009237423902,0.12264
cooling_fans_lower,cooling_fans,external_datasheet,150234.00000000003,17.150000000000002,0.12205591738901626,0.8779440826109838,1.7087828434462277e-06,1.4e-05,0.014968937708588955,0.12264
cooling_fans_lower,cooling_fans,external_datasheet,150672.0,17.2,0.12130976055847446,0.8786902394415256,1.6983366478186425e-06,1.4e-05,0.014877429034891308,0.12264
cooling_fans_lower,cooling_fans,external_datasheet,151110.0,17.25,0.12056816516196776,0.8794318348380322,1.6879543122675487e-06,1.4e-05,0.014786479775463726,0.12264
cooling_fans_lower,cooling_fans,external_datasheet,151548.0,17.3,0.11983110331436579,0.8801688966856342,1.677635446401121e-06,1.4e-05,0.01469608651047382,0.12264
cooling_fans_lower,cooling_fans,external_datasheet,151986.0,17.35,0.11909854730100672,0.8809014526989932,1.667379662214094e-06,1.4e-05,0.014606245840995463,0.12264
cooling_fans_lower,cooling_fans,external_datasheet,152424.00000000003,17.400000000000002,0.11837046957665492,0.881629530423345,1.6571865740731688e-06,1.4e-05,0.014516954388880959,0.12264
cooling_fans_lower,cooling_fans,external_datasheet,152862.0,17.45,0.11764684276446556,0.8823531572355344,1.647055798702518e-06,1.4e-05,0.014428208796634057,0.12264
cooling_fans_lower,cooling_fans,external_datasheet,153300.0,17.5,0.11692763965495463,0.8830723603450453,1.6369869551693648e-06,1.4e-05,0.014340005727283636,0.12264
cooling_fans_lower,cooling_fans,external_datasheet,153738.0,17.55,0.11621283320497637,0.8837871667950237,1.6269796648696692e-06,1.4e-05,0.014252341864258302,0.12264
cooling_fans_lower,cooling_fans,external_datasheet,154176.0,17.6,0.11550239653670617,0.8844976034632939,1.6170335515138864e-06,1.4e-05,0.014165213911261645,0.12264
cooling_fans_lower,cooling_fans,external_datasheet,154614.00000000003,17.650000000000002,0.11479630293662989,0.8852036970633701,1.6071482411128184e-06,1.4e-05,0.01407861859214829,0.12264
cooling_fans_lower,cooling_fans,external_datasheet,155052.0,17.7,0.11409452585453964,0.8859054741454604,1.597323361963555e-06,1.4e-05,0.013992552650800742,0.12264
cooling_fans_lower,cooling_fans,external_datasheet,155490.0,17.75,0.11339703890253496,0.8866029610974651,1.5875585446354892e-06,1.4e-05,0.013907012851006886,0.12264
cooling_fans_lower,cooling_fans,external_datasheet,155928.0,17.8,0.11270381585403111,0.8872961841459689,1.5778534219564356e-06,1.4e-05,0.013821995976338377,0.12264
cooling_fans_lower,cooling_fans,external_datasheet,156366.0,17.85,0.11201483064277264,0.8879851693572274,1.5682076289988168e-06,1.4e-05,0.013737498830029636,0.12264
cooling_fans_lower,cooling_fans,external_datasheet,156804.00000000003,17.900000000000002,0.11133005736185327,0.8886699426381467,1.5586208030659457e-06,1.4e-05,0.013653518234857685,0.12264
cooling_fans_lower,cooling_fans,external_datasheet,157242.0,17.95,0.11064947026274197,0.889350529737258,1.5490925836783874e-06,1.4e-05,0.013570051033022675,0.12264
cooling_fans_lower,cooling_fans,external_datasheet,157680.0,18.0,0.10997304375431434,0.8900269562456856,1.5396226125604007e-06,1.4e-05,0.01348709408602911,0.12264
cooling_fans_lower,cooling_fans,external_datasheet,158118.0,18.05,0.10930075240189077,0.8906992475981093,1.5302105336264708e-06,1.4e-05,0.013404644274567884,0.12264
cooling_fans_lower,cooling_fans,external_datasheet,158556.0,18.1,0.10863257092627993,0.8913674290737201,1.5208559929679189e-06,1.4e-05,0.013322698498398969,0.12264
cooling_fans_lower,cooling_fans,external_datasheet,158994.00000000003,18.150000000000002,0.10796847420282793,0.892031525797172,1.511558638839591e-06,1.4e-05,0.013241253676234818,0.12264
cooling_fans_lower,cooling_fans,external_datasheet,159432.0,18.2,0.10730843726047427,0.8926915627395258,1.5023181216466398e-06,1.4e-05,0.013160306745624564,0.12264
cooling_fans_lower,cooling_fans,external_datasheet,159870.0,18.25,0.10665243528081211,0.8933475647191879,1.4931340939313695e-06,1.4e-05,0.013079854662838798,0.12264
cooling_fans_lower,cooling_fans,external_datasheet,160308.0,18.3,0.10600044359715562,0.8939995564028443,1.4840062103601785e-06,1.4e-05,0.012999894402755164,0.12264
cooling_fans_lower,cooling_fans,external_datasheet,160746.0,18.35,0.10535243769361224,0.8946475623063878,1.4749341277105714e-06,1.4e-05,0.012920422958744605,0.12264
cooling_fans_lower,cooling_fans,external_datasheet,161184.00000000003,18.400000000000002,0.10470839320416085,0.8952916067958392,1.4659175048582519e-06,1.4e-05,0.012841437342558286,0.12264
cooling_fans_lower,cooling_fans,external_datasheet,161622.0,18.45,0.10406828591173578,0.8959317140882642,1.456956002764301e-06,1.4e-05,0.012762934584215277,0.12264
cooling_fans_lower,cooling_fans,external_datasheet,162060.0,18.5,0.10343209174731575,0.8965679082526843,1.4480492844624205e-06,1.4e-05,0.012684911731890803,0.12264
cooling_fans_lower,cooling_fans,external_datasheet,162498.0,18.55,0.10279978678901934,0.8972002132109806,1.4391970150462707e-06,1.4e-05,0.012607365851805332,0.12264
cooling_fans_lower,cooling_fans,external_datasheet,162936.0,18.6,0.1021713472612052,0.8978286527387948,1.4303988616568729e-06,1.4e-05,0.012530294028114206,0.12264
cooling_fans_lower,cooling_fans,external_datasheet,163374.00000000003,18.650000000000002,0.10154674953357813,0.8984532504664219,1.4216544934700938e-06,1.4e-05,0.012453693362798023,0.12264
cooling_fans_lower,cooling_fans,external_datasheet,163812.0,18.7,0.10092597012030065,0.8990740298796993,1.412963581684209e-06,1.4e-05,0.012377560975553672,0.12264
cooling_fans_lower,cooling_fans,external_datasheet,164250.0,18.75,0.10030898567910958,0.8996910143208904,1.404325799507534e-06,1.4e-05,0.012301894003685998,0.12264
cooling_fans_lower,cooling_fans,external_datasheet,164688.0,18.8,0.09969577301043868,0.9003042269895614,1.3957408221461414e-06,1.4e-05,0.012226689602000199,0.12264
cooling_fans_lower,cooling_fans,external_datasheet,165126.0,18.85,0.09908630905654615,0.9009136909434539,1.387208326791646e-06,1.4e-05,0.01215194494269482,0.12264
cooling_fans_lower,cooling_fans,external_datasheet,165564.00000000003,18.900000000000002,0.09848057090064764,0.9015194290993523,1.378727992609067e-06,1.4e-05,0.012077657215255427,0.12264
cooling_fans_lower,cooling_fans,external_datasheet,166002.0,18.95,0.09787853576605458,0.9021214642339455,1.370299500724764e-06,1.4e-05,0.012003823626348933,0.12264
cooling_fans_lower,cooling_fans,external_datasheet,166440.0,19.0,0.09728018101531762,0.9027198189846823,1.3619225342144465e-06,1.4e-05,0.011930441399718552,0.12264
cooling_fans_lower,cooling_fans,external_datasheet,166878.0,19.05,0.09668548414937557,0.9033145158506244,1.3535967780912579e-06,1.4e-05,0.01185750777607942,0.12264
cooling_fans_lower,cooling_fans,external_datasheet,167316.0,19.1,0.0960944228067094,0.9039055771932906,1.3453219192939317e-06,1.4e-05,0.011785020013014841,0.12264
cooling_fans_lower,cooling_fans,external_datasheet,167754.00000000003,19.150000000000002,0.09550697476250125,0.9044930252374987,1.3370976466750175e-06,1.4e-05,0.011712975384873153,0.12264
cooling_fans_lower,cooling_fans,external_datasheet,168192.00000000003,19.200000000000003,0.094923117927799,0.9050768820722009,1.328923650989186e-06,1.4e-05,0.01164137118266527,0.12264
cooling_fans_lower,cooling_fans,external_datasheet,168630.0,19.25,0.09434283034868549,0.9056571696513145,1.3207996248815968e-06,1.4e-05,0.011570204713962789,0.12264
cooling_fans_lower,cooling_fans,external_datasheet,169068.0,19.3,0.09376609020545291,0.9062339097945471,1.3127252628763408e-06,1.4e-05,0.011499473302796746,0.12264
cooling_fans_lower,cooling_fans,external_datasheet,169506.0,19.35,0.09319287581178273,0.9068071241882173,1.3047002613649583e-06,1.4e-05,0.011429174289557035,0.12264
cooling_fans_lower,cooling_fans,external_datasheet,169944.00000000003,19.400000000000002,0.09262316561392989,0.9073768343860701,1.2967243185950183e-06,1.4e-05,0.01135930503089236,0.12264
cooling_fans_lower,cooling_fans,external_datasheet,170382.00000000003,19.450000000000003,0.09205693818991265,0.9079430618100873,1.288797134658777e-06,1.4e-05,0.011289862899610885,0.12264
cooling_fans_lower,cooling_fans,external_datasheet,170820.0,19.5,0.09149417224870685,0.9085058277512932,1.2809184114818957e-06,1.4e-05,0.011220845284581407,0.12264
cooling_fans_lower,cooling_fans,external_datasheet,171258.0,19.55,0.0909348466294453,0.9090651533705547,1.2730878528122342e-06,1.4e-05,0.011152249590635172,0.12264
cooling_fans_lower,cooling_fans,external_datasheet,171696.0,19.6,0.09037894030062242,0.9096210596993776,1.2653051642087139e-06,1.4e-05,0.011084073238468333,0.12264
cooling_fans_lower,cooling_fans,external_datasheet,172134.00000000003,19.650000000000002,0.08982643235930307,0.9101735676406969,1.257570053030243e-06,1.4e-05,0.01101631366454493,0.12264
cooling_fans_lower,cooling_fans,external_datasheet,172572.00000000003,19.700000000000003,0.08927730203033693,0.9107226979696631,1.249882228424717e-06,1.4e-05,0.01094896832100052,0.12264
cooling_fans_lower,cooling_fans,external_datasheet,173010.0,19.75,0.08873152866557682,0.9112684713344231,1.2422414013180754e-06,1.4e-05,0.01088203467554634,0.12264
cooling_fans_lower,cooling_fans,external_datasheet,173448.0,19.8,0.08818909174310284,0.9118109082568971,1.2346472844034397e-06,1.4e-05,0.010815510211374132,0.12264
cooling_fans_lower,cooling_fans,external_datasheet,173886.0,19.85,0.08764997086645028,0.9123500291335497,1.2270995921303038e-06,1.4e-05,0.01074939242706146,0.12264
cooling_fans_lower,cooling_fans,external_datasheet,174324.00000000003,19.900000000000002,0.08711414576384295,0.9128858542361571,1.2195980406938013e-06,1.4e-05,0.0106836788364777,0.12264
cooling_fans_lower,cooling_fans,external_datasheet,174762.00000000003,19.950000000000003,0.08658159628743091,0.9134184037125691,1.2121423480240328e-06,1.4e-05,0.010618366968690528,0.12264
cooling_fans_lower,cooling_fans,external_datasheet,175200.0,20.0,0.08605230241253277,0.9139476975874672,1.2047322337754587e-06,1.4e-05,0.010553454367873019,0.12264
cooling_fans_upper,cooling_fans,external_datasheet,0.0,0.0,1.0,0.0,2e-05,2e-05,0.17520000000000002,0.17520000000000002
cooling_fans_upper,cooling_fans,external_datasheet,438.0,0.05,0.9912782570080355,0.008721742991964444,1.9825565140160713e-05,2e-05,0.17367195062780785,0.17520000000000002
cooling_fans_upper,cooling_fans,external_datasheet,876.0,0.1,0.982632582816889,0.017367417183111005,1.9652651656337782e-05,2e-05,0.17215722850951898,0.17520000000000002
cooling_fans_upper,cooling_fans,external_datasheet,1314.0000000000002,0.15000000000000002,0.9740623139740299,0.025937686025970134,1.94812462794806e-05,2e-05,0.17065571740825006,0.17520000000000002
cooling_fans_upper,cooling_fans,external_datasheet,1752.0,0.2,0.9655667928133902,0.03443320718660979,1.9311335856267807e-05,2e-05,0.169167302100906,0.17520000000000002
cooling_fans_upper,cooling_fans,external_datasheet,2190.0,0.25,0.9571453674048964,0.04285463259510357,1.914290734809793e-05,2e-05,0.16769186836933786,0.17520000000000002
cooling_fans_upper,cooling_fans,external_datasheet,2628.0000000000005,0.30000000000000004,0.9487973915044415,0.051202608495558466,1.8975947830088833e-05,2e-05,0.16622930299157818,0.17520000000000002
cooling_fans_upper,cooling_fans,external_datasheet,3066.0000000000005,0.35000000000000003,0.9405222245042936,0.059477775495706466,1.8810444490085873e-05,2e-05,0.16477949373315223,0.17520000000000002
cooling_fans_upper,cooling_fans,external_datasheet,3504.0,0.4,0.9323192313839364,0.06768076861606359,1.864638462767873e-05,2e-05,0.16334232933846568,0.17520000000000002
cooling_fans_upper,cooling_fans,external_datasheet,3942.0,0.45,0.9241877826613398,0.07581221733866012,1.84837556532268e-05,2e-05,0.16191769952226676,0.17520000000000002
cooling_fans_upper,cooling_fans,external_datasheet,4380.0,0.5,0.9161272543446541,0.08387274565534582,1.8322545086893084e-05,2e-05,0.1605054949611834,0.17520000000000002
cooling_fans_upper,cooling_fans,external_datasheet,4818.0,0.55,0.908137027884326,0.09186297211567393,1.8162740557686524e-05,2e-05,0.15910560728533396,0.17520000000000002
cooling_fans_upper,cooling_fans,external_datasheet,5256.000000000001,0.6000000000000001,0.9002164901256325,0.09978350987436749,1.800432980251265e-05,2e-05,0.1577179290700108,0.17520000000000002
cooling_fans_upper,cooling_fans,external_datasheet,5694.0,0.65,0.8923650332616284,0.10763496673837153,1.784730066523257e-05,2e-05,0.1563423538274373,0.17520000000000002
cooling_fans_upper,cooling_fans,external_datasheet,6132.000000000001,0.7000000000000001,0.8845820547865048,0.11541794521349527,1.7691641095730096e-05,2e-05,0.15497877599859564,0.17520000000000002
cooling_fans_upper,cooling_fans,external_datasheet,6570.0,0.75,0.8768669574493531,0.12313304255064697,1.7537339148987064e-05,2e-05,0.15362709094512667,0.17520000000000002
cooling_fans_upper,cooling_fans,external_datasheet,7008.0,0.8,0.869219149208334,0.13078085079166604,1.738438298416668e-05,2e-05,0.1522871949413001,0.17520000000000002
cooling_fans_upper,cooling_fans,external_datasheet,7446.000000000001,0.8500000000000001,0.8616380431852448,0.13836195681475513,1.72327608637049e-05,2e-05,0.1509589851660549,0.17520000000000002
cooling_fans_upper,cooling_fans,external_datasheet,7884.0,0.9,0.854123057620484,0.14587694237951598,1.7082461152409682e-05,2e-05,0.1496423596951088,0.17520000000000002
cooling_fans_upper,cooling_fans,external_datasheet,8322.0,0.9500000000000001,0.8466736158284073,0.1533263841715927,1.6933472316568145e-05,2e-05,0.14833721749313694,0.17520000000000002
cooling_fans_upper,cooling_fans,external_datasheet,8760.0,1.0,0.8392891461530747,0.1607108538469253,1.6785782923061495e-05,2e-05,0.1470434584060187,0.17520000000000002
cooling_fans_upper,cooling_fans,external_datasheet,9198.0,1.05,0.8319690819243823,0.1680309180756177,1.663938163848765e-05,2e-05,0.1457609831531518,0.17520000000000002
cooling_fans_upper,cooling_fans,external_datasheet,9636.0,1.1,0.8247128614145772,0.17528713858542277,1.6494257228291545e-05,2e-05,0.14448969331983394,0.17520000000000002
cooling_fans_upper,cooling_fans,external_datasheet,10074.000000000002,1.1500000000000001,0.8175199277951517,0.18248007220484833,1.6350398555903034e-05,2e-05,0.14322949134971058,0.17520000000000002
cooling_fans_upper,cooling_fans,external_datasheet,10512.000000000002,1.2000000000000002,0.810389729094113,0.189610270905887,1.620779458188226e-05,2e-05,0.14198028053728862,0.17520000000000002
cooling_fans_upper,cooling_fans,external_datasheet,10950.0,1.25,0.8033217181536265,0.1966782818463735,1.606643436307253e-05,2e-05,0.14074196502051536,0.17520000000000002
cooling_fans_upper,cooling_fans,external_datasheet,11388.0,1.3,0.7963153525880272,0.20368464741197273,1.5926307051760546e-05,2e-05,0.1395144497734224,0.17520000000000002
cooling_fans_upper,cooling_fans,external_datasheet,11826.0,1.35,0.789370094742199,0.21062990525780104,1.578740189484398e-05,2e-05,0.13829764059883326,0.17520000000000002
cooling_fans_upper,cooling_fans,external_datasheet,12264.000000000002,1.4000000000000001,0.7824854116503148,0.21751458834968515,1.5649708233006298e-05,2e-05,0.13709144412113516,0.17520000000000002
cooling_fans_upper,cooling_fans,external_datasheet,12702.000000000002,1.4500000000000002,0.7756607749949394,0.22433922500506068,1.5513215499898788e-05,2e-05,0.13589576777911339,0.17520000000000002
cooling_fans_upper,cooling_fans,external_datasheet,13140.0,1.5,0.7688956610664855,0.2311043389335145,1.5377913221329712e-05,2e-05,0.13471051981884827,0.17520000000000002
cooling_fans_upper,cooling_fans,external_datasheet,13578.0,1.55,0.762189550723027,0.23781044927697298,1.524379101446054e-05,2e-05,0.13353560928667432,0.17520000000000002
cooling_fans_upper,cooling_fans,external_datasheet,14016.0,1.6,0.7555419293504599,0.24445807064954006,1.51108385870092e-05,2e-05,0.1323709460222006,0.17520000000000002
cooling_fans_upper,cooling_fans,external_datasheet,14454.000000000002,1.6500000000000001,0.7489522868230122,0.25104771317698776,1.4979045736460245e-05,2e-05,0.13121644065139174,0.17520000000000002
cooling_fans_upper,cooling_fans,external_datasheet,14892.000000000002,1.7000000000000002,0.7424201174640979,0.2575798825359021,1.4848402349281958e-05,2e-05,0.13007200457970994,0.17520000000000002
cooling_fans_upper,cooling_fans,external_datasheet,15330.0,1.75,0.735944920007512,0.264055079992488,1.4718898400150242e-05,2e-05,0.12893754998531612,0.17520000000000002
cooling_fans_upper,cooling_fans,external_datasheet,15768.0,1.8,0.7295261975589646,0.27047380244103536,1.4590523951179294e-05,2e-05,0.1278129898123306,0.17520000000000002
cooling_fans_upper,cooling_fans,external_datasheet,16206.0,1.85,0.7231634575579503,0.2768365424420497,1.4463269151159007e-05,2e-05,0.1266982377641529,0.17520000000000002
cooling_fans_upper,cooling_fans,external_datasheet,16644.0,1.9000000000000001,0.7168562117399494,0.28314378826005054,1.433712423479899e-05,2e-05,0.12559320829683915,0.17520000000000002
cooling_fans_upper,cooling_fans,external_datasheet,17082.0,1.9500000000000002,0.7106039760989603,0.28939602390103963,1.4212079521979207e-05,2e-05,0.12449781661253785,0.17520000000000002
cooling_fans_upper,cooling_fans,external_datasheet,17520.0,2.0,0.7044062708503571,0.2955937291496428,1.4088125417007144e-05,2e-05,0.12341197865298258,0.17520000000000002
cooling_fans_upper,cooling_fans,external_datasheet,17958.000000000004,2.0500000000000003,0.6982626203940723,0.3017373796059278,1.3965252407881447e-05,2e-05,0.12233561109304147,0.17520000000000002
cooling_fans_upper,cooling_fans,external_datasheet,18396.0,2.1,0.6921725532780996,0.30782744672190043,1.3843451065561993e-05,2e-05,0.12126863133432306,0.17520000000000002
cooling_fans_upper,cooling_fans,external_datasheet,18834.0,2.15,0.6861356021623162,0.31386439783768383,1.3722712043246325e-05,2e-05,0.12021095749883781,0.17520000000000002
cooling_fans_upper,cooling_fans,external_datasheet,19272.0,2.2,0.6801513037826197,0.3198486962173803,1.3603026075652395e-05,2e-05,0.11916250842271497,0.17520000000000002
cooling_fans_upper,cooling_fans,external_datasheet,19710.0,2.25,0.6742191989153781,0.3257808010846219,1.3484383978307563e-05,2e-05,0.11812320364997425,0.17520000000000002
cooling_fans_upper,cooling_fans,external_datasheet,20148.000000000004,2.3000000000000003,0.66833883234219,0.33166116765781,1.3366776646843801e-05,2e-05,0.1170929634263517,0.17520000000000002
cooling_fans_upper,cooling_fans,external_datasheet,20586.0,2.35,0.6625097528149518,0.33749024718504816,1.3250195056299038e-05,2e-05,0.11607170869317956,0.17520000000000002
cooling_fans_upper,cooling_fans,external_datasheet,21024.000000000004,2.4000000000000004,0.6567315130212299,0.3432684869787701,1.31346302604246e-05,2e-05,0.11505936108131949,0.17520000000000002
cooling_fans_upper,cooling_fans,external_datasheet,21462.0,2.45,0.6510036695499348,0.3489963304500652,1.3020073390998698e-05,2e-05,0.1140558429051486,0.17520000000000002
cooling_fans_upper,cooling_fans,external_datasheet,21900.0,2.5,0.6453257828572945,0.3546742171427055,1.290651565714589e-05,2e-05,0.11306107715659801,0.17520000000000002
cooling_fans_upper,cooling_fans,external_datasheet,22338.000000000004,2.5500000000000003,0.6396974172331249,0.3603025827668751,1.27939483446625e-05,2e-05,0.1120749874992435,0.17520000000000002
cooling_fans_upper,cooling_fans,external_datasheet,22776.0,2.6,0.6341181407673943,0.3658818592326058,1.2682362815347886e-05,2e-05,0.11109749826244748,0.17520000000000002
cooling_fans_upper,cooling_fans,external_datasheet,23214.000000000004,2.6500000000000004,0.6285875253170786,0.3714124746829214,1.2571750506341573e-05,2e-05,0.11012853443555218,0.17520000000000002
cooling_fans_upper,cooling_fans,external_datasheet,23652.0,2.7,0.6231051464733082,0.37689485352669183,1.2462102929466164e-05,2e-05,0.1091680216621236,0.17520000000000002
cooling_fans_upper,cooling_fans,external_datasheet,24090.0,2.75,0.6176705835287976,0.3823294164712024,1.2353411670575951e-05,2e-05,0.10821588623424533,0.17520000000000002
cooling_fans_upper,cooling_fans,external_datasheet,24528.000000000004,2.8000000000000003,0.6122834194455626,0.3877165805544373,1.2245668388911254e-05,2e-05,0.10727205508686258,0.17520000000000002
cooling_fans_upper,cooling_fans,external_datasheet,24966.0,2.85,0.6069432408229174,0.39305675917708266,1.213886481645835e-05,2e-05,0.10633645579217514,0.17520000000000002
cooling_fans_upper,cooling_fans,external_datasheet,25404.000000000004,2.9000000000000004,0.6016496378657499,0.3983503621342501,1.2032992757314999e-05,2e-05,0.10540901655407939,0.17520000000000002
cooling_fans_upper,cooling_fans,external_datasheet,25842.0,2.95,0.5964022043530763,0.40359779564692366,1.1928044087061528e-05,2e-05,0.10448966620265898,0.17520000000000002
cooling_fans_upper,cooling_fans,external_datasheet,26280.0,3.0,0.5912005376068677,0.40879946239313225,1.1824010752137356e-05,2e-05,0.10357833418872324,0.17520000000000002
cooling_fans_upper,cooling_fans,external_datasheet,26718.000000000004,3.0500000000000003,0.5860442384611494,0.4139557615388506,1.1720884769222989e-05,2e-05,0.10267495057839339,0.17520000000000002
cooling_fans_upper,cooling_fans,external_datasheet,27156.0,3.1,0.5809329112313698,0.41906708876863025,1.1618658224627398e-05,2e-05,0.101779446047736,0.17520000000000002
cooling_fans_upper,cooling_fans,external_datasheet,27594.000000000004,3.1500000000000004,0.575866163684036,0.42413383631596396,1.1517323273680721e-05,2e-05,0.10089175187744312,0.17520000000000002
cooling_fans_upper,cooling_fans,external_datasheet,28032.0,3.2,0.5708436070066154,0.4291563929933846,1.1416872140132308e-05,2e-05,0.10001179994755902,0.17520000000000002
cooling_fans_upper,cooling_fans,external_datasheet,28470.0,3.25,0.5658648557776977,0.43413514422230226,1.1317297115553955e-05,2e-05,0.09913952273225264,0.17520000000000002
cooling_fans_upper,cooling_fans,external_datasheet,28908.000000000004,3.3000000000000003,0.5609295279374196,0.43907047206258043,1.1218590558748393e-05,2e-05,0.09827485329463592,0.17520000000000002
cooling_fans_upper,cooling_fans,external_datasheet,29346.0,3.35,0.5560372447581455,0.44396275524185447,1.1120744895162912e-05,2e-05,0.09741772528162711,0.17520000000000002
cooling_fans_upper,cooling_fans,external_datasheet,29784.000000000004,3.4000000000000004,0.5511876308154049,0.4488123691845951,1.10237526163081e-05,2e-05,0.09656807291885895,0.17520000000000002
cooling_fans_upper,cooling_fans,external_datasheet,30222.0,3.45,0.5463803139590832,0.45361968604091685,1.0927606279181665e-05,2e-05,0.09572583100563138,0.17520000000000002
cooling_fans_upper,cooling_fans,external_datasheet,30660.0,3.5,0.5416149252848632,0.4583850747151368,1.0832298505697264e-05,2e-05,0.09489093490990803,0.17520000000000002
cooling_fans_upper,cooling_fans,external_datasheet,31098.000000000004,3.5500000000000003,0.5368910991059166,0.4631089008940834,1.0737821982118332e-05,2e-05,0.09406332056335659,0.17520000000000002
cooling_fans_upper,cooling_fans,external_datasheet,31536.0,3.6,0.5322084729248415,0.4677915270751585,1.0644169458496831e-05,2e-05,0.09324292445643224,0.17520000000000002
cooling_fans_upper,cooling_fans,external_datasheet,31974.000000000004,3.6500000000000004,0.5275666874058451,0.4724333125941549,1.0551333748116903e-05,2e-05,0.09242968363350407,0.17520000000000002
cooling_fans_upper,cooling_fans,external_datasheet,32412.0,3.7,0.5229653863471694,0.4770346136528306,1.0459307726943388e-05,2e-05,0.09162353568802409,0.17520000000000002
cooling_fans_upper,cooling_fans,external_datasheet,32850.0,3.75,0.5184042166537559,0.48159578334624403,1.036808433307512e-05,2e-05,0.09082441875773804,0.17520000000000002
cooling_fans_upper,cooling_fans,external_datasheet,33288.0,3.8000000000000003,0.5138828283101512,0.48611717168984875,1.0277656566203025e-05,2e-05,0.0900322715199385,0.17520000000000002
cooling_fans_upper,cooling_fans,external_datasheet,33726.0,3.85,0.5094008743536463,0.49059912564635366,1.0188017487072928e-05,2e-05,0.08924703318675885,0.17520000000000002
cooling_fans_upper,cooling_fans,external_datasheet,34164.0,3.9000000000000004,0.5049580108476518,0.4950419891523482,1.0099160216953036e-05,2e-05,0.08846864350050859,0.17520000000000002
cooling_fans_upper,cooling_fans,external_datasheet,34602.0,3.95,0.5005538968553049,0.499446103144695,1.0011077937106099e-05,2e-05,0.08769704272904942,0.17520000000000002
cooling_fans_upper,cooling_fans,external_datasheet,35040.0,4.0,0.49618819441330675,0.5038118055866933,9.923763888266135e-06,2e-05,0.08693217166121134,0.17520000000000002
cooling_fans_upper,cooling_fans,external_datasheet,35478.0,4.05,0.49186056850598703,0.508139431494013,9.837211370119742e-06,2e-05,0.08617397160224893,0.17520000000000002
cooling_fans_upper,cooling_fans,external_datasheet,35916.00000000001,4.1000000000000005,0.4875706870395962,0.5124293129604037,9.751413740791926e-06,2e-05,0.08542238436933727,0.17520000000000002
cooling_fans_upper,cooling_fans,external_datasheet,36354.0,4.15,0.4833182208168214,0.5166817791831786,9.666364416336429e-06,2e-05,0.08467735228710711,0.17520000000000002
cooling_fans_upper,cooling_fans,external_datasheet,36792.0,4.2,0.47910284351152355,0.5208971564884765,9.582056870230471e-06,2e-05,0.08393881818321892,0.17520000000000002
cooling_fans_upper,cooling_fans,external_datasheet,37230.0,4.25,0.4749242316436967,0.5250757683563033,9.498484632873935e-06,2e-05,0.08320672538397567,0.17520000000000002
cooling_fans_upper,cooling_fans,external_datasheet,37668.0,4.3,0.4707820645546442,0.5292179354453558,9.415641291092885e-06,2e-05,0.08248101770997367,0.17520000000000002
cooling_fans_upper,cooling_fans,external_datasheet,38106.00000000001,4.3500000000000005,0.46667602438237205,0.5333239756176279,9.333520487647441e-06,2e-05,0.08176163947179159,0.17520000000000002
cooling_fans_upper,cooling_fans,external_datasheet,38544.0,4.4,0.4626057960371974,0.5373942039628026,9.25211592074395e-06,2e-05,0.081048535465717,0.17520000000000002
cooling_fans_upper,cooling_fans,external_datasheet,38982.0,4.45,0.4585710671775678,0.5414289328224322,9.171421343551357e-06,2e-05,0.08034165096950989,0.17520000000000002
cooling_fans_upper,cooling_fans,external_datasheet,39420.0,4.5,0.4545715281860942,0.5454284718139059,9.091430563721885e-06,2e-05,0.0796409317382037,0.17520000000000002
cooling_fans_upper,cooling_fans,external_datasheet,39858.0,4.55,0.45060687214579054,0.5493931278542095,9.012137442915811e-06,2e-05,0.0789463239999425,0.17520000000000002
cooling_fans_upper,cooling_fans,external_datasheet,40296.00000000001,4.6000000000000005,0.44667679481652195,0.5533232051834781,8.93353589633044e-06,2e-05,0.07825777445185465,0.17520000000000002
cooling_fans_upper,cooling_fans,external_datasheet,40734.0,4.65,0.4427809946116579,0.5572190053883421,8.855619892233159e-06,2e-05,0.07757523025596247,0.17520000000000002
cooling_fans_upper,cooling_fans,external_datasheet,41172.0,4.7,0.4389191725749286,0.5610808274250714,8.778383451498572e-06,2e-05,0.07689863903512749,0.17520000000000002
cooling_fans_upper,cooling_fans,external_datasheet,41610.0,4.75,0.43509103235748436,0.5649089676425156,8.701820647149689e-06,2e-05,0.07622794886903127,0.17520000000000002
cooling_fans_upper,cooling_fans,external_datasheet,42048.00000000001,4.800000000000001,0.4312962801951538,0.5687037198048461,8.625925603903077e-06,2e-05,0.07556310829019094,0.17520000000000002
cooling_fans_upper,cooling_fans,external_datasheet,42486.00000000001,4.8500000000000005,0.4275346248859014,0.5724653751140986,8.550692497718028e-06,2e-05,0.07490406628000992,0.17520000000000002
cooling_fans_upper,cooling_fans,external_datasheet,42924.0,4.9,0.42380577776748074,0.5761942222325193,8.476115555349616e-06,2e-05,0.07425077226486264,0.17520000000000002
cooling_fans_upper,cooling_fans,external_datasheet,43362.0,4.95,0.42010945269528316,0.5798905473047169,8.402189053905664e-06,2e-05,0.0736031761122136,0.17520000000000002
cooling_fans_upper,cooling_fans,external_datasheet,43800.0,5.0,0.41644536602038007,0.5835546339796199,8.328907320407602e-06,2e-05,0.0729612281267706,0.17520000000000002
cooling_fans_upper,cooling_fans,external_datasheet,44238.00000000001,5.050000000000001,0.4128132365677557,0.5871867634322443,8.256264731355115e-06,2e-05,0.07232487904667081,0.17520000000000002
cooling_fans_upper,cooling_fans,external_datasheet,44676.00000000001,5.1000000000000005,0.40921278561473073,0.5907872143852693,8.184255712294616e-06,2e-05,0.07169408003970083,0.17520000000000002
cooling_fans_upper,cooling_fans,external_datasheet,45114.0,5.15,0.4056437368695732,0.5943562631304268,8.112874737391465e-06,2e-05,0.07106878269954923,0.17520000000000002
cooling_fans_upper,cooling_fans,external_datasheet,45552.0,5.2,0.40210581645029675,0.5978941835497033,8.042116329005936e-06,2e-05,0.070448939042092,0.17520000000000002
cooling_fans_upper,cooling_fans,external_datasheet,45990.0,5.25,0.39859875286364327,0.6014012471363568,7.971975057272865e-06,2e-05,0.0698345015017103,0.17520000000000002
cooling_fans_upper,cooling_fans,external_datasheet,46428.00000000001,5.300000000000001,0.3951222769842489,0.604877723015751,7.902445539684978e-06,2e-05,0.0692254229276404,0.17520000000000002
cooling_fans_upper,cooling_fans,external_datasheet,46866.00000000001,5.3500000000000005,0.3916761220339925,0.6083238779660075,7.83352244067985e-06,2e-05,0.06862165658035549,0.17520000000000002
cooling_fans_upper,cooling_fans,external_datasheet,47304.0,5.4,0.38826002356152284,0.6117399764384772,7.765200471230458e-06,2e-05,0.06802315612797881,0.17520000000000002
cooling_fans_upper,cooling_fans,external_datasheet,47742.0,5.45,0.38487371942196513,0.6151262805780349,7.697474388439304e-06,2e-05,0.0674298756427283,0.17520000000000002
cooling_fans_upper,cooling_fans,external_datasheet,48180.0,5.5,0.38151694975680533,0.6184830502431947,7.630338995136107e-06,2e-05,0.0668417695973923,0.17520000000000002
cooling_fans_upper,cooling_fans,external_datasheet,48618.00000000001,5.550000000000001,0.37818945697394823,0.6218105430260518,7.563789139478965e-06,2e-05,0.06625879286183574,0.17520000000000002
cooling_fans_upper,cooling_fans,external_datasheet,49056.00000000001,5.6000000000000005,0.3748909857279508,0.6251090142720491,7.497819714559017e-06,2e-05,0.06568090069953698,0.17520000000000002
cooling_fans_upper,cooling_fans,external_datasheet,49494.0,5.65,0.3716212829004275,0.6283787170995725,7.432425658008551e-06,2e-05,0.06510804876415491,0.17520000000000002
cooling_fans_upper,cooling_fans,external_datasheet,49932.0,5.7,0.36838009758062584,0.6316199024193742,7.367601951612518e-06,2e-05,0.06454019309612566,0.17520000000000002
cooling_fans_upper,cooling_fans,external_datasheet,50370.0,5.75,0.36516718104617285,0.6348328189538271,7.303343620923458e-06,2e-05,0.06397729011928949,0.17520000000000002
cooling_fans_upper,cooling_fans,external_datasheet,50808.00000000001,5.800000000000001,0.36198228674398797,0.6380177132560121,7.23964573487976e-06,2e-05,0.0634192966375467,0.17520000000000002
cooling_fans_upper,cooling_fans,external_datasheet,51246.00000000001,5.8500000000000005,0.3588251702713633,0.6411748297286367,7.1765034054272665e-06,2e-05,0.06286616983154285,0.17520000000000002
cooling_fans_upper,cooling_fans,external_datasheet,51684.0,5.9,0.35569558935720863,0.6443044106427914,7.113911787144173e-06,2e-05,0.06231786725538296,0.17520000000000002
cooling_fans_upper,cooling_fans,external_datasheet,52122.0,5.95,0.35259330384345977,0.6474066961565402,7.051866076869196e-06,2e-05,0.061774346833374155,0.17520000000000002
cooling_fans_upper,cooling_fans,external_datasheet,52560.0,6.0,0.34951807566664944,0.6504819243333506,6.9903615133329895e-06,2e-05,0.061235566856796986,0.17520000000000002
cooling_fans_upper,cooling_fans,external_datasheet,52998.00000000001,6.050000000000001,0.3464696688396389,0.6535303311603611,6.9293933767927794e-06,2e-05,0.060701485980704746,0.17520000000000002
cooling_fans_upper,cooling_fans,external_datasheet,53436.00000000001,6.1000000000000005,0.3434478494335085,0.6565521505664915,6.86895698867017e-06,2e-05,0.060172063220750686,0.17520000000000002
cooling_fans_upper,cooling_fans,external_datasheet,53874.0,6.15,0.34045238555960666,0.6595476144403933,6.809047711192134e-06,2e-05,0.05964725795004309,0.17520000000000002
cooling_fans_upper,cooling_fans,external_datasheet,54312.0,6.2,0.33748304735175455,0.6625169526482454,6.7496609470350916e-06,2e-05,0.0591270298960274,0.17520000000000002
cooling_fans_upper,cooling_fans,external_datasheet,54750.0,6.25,0.33453960694860757,0.6654603930513925,6.690792138972152e-06,2e-05,0.05861133913739605,0.17520000000000002
cooling_fans_upper,cooling_fans,external_datasheet,55188.00000000001,6.300000000000001,0.33162183847616894,0.668378161523831,6.632436769523379e-06,2e-05,0.058100146101024805,0.17520000000000002
cooling_fans_upper,cooling_fans,external_datasheet,55626.00000000001,6.3500000000000005,0.3287295180304571,0.6712704819695429,6.574590360609142e-06,2e-05,0.05759341155893609,0.17520000000000002
cooling_fans_upper,cooling_fans,external_datasheet,56064.0,6.4,0.32586242366032314,0.6741375763396769,6.5172484732064634e-06,2e-05,0.05709109662528862,0.17520000000000002
cooling_fans_upper,cooling_fans,external_datasheet,56502.0,6.45,0.32302033535041913,0.6769796646495808,6.460406707008383e-06,2e-05,0.05659316275339343,0.17520000000000002
cooling_fans_upper,cooling_fans,external_datasheet,56940.0,6.5,0.3202030350043147,0.6797969649956853,6.404060700086294e-06,2e-05,0.05609957173275594,0.17520000000000002
cooling_fans_upper,cooling_fans,external_datasheet,57378.00000000001,6.550000000000001,0.31741030642776,0.68258969357224,6.348206128555201e-06,2e-05,0.05561028568614356,0.17520000000000002
cooling_fans_upper,cooling_fans,external_datasheet,57816.00000000001,6.6000000000000005,0.3146419353120964,0.6853580646879036,6.292838706241928e-06,2e-05,0.05512526706667929,0.17520000000000002
cooling_fans_upper,cooling_fans,external_datasheet,58254.0,6.65,0.31189770921781,0.68810229078219,6.237954184356201e-06,2e-05,0.054644478654960325,0.17520000000000002
cooling_fans_upper,cooling_fans,external_datasheet,58692.0,6.7,0.30917741755822986,0.6908225824417702,6.183548351164598e-06,2e-05,0.054167883556201876,0.17520000000000002
cooling_fans_upper,cooling_fans,external_datasheet,59130.0,6.75,0.3064808515833677,0.6935191484166323,6.129617031667355e-06,2e-05,0.05369544519740602,0.17520000000000002
cooling_fans_upper,cooling_fans,external_datasheet,59568.00000000001,6.800000000000001,0.3038078043638991,0.6961921956361009,6.076156087277983e-06,2e-05,0.053227127324555125,0.17520000000000002
cooling_fans_upper,cooling_fans,external_datasheet,60006.00000000001,6.8500000000000005,0.3011580707752841,0.6988419292247159,6.023161415505683e-06,2e-05,0.05276289399982978,0.17520000000000002
cooling_fans_upper,cooling_fans,external_datasheet,60444.0,6.9,0.2985314474820263,0.7014685525179737,5.970628949640527e-06,2e-05,0.05230270959885102,0.17520000000000002
cooling_fans_upper,cooling_fans,external_datasheet,60882.0,6.95,0.295927732922069,0.704072267077931,5.9185546584413796e-06,2e-05,0.051846538807946485,0.17520000000000002
cooling_fans_upper,cooling_fans,external_datasheet,61320.0,7.0,0.29334672729132794,0.7066532727086721,5.866934545826559e-06,2e-05,0.051394346621440656,0.17520000000000002
cooling_fans_upper,cooling_fans,external_datasheet,61758.00000000001,7.050000000000001,0.29078823252835906,0.7092117674716409,5.8157646505671815e-06,2e-05,0.05094609833896851,0.17520000000000002
cooling_fans_upper,cooling_fans,external_datasheet,62196.00000000001,7.1000000000000005,0.2882520522991592,0.7117479477008408,5.765041045983184e-06,2e-05,0.05050175956281269,0.17520000000000002
cooling_fans_upper,cooling_fans,external_datasheet,62634.0,7.15,0.28573799198209965,0.7142620080179003,5.714759839641994e-06,2e-05,0.050061296195263866,0.17520000000000002
cooling_fans_upper,cooling_fans,external_datasheet,63072.0,7.2,0.28324585865299173,0.7167541413470082,5.664917173059835e-06,2e-05,0.04962467443600416,0.17520000000000002
cooling_fans_upper,cooling_fans,external_datasheet,63510.0,7.25,0.2807754610702821,0.7192245389297179,5.6155092214056425e-06,2e-05,0.04919186077951343,0.17520000000000002
cooling_fans_upper,cooling_fans,external_datasheet,63948.00000000001,7.300000000000001,0.2783266096603767,0.7216733903396233,5.566532193207534e-06,2e-05,0.048762822012498,0.17520000000000002
cooling_fans_upper,cooling_fans,external_datasheet,64386.00000000001,7.3500000000000005,0.2758991165030941,0.7241008834969059,5.517982330061883e-06,2e-05,0.048337525211342096,0.17520000000000002
cooling_fans_upper,cooling_fans,external_datasheet,64824.0,7.4,0.27349279531724413,0.7265072046827559,5.469855906344883e-06,2e-05,0.04791593773958117,0.17520000000000002
cooling_fans_upper,cooling_fans,external_datasheet,65262.0,7.45,0.27110746144633313,0.7288925385536669,5.422149228926663e-06,2e-05,0.04749802724539757,0.17520000000000002
cooling_fans_upper,cooling_fans,external_datasheet,65700.0,7.5,0.26874293184439435,0.7312570681556056,5.374858636887887e-06,2e-05,0.04708376165913789,0.17520000000000002
cooling_fans_upper,cooling_fans,external_datasheet,66138.0,7.550000000000001,0.2663990250619405,0.7336009749380595,5.327980501238811e-06,2e-05,0.046673109190851984,0.17520000000000002
cooling_fans_upper,cooling_fans,external_datasheet,66576.0,7.6000000000000005,0.2640755612320404,0.7359244387679597,5.281511224640809e-06,2e-05,0.04626603832785348,0.17520000000000002
cooling_fans_upper,cooling_fans,external_datasheet,67014.0,7.65,0.2617723620565157,0.7382276379434842,5.235447241130315e-06,2e-05,0.04586251783230156,0.17520000000000002
cooling_fans_upper,cooling_fans,external_datasheet,67452.0,7.7,0.2594892507922594,0.7405107492077406,5.1897850158451875e-06,2e-05,0.04546251673880384,0.17520000000000002
cooling_fans_upper,cooling_fans,external_datasheet,67890.0,7.75,0.25722605223767186,0.7427739477623282,5.144521044753438e-06,2e-05,0.04506600435204011,0.17520000000000002
cooling_fans_upper,cooling_fans,external_datasheet,68328.0,7.800000000000001,0.25498259271921725,0.7450174072807828,5.099651854384345e-06,2e-05,0.044672950244406866,0.17520000000000002
cooling_fans_upper,cooling_fans,external_datasheet,68766.0,7.8500000000000005,0.25275870007809553,0.7472412999219045,5.055174001561911e-06,2e-05,0.04428332425368234,0.17520000000000002
cooling_fans_upper,cooling_fans,external_datasheet,69204.0,7.9,0.2505542036570313,0.7494457963429687,5.0110840731406264e-06,2e-05,0.04389709648071189,0.17520000000000002
cooling_fans_upper,cooling_fans,external_datasheet,69642.0,7.95,0.2483689342871784,0.7516310657128216,4.9673786857435685e-06,2e-05,0.043514237287113657,0.17520000000000002
cooling_fans_upper,cooling_fans,external_datasheet,70080.0,8.0,0.2462027242751375,0.7537972757248625,4.9240544855027504e-06,2e-05,0.043134717293004096,0.17520000000000002
cooling_fans_upper,cooling_fans,external_datasheet,70518.0,8.05,0.2440554073900883,0.7559445926099118,4.881108147801766e-06,2e-05,0.042758507374743474,0.17520000000000002
cooling_fans_upper,cooling_fans,external_datasheet,70956.0,8.1,0.24192681885103273,0.7580731811489673,4.838536377020655e-06,2e-05,0.04238557866270094,0.17520000000000002
cooling_fans_upper,cooling_fans,external_datasheet,71394.0,8.15,0.2398167953141505,0.7601832046858494,4.79633590628301e-06,2e-05,0.04201590253903917,0.17520000000000002
cooling_fans_upper,cooling_fans,external_datasheet,71832.00000000001,8.200000000000001,0.23772517486026387,0.7622748251397361,4.754503497205278e-06,2e-05,0.04164945063551823,0.17520000000000002
cooling_fans_upper,cooling_fans,external_datasheet,72270.0,8.25,0.23565179698241293,0.7643482030175871,4.7130359396482585e-06,2e-05,0.04128619483131874,0.17520000000000002
cooling_fans_upper,cooling_fans,external_datasheet,72708.0,8.3,0.23359650257353773,0.7664034974264623,4.671930051470755e-06,2e-05,0.04092610725088381,0.17520000000000002
cooling_fans_upper,cooling_fans,external_datasheet,73146.0,8.35,0.23155913391426955,0.7684408660857305,4.6311826782853915e-06,2e-05,0.04056916026178003,0.17520000000000002
cooling_fans_upper,cooling_fans,external_datasheet,73584.0,8.4,0.22953953466082744,0.7704604653391726,4.590790693216549e-06,2e-05,0.04021532647257697,0.17520000000000002
cooling_fans_upper,cooling_fans,external_datasheet,74022.00000000001,8.450000000000001,0.2275375498330205,0.7724624501669795,4.55075099666041e-06,2e-05,0.03986457873074519,0.17520000000000002
cooling_fans_upper,cooling_fans,external_datasheet,74460.0,8.5,0.22555302580235567,0.7744469741976443,4.511060516047114e-06,2e-05,0.03951689012057272,0.17520000000000002
cooling_fans_upper,cooling_fans,external_datasheet,74898.0,8.55,0.22358581028024757,0.7764141897197524,4.471716205604952e-06,2e-05,0.03917223396109938,0.17520000000000002
cooling_fans_upper,cooling_fans,external_datasheet,75336.0,8.6,0.22163575230633317,0.7783642476936669,4.432715046126664e-06,2e-05,0.03883058380406958,0.17520000000000002
cooling_fans_upper,cooling_fans,external_datasheet,75774.0,8.65,0.21970270223688662,0.7802972977631134,4.394054044737732e-06,2e-05,0.03849191343190254,0.17520000000000002
cooling_fans_upper,cooling_fans,external_datasheet,76212.00000000001,8.700000000000001,0.21778651173333632,0.7822134882666637,4.355730234666727e-06,2e-05,0.03815619685568052,0.17520000000000002
cooling_fans_upper,cooling_fans,external_datasheet,76650.0,8.75,0.2158870337508818,0.7841129662491182,4.3177406750176365e-06,2e-05,0.0378234083131545,0.17520000000000002
cooling_fans_upper,cooling_fans,external_datasheet,77088.0,8.8,0.21400412252720907,0.7859958774727909,4.280082450544182e-06,2e-05,0.03749352226676703,0.17520000000000002
cooling_fans_upper,cooling_fans,external_datasheet,77526.0,8.85,0.21213763357130588,0.7878623664286941,4.242752671426118e-06,2e-05,0.037166513401692795,0.17520000000000002
cooling_fans_upper,cooling_fans,external_datasheet,77964.0,8.9,0.2102874236523734,0.7897125763476266,4.205748473047469e-06,2e-05,0.036842356623895824,0.17520000000000002
cooling_fans_upper,cooling_fans,external_datasheet,78402.00000000001,8.950000000000001,0.20845335078883503,0.791546649211165,4.169067015776701e-06,2e-05,0.036521027058203905,0.17520000000000002
cooling_fans_upper,cooling_fans,external_datasheet,78840.0,9.0,0.20663527423744102,0.793364725762559,4.1327054847488206e-06,2e-05,0.03620250004639967,0.17520000000000002
cooling_fans_upper,cooling_fans,external_datasheet,79278.0,9.05,0.204833054482468,0.795166945517532,4.09666108964936e-06,2e-05,0.03588675114532839,0.17520000000000002
cooling_fans_upper,cooling_fans,external_datasheet,79716.0,9.1,0.20304655322501283,0.7969534467749871,4.060931064500257e-06,2e-05,0.035573756125022254,0.17520000000000002
cooling_fans_upper,cooling_fans,external_datasheet,80154.0,9.15,0.20127563337238008,0.7987243666276199,4.025512667447602e-06,2e-05,0.03526349096684099,0.17520000000000002
cooling_fans_upper,cooling_fans,external_datasheet,80592.00000000001,9.200000000000001,0.19952015902756123,0.8004798409724387,3.990403180551225e-06,2e-05,0.034955931861628736,0.17520000000000002
cooling_fans_upper,cooling_fans,external_datasheet,81030.0,9.25,0.19777999547880706,0.8022200045211929,3.955599909576142e-06,2e-05,0.034651055207887006,0.17520000000000002
cooling_fans_upper,cooling_fans,external_datasheet,81468.0,9.3,0.19605500918928898,0.803944990810711,3.92110018378578e-06,2e-05,0.03434883760996343,0.17520000000000002
cooling_fans_upper,cooling_fans,external_datasheet,81906.0,9.35,0.19434506778685276,0.8056549322131472,3.886901355737056e-06,2e-05,0.03404925587625661,0.17520000000000002
cooling_fans_upper,cooling_fans,external_datasheet,82344.0,9.4,0.19265004005385994,0.80734995994614,3.8530008010771995e-06,2e-05,0.03375228701743627,0.17520000000000002
cooling_fans_upper,cooling_fans,external_datasheet,82782.00000000001,9.450000000000001,0.19096979591711846,0.8090302040828815,3.81939591834237e-06,2e-05,0.03345790824467916,0.17520000000000002
cooling_fans_upper,cooling_fans,external_datasheet,83220.0,9.5,0.18930420643790152,0.8106957935620985,3.7860841287580306e-06,2e-05,0.03316609696792035,0.17520000000000002
cooling_fans_upper,cooling_fans,external_datasheet,83658.0,9.55,0.18765314380205234,0.8123468561979477,3.753062876041047e-06,2e-05,0.03287683079411957,0.17520000000000002
cooling_fans_upper,cooling_fans,external_datasheet,84096.00000000001,9.600000000000001,0.18601648131017665,0.8139835186898233,3.7203296262035334e-06,2e-05,0.03259008752554295,0.17520000000000002
cooling_fans_upper,cooling_fans,external_datasheet,84534.0,9.65,0.1843940933679198,0.8156059066320802,3.687881867358396e-06,2e-05,0.03230584515805955,0.17520000000000002
cooling_fans_upper,cooling_fans,external_datasheet,84972.00000000001,9.700000000000001,0.18278585547632842,0.8172141445236716,3.6557171095265687e-06,2e-05,0.03202408187945274,0.17520000000000002
cooling_fans_upper,cooling_fans,external_datasheet,85410.0,9.75,0.1811916442222976,0.8188083557777024,3.6238328844459525e-06,2e-05,0.03174477606774655,0.17520000000000002
cooling_fans_upper,cooling_fans,external_datasheet,85848.0,9.8,0.17961133726909928,0.8203886627309007,3.592226745381986e-06,2e-05,0.031467906289546196,0.17520000000000002
cooling_fans_upper,cooling_fans,external_datasheet,86286.00000000001,9.850000000000001,0.1780448133469951,0.8219551866530049,3.5608962669399024e-06,2e-05,0.031193451298393543,0.17520000000000002
cooling_fans_upper,cooling_fans,external_datasheet,86724.0,9.9,0.17649195224393036,0.8235080477560697,3.529839044878607e-06,2e-05,0.030921390033136598,0.17520000000000002
cooling_fans_upper,cooling_fans,external_datasheet,87162.00000000001,9.950000000000001,0.1749526347963087,0.8250473652036913,3.4990526959261743e-06,2e-05,0.03065170161631329,0.17520000000000002
cooling_fans_upper,cooling_fans,external_datasheet,87600.0,10.0,0.1734267428798483,0.8265732571201517,3.4685348575969664e-06,2e-05,0.030384365352549427,0.17520000000000002
cooling_fans_upper,cooling_fans,external_datasheet,88038.0,10.05,0.1719141594005168,0.8280858405994832,3.438283188010336e-06,2e-05,0.030119360726970544,0.17520000000000002
cooling_fans_upper,cooling_fans,external_datasheet,88476.00000000001,10.100000000000001,0.17041476828554583,0.8295852317144542,3.408295365710917e-06,2e-05,0.02985666740362763,0.17520000000000002
cooling_fans_upper,cooling_fans,external_datasheet,88914.0,10.15,0.16892845447452418,0.8310715455254758,3.378569089490484e-06,2e-05,0.02959626522393664,0.17520000000000002
cooling_fans_upper,cooling_fans,external_datasheet,89352.00000000001,10.200000000000001,0.16745510391056756,0.8325448960894325,3.3491020782113516e-06,2e-05,0.02933813420513144,0.17520000000000002
cooling_fans_upper,cooling_fans,external_datasheet,89790.0,10.25,0.16599460353156695,0.8340053964684331,3.3198920706313394e-06,2e-05,0.029082254538730534,0.17520000000000002
cooling_fans_upper,cooling_fans,external_datasheet,90228.0,10.3,0.16454684126151156,0.8354531587384885,3.2909368252302314e-06,2e-05,0.028828606589016828,0.17520000000000002
cooling_fans_upper,cooling_fans,external_datasheet,90666.00000000001,10.350000000000001,0.16311170600188904,0.8368882939981109,3.262234120037781e-06,2e-05,0.028577170891530963,0.17520000000000002
cooling_fans_upper,cooling_fans,external_datasheet,91104.0,10.4,0.16168908762315976,0.8383109123768402,3.2337817524631955e-06,2e-05,0.028327928151577593,0.17520000000000002
cooling_fans_upper,cooling_fans,external_datasheet,91542.00000000001,10.450000000000001,0.16027887695630527,0.8397211230436947,3.2055775391261056e-06,2e-05,0.028080859242744685,0.17520000000000002
cooling_fans_upper,cooling_fans,external_datasheet,91980.0,10.5,0.15888096578445177,0.8411190342155482,3.1776193156890356e-06,2e-05,0.027835945205435954,0.17520000000000002
cooling_fans_upper,cooling_fans,external_datasheet,92418.0,10.55,0.15749524683456465,0.8425047531654354,3.149904936691293e-06,2e-05,0.027593167245415728,0.17520000000000002
cooling_fans_upper,cooling_fans,external_datasheet,92856.00000000001,10.600000000000001,0.15612161376921752,0.8438783862307825,3.1224322753843508e-06,2e-05,0.027352506732366912,0.17520000000000002
cooling_fans_upper,cooling_fans,external_datasheet,93294.0,10.65,0.15475996117843172,0.8452400388215683,3.0951992235686347e-06,2e-05,0.02711394519846124,0.17520000000000002
cooling_fans_upper,cooling_fans,external_datasheet,93732.00000000001,10.700000000000001,0.153410184571587,0.846589815428413,3.0682036914317404e-06,2e-05,0.026877464336942047,0.17520000000000002
cooling_fans_upper,cooling_fans,external_datasheet,94170.0,10.75,0.15207218036940384,0.8479278196305962,3.041443607388077e-06,2e-05,0.026643046000719556,0.17520000000000002
cooling_fans_upper,cooling_fans,external_datasheet,94608.0,10.8,0.15074584589599427,0.8492541541040057,3.014916917919886e-06,2e-05,0.0264106722009782,0.17520000000000002
cooling_fans_upper,cooling_fans,external_datasheet,95046.00000000001,10.850000000000001,0.14943107937098307,0.8505689206290169,2.9886215874196618e-06,2e-05,0.026180325105796237,0.17520000000000002
cooling_fans_upper,cooling_fans,external_datasheet,95484.0,10.9,0.14812777990169754,0.8518722200983024,2.962555598033951e-06,2e-05,0.02595198703877741,0.17520000000000002
cooling_fans_upper,cooling_fans,external_datasheet,95922.00000000001,10.950000000000001,0.14683584747542464,0.8531641525245753,2.936716949508493e-06,2e-05,0.0257256404776944,0.17520000000000002
cooling_fans_upper,cooling_fans,external_datasheet,96360.0,11.0,0.14555518295173672,0.8544448170482632,2.9111036590347345e-06,2e-05,0.025501268053144274,0.17520000000000002
cooling_fans_upper,cooling_fans,external_datasheet,96798.0,11.05,0.14428568805488332,0.8557143119451167,2.8857137610976667e-06,2e-05,0.025278852547215562,0.17520000000000002
cooling_fans_upper,cooling_fans,external_datasheet,97236.00000000001,11.100000000000001,0.14302726536624982,0.8569727346337501,2.8605453073249965e-06,2e-05,0.02505837689216697,0.17520000000000002
cooling_fans_upper,cooling_fans,external_datasheet,97674.0,11.15,0.14177981831688194,0.8582201816831181,2.835596366337639e-06,2e-05,0.024839824169117716,0.17520000000000002
cooling_fans_upper,cooling_fans,external_datasheet,98112.00000000001,11.200000000000001,0.14054325118007466,0.8594567488199254,2.8108650236014933e-06,2e-05,0.02462317760674908,0.17520000000000002
cooling_fans_upper,cooling_fans,external_datasheet,98550.0,11.25,0.13931746906402698,0.860682530935973,2.7863493812805396e-06,2e-05,0.024408420580017527,0.17520000000000002
cooling_fans_upper,cooling_fans,external_datasheet,98988.0,11.3,0.13810237790455956,0.8618976220954404,2.7620475580911915e-06,2e-05,0.024195536608878836,0.17520000000000002
cooling_fans_upper,cooling_fans,external_datasheet,99426.00000000001,11.350000000000001,0.1368978844578968,0.8631021155421031,2.737957689157936e-06,2e-05,0.02398450935702352,0.17520000000000002
cooling_fans_upper,cooling_fans,external_datasheet,99864.0,11.4,0.13570389629351143,0.8642961037064886,2.714077925870229e-06,2e-05,0.023775322630623204,0.17520000000000002
cooling_fans_upper,cooling_fans,external_datasheet,100302.00000000001,11.450000000000001,0.1345203217870312,0.8654796782129688,2.690406435740624e-06,2e-05,0.023567960377087863,0.17520000000000002
cooling_fans_upper,cooling_fans,external_datasheet,100740.0,11.5,0.1333470701132084,0.8666529298867917,2.6669414022641683e-06,2e-05,0.023362406683834113,0.17520000000000002
cooling_fans_upper,cooling_fans,external_datasheet,101178.0,11.55,0.1321840512389495,0.8678159487610505,2.6436810247789903e-06,2e-05,0.023158645777063957,0.17520000000000002
cooling_fans_upper,cooling_fans,external_datasheet,101616.00000000001,11.600000000000001,0.13103117591640673,0.8689688240835933,2.620623518328135e-06,2e-05,0.022956662020554464,0.17520000000000002
cooling_fans_upper,cooling_fans,external_datasheet,102054.0,11.65,0.12988835567612897,0.870111644323871,2.5977671135225795e-06,2e-05,0.022756439914457798,0.17520000000000002
cooling_fans_upper,cooling_fans,external_datasheet,102492.00000000001,11.700000000000001,0.12875550282027284,0.8712444971797272,2.575110056405457e-06,2e-05,0.022557964094111805,0.17520000000000002
cooling_fans_upper,cooling_fans,external_datasheet,102930.0,11.75,0.12763253041587333,0.8723674695841267,2.552650608317467e-06,2e-05,0.02236121932886101,0.17520000000000002
cooling_fans_upper,cooling_fans,external_datasheet,103368.0,11.8,0.126519352288172,0.873480647711828,2.53038704576344e-06,2e-05,0.022166190520887735,0.17520000000000002
cooling_fans_upper,cooling_fans,external_datasheet,103806.00000000001,11.850000000000001,0.12541588301400472,0.8745841169859953,2.5083176602800946e-06,2e-05,0.021972862704053627,0.17520000000000002
cooling_fans_upper,cooling_fans,external_datasheet,104244.0,11.9,0.12432203791524633,0.8756779620847537,2.486440758304927e-06,2e-05,0.02178122104275116,0.17520000000000002
cooling_fans_upper,cooling_fans,external_datasheet,104682.00000000001,11.950000000000001,0.12323773305231223,0.8767622669476878,2.464754661046245e-06,2e-05,0.021591250830765105,0.17520000000000002
cooling_fans_upper,cooling_fans,external_datasheet,105120.0,12.0,0.12216288521771768,0.8778371147822823,2.4432577043543535e-06,2e-05,0.021402937490144137,0.17520000000000002
cooling_fans_upper,cooling_fans,external_datasheet,105558.0,12.05,0.12109741192969188,0.8789025880703081,2.4219482385938378e-06,2e-05,0.021216266570082017,0.17520000000000002
cooling_fans_upper,cooling_fans,external_datasheet,105996.00000000001,12.100000000000001,0.12004123142584905,0.8799587685741509,2.400824628516981e-06,2e-05,0.021031223745808753,0.17520000000000002
cooling_fans_upper,cooling_fans,external_datasheet,106434.0,12.15,0.1189942626569139,0.8810057373430861,2.379885253138278e-06,2e-05,0.020847794817491317,0.17520000000000002
cooling_fans_upper,cooling_fans,external_datasheet,106872.00000000001,12.200000000000001,0.11795642528050193,0.8820435747194981,2.359128505610039e-06,2e-05,0.020665965709143943,0.17520000000000002
cooling_fans_upper,cooling_fans,external_datasheet,107310.0,12.25,0.11692763965495458,0.8830723603450454,2.3385527930990915e-06,2e-05,0.020485722467548043,0.17520000000000002
cooling_fans_upper,cooling_fans,external_datasheet,107748.0,12.3,0.11590782683322708,0.8840921731667729,2.318156536664542e-06,2e-05,0.020307051261181385,0.17520000000000002
cooling_fans_upper,cooling_fans,external_datasheet,108186.00000000001,12.350000000000001,0.11489690855683048,0.8851030914431696,2.2979381711366096e-06,2e-05,0.0201299383791567,0.17520000000000002
cooling_fans_upper,cooling_fans,external_datasheet,108624.0,12.4,0.1138948072498266,0.8861051927501734,2.2778961449965324e-06,2e-05,0.019954370230169622,0.17520000000000002
cooling_fans_upper,cooling_fans,external_datasheet,109062.00000000001,12.450000000000001,0.11290144601287427,0.8870985539871257,2.258028920257486e-06,2e-05,0.019780333341455576,0.17520000000000002
cooling_fans_upper,cooling_fans,external_datasheet,109500.0,12.5,0.11191674861732882,0.8880832513826712,2.2383349723465767e-06,2e-05,0.019607814357756014,0.17520000000000002
cooling_fans_upper,cooling_fans,external_datasheet,109938.0,12.55,0.11094063949939223,0.8890593605006077,2.218812789987845e-06,2e-05,0.019436800040293523,0.17520000000000002
cooling_fans_upper,cooling_fans,external_datasheet,110376.00000000001,12.600000000000001,0.1099730437543143,0.8900269562456857,2.1994608750862863e-06,2e-05,0.019267277265755868,0.17520000000000002
cooling_fans_upper,cooling_fans,external_datasheet,110814.0,12.65,0.10901388713064514,0.8909861128693548,2.180277742612903e-06,2e-05,0.019099233025289028,0.17520000000000002
cooling_fans_upper,cooling_fans,external_datasheet,111252.00000000001,12.700000000000001,0.10806309602453662,0.8919369039754633,2.1612619204907327e-06,2e-05,0.01893265442349882,0.17520000000000002
cooling_fans_upper,cooling_fans,external_datasheet,111690.0,12.75,0.10712059747409468,0.8928794025259054,2.1424119494818936e-06,2e-05,0.018767528677461388,0.17520000000000002
cooling_fans_upper,cooling_fans,external_datasheet,112128.0,12.8,0.10618631915377993,0.89381368084622,2.1237263830755987e-06,2e-05,0.018603843115742244,0.17520000000000002
cooling_fans_upper,cooling_fans,external_datasheet,112566.00000000001,12.850000000000001,0.10526018936885789,0.894739810631142,2.105203787377158e-06,2e-05,0.018441585177423905,0.17520000000000002
cooling_fans_upper,cooling_fans,external_datasheet,113004.0,12.9,0.10434213704989725,0.8956578629501027,2.086842740997945e-06,2e-05,0.018280742411141998,0.17520000000000002
cooling_fans_upper,cooling_fans,external_datasheet,113442.00000000001,12.950000000000001,0.1034320917473157,0.8965679082526843,2.068641834946314e-06,2e-05,0.01812130247412971,0.17520000000000002
cooling_fans_upper,cooling_fans,external_datasheet,113880.0,13.0,0.10252998362597436,0.8974700163740257,2.0505996725194874e-06,2e-05,0.017963253131270708,0.17520000000000002
cooling_fans_upper,cooling_fans,external_datasheet,114318.0,13.05,0.10163574345981828,0.8983642565401817,2.0327148691963656e-06,2e-05,0.017806582254160163,0.17520000000000002
cooling_fans_upper,cooling_fans,external_datasheet,114756.00000000001,13.100000000000001,0.10074930262656451,0.8992506973734354,2.0149860525312904e-06,2e-05,0.017651277820174102,0.17520000000000002
cooling_fans_upper,cooling_fans,external_datasheet,115194.0,13.15,0.09987059310243596,0.900129406897564,1.9974118620487194e-06,2e-05,0.017497327911546783,0.17520000000000002
cooling_fans_upper,cooling_fans,external_datasheet,115632.00000000001,13.200000000000001,0.09899954745694144,0.9010004525430586,1.979990949138829e-06,2e-05,0.01734472071445614,0.17520000000000002
cooling_fans_upper,cooling_fans,external_datasheet,116070.0,13.25,0.09813609884770125,0.9018639011522988,1.962721976954025e-06,2e-05,0.01719344451811726,0.17520000000000002
cooling_fans_upper,cooling_fans,external_datasheet,116508.0,13.3,0.09728018101531756,0.9027198189846825,1.9456036203063515e-06,2e-05,0.01704348771388364,0.17520000000000002
cooling_fans_upper,cooling_fans,external_datasheet,116946.00000000001,13.350000000000001,0.09643172827829018,0.9035682717217098,1.9286345655658036e-06,2e-05,0.01689483879435644,0.17520000000000002
cooling_fans_upper,cooling_fans,external_datasheet,117384.0,13.4,0.09559067552797601,0.9044093244720239,1.9118135105595205e-06,2e-05,0.0167474863525014,0.17520000000000002
cooling_fans_upper,cooling_fans,external_datasheet,117822.00000000001,13.450000000000001,0.09475695822359269,0.9052430417764074,1.895139164471854e-06,2e-05,0.01660141908077344,0.17520000000000002
cooling_fans_upper,cooling_fans,external_datasheet,118260.0,13.5,0.09393051238726624,0.9060694876127338,1.878610247745325e-06,2e-05,0.016456625770249048,0.17520000000000002
cooling_fans_upper,cooling_fans,external_datasheet,118698.0,13.55,0.09311127459912096,0.9068887254008791,1.8622254919824193e-06,2e-05,0.016313095309765994,0.17520000000000002
cooling_fans_upper,cooling_fans,external_datasheet,119136.00000000001,13.600000000000001,0.09229918199241319,0.9077008180075868,1.845983639848264e-06,2e-05,0.016170816685070793,0.17520000000000002
cooling_fans_upper,cooling_fans,external_datasheet,119574.0,13.65,0.09149417224870685,0.9085058277512932,1.8298834449741371e-06,2e-05,0.01602977897797344,0.17520000000000002
cooling_fans_upper,cooling_fans,external_datasheet,120012.00000000001,13.700000000000001,0.09069618359309105,0.9093038164069089,1.8139236718618212e-06,2e-05,0.015889971365509552,0.17520000000000002
cooling_fans_upper,cooling_fans,external_datasheet,120450.0,13.75,0.08990515478944011,0.9100948452105598,1.7981030957888023e-06,2e-05,0.015751383119109907,0.17520000000000002
cooling_fans_upper,cooling_fans,external_datasheet,120888.0,13.8,0.08912102513571382,0.9108789748642862,1.7824205027142765e-06,2e-05,0.015614003603777063,0.17520000000000002
cooling_fans_upper,cooling_fans,external_datasheet,121326.00000000001,13.850000000000001,0.08834373445929972,0.9116562655407002,1.7668746891859944e-06,2e-05,0.01547782227726931,0.17520000000000002
cooling_fans_upper,cooling_fans,external_datasheet,121764.0,13.9,0.08757322311239538,0.9124267768876047,1.7514644622479076e-06,2e-05,0.01534282868929167,0.17520000000000002
cooling_fans_upper,cooling_fans,external_datasheet,122202.00000000001,13.950000000000001,0.08680943196743106,0.9131905680325689,1.7361886393486214e-06,2e-05,0.015209012480693923,0.17520000000000002
cooling_fans_upper,cooling_fans,external_datasheet,122640.0,14.0,0.08605230241253273,0.9139476975874673,1.7210460482506547e-06,2e-05,0.015076363382675735,0.17520000000000002
cooling_fans_upper,cooling_fans,external_datasheet,123078.0,14.05,0.08530177634702381,0.9146982236529762,1.7060355269404763e-06,2e-05,0.014944871215998573,0.17520000000000002
cooling_fans_upper,cooling_fans,external_datasheet,123516.00000000001,14.100000000000001,0.08455779617696703,0.915442203823033,1.6911559235393407e-06,2e-05,0.014814525890204624,0.17520000000000002
cooling_fans_upper,cooling_fans,external_datasheet,123954.0,14.15,0.08382030481074464,0.9161796951892553,1.676406096214893e-06,2e-05,0.014685317402842462,0.17520000000000002
cooling_fans_upper,cooling_fans,external_datasheet,124392.00000000001,14.200000000000001,0.0830892456546772,0.9169107543453228,1.661784913093544e-06,2e-05,0.014557235838699445,0.17520000000000002
cooling_fans_upper,cooling_fans,external_datasheet,124830.0,14.25,0.0823645626086809,0.9176354373913191,1.6472912521736182e-06,2e-05,0.014430271369040895,0.17520000000000002
cooling_fans_upper,cooling_fans,external_datasheet,125268.0,14.3,0.08164620006196245,0.9183537999380376,1.6329240012392491e-06,2e-05,0.014304414250855822,0.17520000000000002
cooling_fans_upper,cooling_fans,external_datasheet,125706.00000000001,14.350000000000001,0.08093410288875146,0.9190658971112485,1.6186820577750293e-06,2e-05,0.014179654826109257,0.17520000000000002
cooling_fans_upper,cooling_fans,external_datasheet,126144.0,14.4,0.08022821644407058,0.9197717835559294,1.6045643288814117e-06,2e-05,0.014055983521001167,0.17520000000000002
cooling_fans_upper,cooling_fans,external_datasheet,126582.00000000001,14.450000000000001,0.0795284865595417,0.9204715134404583,1.590569731190834e-06,2e-05,0.013933390845231706,0.17520000000000002
cooling_fans_upper,cooling_fans,external_datasheet,127020.0,14.5,0.0788348595392295,0.9211651404607705,1.5766971907845902e-06,2e-05,0.013811867391273009,0.17520000000000002
cooling_fans_upper,cooling_fans,external_datasheet,127458.0,14.55,0.07814728215552072,0.9218527178444793,1.5629456431104145e-06,2e-05,0.01369140383364723,0.17520000000000002
cooling_fans_upper,cooling_fans,external_datasheet,127896.00000000001,14.600000000000001,0.0774657016450397,0.9225342983549603,1.5493140329007941e-06,2e-05,0.013571990928210957,0.17520000000000002
cooling_fans_upper,cooling_fans,external_datasheet,128334.0,14.65,0.0767900657045995,0.9232099342954005,1.53580131409199e-06,2e-05,0.013453619511445832,0.17520000000000002
cooling_fans_upper,cooling_fans,external_datasheet,128772.00000000001,14.700000000000001,0.0761203224871879,0.9238796775128121,1.5224064497437583e-06,2e-05,0.013336280499755323,0.17520000000000002
cooling_fans_upper,cooling_fans,external_datasheet,129210.0,14.75,0.07545642059798922,0.9245435794020108,1.5091284119597846e-06,2e-05,0.013219964888767713,0.17520000000000002
cooling_fans_upper,cooling_fans,external_datasheet,129648.0,14.8,0.07479830909043998,0.9252016909095601,1.4959661818087998e-06,2e-05,0.013104663752645086,0.17520000000000002
cooling_fans_upper,cooling_fans,external_datasheet,130086.00000000001,14.850000000000001,0.07414593746231961,0.9258540625376804,1.4829187492463923e-06,2e-05,0.012990368243398397,0.17520000000000002
cooling_fans_upper,cooling_fans,external_datasheet,130524.0,14.9,0.07349925565187501,0.926500744348125,1.4699851130375003e-06,2e-05,0.012877069590208502,0.17520000000000002
cooling_fans_upper,cooling_fans,external_datasheet,130962.00000000001,14.950000000000001,0.07285821403397866,0.9271417859660214,1.4571642806795733e-06,2e-05,0.012764759098753062,0.17520000000000002
cooling_fans_upper,cooling_fans,external_datasheet,131400.0,15.0,0.07222276341632078,0.9277772365836792,1.4444552683264156e-06,2e-05,0.012653428150539402,0.17520000000000002
cooling_fans_upper,cooling_fans,external_datasheet,131838.0,15.05,0.07159285503563417,0.9284071449643658,1.4318571007126836e-06,2e-05,0.012543068202243109,0.17520000000000002
cooling_fans_upper,cooling_fans,external_datasheet,132276.0,15.100000000000001,0.0709684405539524,0.9290315594460477,1.4193688110790482e-06,2e-05,0.012433670785052463,0.17520000000000002
cooling_fans_upper,cooling_fans,external_datasheet,132714.0,15.15,0.07034947205490032,0.9296505279450997,1.4069894410980065e-06,2e-05,0.012325227504018538,0.17520000000000002
cooling_fans_upper,cooling_fans,external_datasheet,133152.0,15.200000000000001,0.06973590204001712,0.9302640979599829,1.3947180408003426e-06,2e-05,0.012217730037411001,0.17520000000000002
cooling_fans_upper,cooling_fans,external_datasheet,133590.0,15.25,0.06912768342511126,0.9308723165748888,1.3825536685022253e-06,2e-05,0.012111170136079494,0.17520000000000002
cooling_fans_upper,cooling_fans,external_datasheet,134028.0,15.3,0.06852476953664756,0.9314752304633525,1.3704953907329512e-06,2e-05,0.012005539622820654,0.17520000000000002
cooling_fans_upper,cooling_fans,external_datasheet,134466.0,15.350000000000001,0.06792711410816532,0.9320728858918347,1.3585422821633065e-06,2e-05,0.011900830391750565,0.17520000000000002
cooling_fans_upper,cooling_fans,external_datasheet,134904.0,15.4,0.06733467127672808,0.9326653287232719,1.3466934255345618e-06,2e-05,0.01179703440768276,0.17520000000000002
cooling_fans_upper,cooling_fans,external_datasheet,135342.0,15.450000000000001,0.06674739557940404,0.933252604420596,1.334947911588081e-06,2e-05,0.011694143705511589,0.17520000000000002
cooling_fans_upper,cooling_fans,external_datasheet,135780.0,15.5,0.06616524194977749,0.9338347580502225,1.3233048389955499e-06,2e-05,0.011592150389601017,0.17520000000000002
cooling_fans_upper,cooling_fans,external_datasheet,136218.0,15.55,0.06558816571449037,0.9344118342855097,1.3117633142898077e-06,2e-05,0.011491046633178716,0.17520000000000002
cooling_fans_upper,cooling_fans,external_datasheet,136656.0,15.600000000000001,0.06501612258981421,0.9349838774101857,1.3003224517962843e-06,2e-05,0.01139082467773545,0.17520000000000002
cooling_fans_upper,cooling_fans,external_datasheet,137094.0,15.65,0.06444906867825183,0.9355509313217482,1.2889813735650366e-06,2e-05,0.01129147683242972,0.17520000000000002
cooling_fans_upper,cooling_fans,external_datasheet,137532.0,15.700000000000001,0.06388696046516863,0.9361130395348314,1.2777392093033728e-06,2e-05,0.011192995473497546,0.17520000000000002
cooling_fans_upper,cooling_fans,external_datasheet,137970.0,15.75,0.06332975481545364,0.9366702451845463,1.2665950963090729e-06,2e-05,0.011095373043667478,0.17520000000000002
cooling_fans_upper,cooling_fans,external_datasheet,138408.0,15.8,0.06277740897020913,0.9372225910297909,1.2555481794041826e-06,2e-05,0.010998602051580639,0.17520000000000002
cooling_fans_upper,cooling_fans,external_datasheet,138846.0,15.850000000000001,0.062229880543469535,0.9377701194565304,1.2445976108693907e-06,2e-05,0.010902675071215864,0.17520000000000002
cooling_fans_upper,cooling_fans,external_datasheet,139284.0,15.9,0.06168712751894874,0.9383128724810512,1.233742550378975e-06,2e-05,0.01080758474131982,0.17520000000000002
cooling_fans_upper,cooling_fans,external_datasheet,139722.0,15.950000000000001,0.06114910824681593,0.938850891753184,1.2229821649363188e-06,2e-05,0.010713323764842152,0.17520000000000002
cooling_fans_upper,cooling_fans,external_datasheet,140160.0,16.0,0.06061578144049938,0.9393842185595006,1.2123156288099877e-06,2e-05,0.010619884908375492,0.17520000000000002
cooling_fans_upper,cooling_fans,external_datasheet,140598.0,16.05,0.06008710617351828,0.9399128938264817,1.2017421234703657e-06,2e-05,0.010527261001600403,0.17520000000000002
cooling_fans_upper,cooling_fans,external_datasheet,141036.0,16.1,0.05956304187634196,0.940436958123658,1.1912608375268393e-06,2e-05,0.010435444936735112,0.17520000000000002
cooling_fans_upper,cooling_fans,external_datasheet,141474.00000000003,16.150000000000002,0.05904354833327686,0.9409564516667231,1.1808709666655372e-06,2e-05,0.010344429667990106,0.17520000000000002
cooling_fans_upper,cooling_fans,external_datasheet,141912.0,16.2,0.05852858567938041,0.9414714143206195,1.1705717135876082e-06,2e-05,0.010254208211027448,0.17520000000000002
cooling_fans_upper,cooling_fans,external_datasheet,142350.0,16.25,0.05801811439740168,0.9419818856025983,1.1603622879480336e-06,2e-05,0.010164773642424775,0.17520000000000002
cooling_fans_upper,cooling_fans,external_datasheet,142788.0,16.3,0.05751209531474916,0.9424879046852508,1.1502419062949834e-06,2e-05,0.010076119099144056,0.17520000000000002
cooling_fans_upper,cooling_fans,external_datasheet,143226.0,16.35,0.057010489600484555,0.9429895103995154,1.1402097920096912e-06,2e-05,0.009988237778004895,0.17520000000000002
cooling_fans_upper,cooling_fans,external_datasheet,143664.00000000003,16.400000000000002,0.05651325876234304,0.943486741237657,1.130265175246861e-06,2e-05,0.009901122935162501,0.17520000000000002
cooling_fans_upper,cooling_fans,external_datasheet,144102.0,16.45,0.05602036464377952,0.9439796353562205,1.1204072928755905e-06,2e-05,0.009814767885590173,0.17520000000000002
cooling_fans_upper,cooling_fans,external_datasheet,144540.0,16.5,0.05553176942104036,0.9444682305789597,1.1106353884208073e-06,2e-05,0.009729166002566271,0.17520000000000002
cooling_fans_upper,cooling_fans,external_datasheet,144978.0,16.55,0.05504743560026101,0.944952564399739,1.1009487120052203e-06,2e-05,0.00964431071716573,0.17520000000000002
cooling_fans_upper,cooling_fans,external_datasheet,145416.0,16.6,0.054567326014588816,0.9454326739854112,1.0913465202917764e-06,2e-05,0.009560195517755962,0.17520000000000002
cooling_fans_upper,cooling_fans,external_datasheet,145854.00000000003,16.650000000000002,0.054091403821330805,0.9459085961786692,1.0818280764266161e-06,2e-05,0.009476813949497157,0.17520000000000002
cooling_fans_upper,cooling_fans,external_datasheet,146292.0,16.7,0.053619632499126615,0.9463803675008734,1.0723926499825324e-06,2e-05,0.009394159613846985,0.17520000000000002
cooling_fans_upper,cooling_fans,external_datasheet,146730.0,16.75,0.053151975845145666,0.9468480241548544,1.0630395169029134e-06,2e-05,0.009312226168069522,0.17520000000000002
cooling_fans_upper,cooling_fans,external_datasheet,147168.0,16.8,0.052688397972309196,0.9473116020276908,1.053767959446184e-06,2e-05,0.009231007324748573,0.17520000000000002
cooling_fans_upper,cooling_fans,external_datasheet,147606.0,16.85,0.05222886330653637,0.9477711366934636,1.0445772661307275e-06,2e-05,0.009150496851305173,0.17520000000000002
cooling_fans_upper,cooling_fans,external_datasheet,148044.00000000003,16.900000000000002,0.05177333658401429,0.9482266634159857,1.0354667316802858e-06,2e-05,0.009070688569519304,0.17520000000000002
cooling_fans_upper,cooling_fans,external_datasheet,148482.0,16.95,0.051321782848492085,0.9486782171515079,1.0264356569698417e-06,2e-05,0.008991576355055814,0.17520000000000002
cooling_fans_upper,cooling_fans,external_datasheet,148920.0,17.0,0.05087416744859813,0.9491258325514019,1.0174833489719626e-06,2e-05,0.008913154136994393,0.17520000000000002
cooling_fans_upper,cooling_fans,external_datasheet,149358.0,17.05,0.05043045603518129,0.9495695439648187,1.0086091207036258e-06,2e-05,0.008835415897363762,0.17520000000000002
cooling_fans_upper,cooling_fans,external_datasheet,149796.0,17.1,0.049990614558674866,0.9500093854413252,9.998122911734975e-07,2e-05,0.008758355670679839,0.17520000000000002
cooling_fans_upper,cooling_fans,external_datasheet,150234.00000000003,17.150000000000002,0.04955460926648372,0.9504453907335163,9.910921853296746e-07,2e-05,0.00868196754348795,0.17520000000000002
cooling_fans_upper,cooling_fans,external_datasheet,150672.0,17.2,0.04912240670039427,0.9508775932996058,9.824481340078855e-07,2e-05,0.008606245653909076,0.17520000000000002
cooling_fans_upper,cooling_fans,external_datasheet,151110.0,17.25,0.04869397369400667,0.9513060263059934,9.738794738801336e-07,2e-05,0.00853118419118997,0.17520000000000002
cooling_fans_upper,cooling_fans,external_datasheet,151548.0,17.3,0.048269277370190065,0.95173072262981,9.653855474038014e-07,2e-05,0.008456777395257301,0.17520000000000002
cooling_fans_upper,cooling_fans,external_datasheet,151986.0,17.35,0.04784828513855942,0.9521517148614406,9.569657027711883e-07,2e-05,0.00838301955627561,0.17520000000000002
cooling_fans_upper,cooling_fans,external_datasheet,152424.00000000003,17.400000000000002,0.04743096469297464,0.9525690353070253,9.486192938594929e-07,2e-05,0.008309905014209158,0.17520000000000002
cooling_fans_upper,cooling_fans,external_datasheet,152862.0,17.45,0.04701728400906162,0.9529827159909384,9.403456801812325e-07,2e-05,0.008237428158387596,0.17520000000000002
cooling_fans_upper,cooling_fans,external_datasheet,153300.0,17.5,0.04660721134175438,0.9533927886582456,9.321442268350876e-07,2e-05,0.008165583427075367,0.17520000000000002
cooling_fans_upper,cooling_fans,external_datasheet,153738.0,17.55,0.04620071522285942,0.9537992847771406,9.240143044571885e-07,2e-05,0.008094365307044972,0.17520000000000002
cooling_fans_upper,cooling_fans,external_datasheet,154176.0,17.6,0.04579776445864071,0.9542022355413593,9.159552891728143e-07,2e-05,0.008023768333153854,0.17520000000000002
cooling_fans_upper,cooling_fans,external_datasheet,154614.00000000003,17.650000000000002,0.045398328127425884,0.9546016718725742,9.079665625485178e-07,2e-05,0.007953787087925015,0.17520000000000002
cooling_fans_upper,cooling_fans,external_datasheet,155052.0,17.7,0.04500237557723364,0.9549976244227664,9.000475115446728e-07,2e-05,0.007884416201131334,0.17520000000000002
cooling_fans_upper,cooling_fans,external_datasheet,155490.0,17.75,0.044609876423421145,0.9553901235765788,8.92197528468423e-07,2e-05,0.007815650349383385,0.17520000000000002
cooling_fans_upper,cooling_fans,external_datasheet,155928.0,17.8,0.044220800546352766,0.9557791994536472,8.844160109270554e-07,2e-05,0.007747484255721006,0.17520000000000002
cooling_fans_upper,cooling_fans,external_datasheet,156366.0,17.85,0.043835118089088576,0.9561648819109114,8.767023617817716e-07,2e-05,0.007679912689208319,0.17520000000000002
cooling_fans_upper,cooling_fans,external_datasheet,156804.00000000003,17.900000000000002,0.04345279945509311,0.9565472005449069,8.690559891018623e-07,2e-05,0.007612930464532313,0.17520000000000002
cooling_fans_upper,cooling_fans,external_datasheet,157242.0,17.95,0.04307381530596443,0.9569261846940356,8.614763061192887e-07,2e-05,0.007546532441604969,0.17520000000000002
cooling_fans_upper,cooling_fans,external_datasheet,157680.0,18.0,0.04269813655918246,0.9573018634408176,8.539627311836494e-07,2e-05,0.007480713525168769,0.17520000000000002
cooling_fans_upper,cooling_fans,external_datasheet,158118.0,18.05,0.04232573438587748,0.9576742656141225,8.465146877175497e-07,2e-05,0.007415468664405735,0.17520000000000002
cooling_fans_upper,cooling_fans,external_datasheet,158556.0,18.1,0.0419565802086177,0.9580434197913823,8.391316041723541e-07,2e-05,0.007350792852549822,0.17520000000000002
cooling_fans_upper,cooling_fans,external_datasheet,158994.00000000003,18.150000000000002,0.041590645699216375,0.9584093543007837,8.318129139843275e-07,2e-05,0.007286681126502709,0.17520000000000002
cooling_fans_upper,cooling_fans,external_datasheet,159432.0,18.2,0.041227902776557974,0.958772097223442,8.245580555311595e-07,2e-05,0.007223128566452958,0.17520000000000002
cooling_fans_upper,cooling_fans,external_datasheet,159870.0,18.25,0.04086832360444313,0.9591316763955569,8.173664720888627e-07,2e-05,0.007160130295498437,0.17520000000000002
cooling_fans_upper,cooling_fans,external_datasheet,160308.0,18.3,0.04051188058945276,0.9594881194105472,8.102376117890552e-07,2e-05,0.0070976814792721235,0.17520000000000002
cooling_fans_upper,cooling_fans,external_datasheet,160746.0,18.35,0.040158546378830394,0.9598414536211696,8.031709275766079e-07,2e-05,0.007035777325571086,0.17520000000000002
cooling_fans_upper,cooling_fans,external_datasheet,161184.00000000003,18.400000000000002,0.03980829385838333,0.9601917061416166,7.961658771676667e-07,2e-05,0.00697441308398876,0.17520000000000002
cooling_fans_upper,cooling_fans,external_datasheet,161622.0,18.45,0.03946109615040193,0.9605389038495981,7.892219230080387e-07,2e-05,0.006913584045550419,0.17520000000000002
cooling_fans_upper,cooling_fans,external_datasheet,162060.0,18.5,0.039116926611596936,0.9608830733884031,7.823385322319388e-07,2e-05,0.006853285542351784,0.17520000000000002
cooling_fans_upper,cooling_fans,external_datasheet,162498.0,18.55,0.03877575883105505,0.961224241168945,7.755151766211011e-07,2e-05,0.006793512947200846,0.17520000000000002
cooling_fans_upper,cooling_fans,external_datasheet,162936.0,18.6,0.03843756662821219,0.9615624333717878,7.687513325642438e-07,2e-05,0.0067342616732627755,0.17520000000000002
cooling_fans_upper,cooling_fans,external_datasheet,163374.00000000003,18.650000000000002,0.03810232405084439,0.9618976759491557,7.620464810168878e-07,2e-05,0.0066755271737079375,0.17520000000000002
cooling_fans_upper,cooling_fans,external_datasheet,163812.0,18.7,0.0377700053730764,0.9622299946269236,7.55400107461528e-07,2e-05,0.006617304941362985,0.17520000000000002
cooling_fans_upper,cooling_fans,external_datasheet,164250.0,18.75,0.03744058509340732,0.9625594149065927,7.488117018681465e-07,2e-05,0.0065595905083649635,0.17520000000000002
cooling_fans_upper,cooling_fans,external_datasheet,164688.0,18.8,0.03711403793275384,0.9628859620672462,7.422807586550769e-07,2e-05,0.006502379445818474,0.17520000000000002
cooling_fans_upper,cooling_fans,external_datasheet,165126.0,18.85,0.03679033883251034,0.9632096611674896,7.358067766502068e-07,2e-05,0.006445667363455811,0.17520000000000002
cooling_fans_upper,cooling_fans,external_datasheet,165564.00000000003,18.900000000000002,0.036469462952625875,0.9635305370473741,7.293892590525176e-07,2e-05,0.006389449909300054,0.17520000000000002
cooling_fans_upper,cooling_fans,external_datasheet,166002.0,18.95,0.03615138566969813,0.9638486143303019,7.230277133939627e-07,2e-05,0.0063337227693311135,0.17520000000000002
cooling_fans_upper,cooling_fans,external_datasheet,166440.0,19.0,0.03583608257508364,0.9641639174249164,7.167216515016729e-07,2e-05,0.006278481667154654,0.17520000000000002
cooling_fans_upper,cooling_fans,external_datasheet,166878.0,19.05,0.03552352947302494,0.964476470526975,7.104705894604988e-07,2e-05,0.0062237223636739695,0.17520000000000002
cooling_fans_upper,cooling_fans,external_datasheet,167316.0,19.1,0.03521370237879374,0.9647862976212063,7.042740475758748e-07,2e-05,0.0061694406567646635,0.17520000000000002
cooling_fans_upper,cooling_fans,external_datasheet,167754.00000000003,19.150000000000002,0.03490657751685035,0.9650934224831497,6.98131550337007e-07,2e-05,0.0061156323809521814,0.17520000000000002
cooling_fans_upper,cooling_fans,external_datasheet,168192.00000000003,19.200000000000003,0.03460213131901929,0.9653978686809807,6.920426263803859e-07,2e-05,0.006062293407092181,0.17520000000000002
cooling_fans_upper,cooling_fans,external_datasheet,168630.0,19.25,0.03430034042268063,0.9656996595773194,6.860068084536127e-07,2e-05,0.0060094196420536474,0.17520000000000002
cooling_fans_upper,cooling_fans,external_datasheet,169068.0,19.3,0.03400118166897712,0.9659988183310229,6.800236333795425e-07,2e-05,0.005957007028404792,0.17520000000000002
cooling_fans_upper,cooling_fans,external_datasheet,169506.0,19.35,0.033704632101037205,0.9662953678989628,6.740926420207442e-07,2e-05,0.005905051544101719,0.17520000000000002
cooling_fans_upper,cooling_fans,external_datasheet,169944.00000000003,19.400000000000002,0.03341066896221322,0.9665893310377868,6.682133792442646e-07,2e-05,0.005853549202179758,0.17520000000000002
cooling_fans_upper,cooling_fans,external_datasheet,170382.00000000003,19.450000000000003,0.03311926969433521,0.9668807303056648,6.623853938867042e-07,2e-05,0.005802496050447529,0.17520000000000002
cooling_fans_upper,cooling_fans,external_datasheet,170820.0,19.5,0.03283041193597967,0.9671695880640203,6.566082387195935e-07,2e-05,0.005751888171183639,0.17520000000000002
cooling_fans_upper,cooling_fans,external_datasheet,171258.0,19.55,0.03254407352075373,0.9674559264792463,6.508814704150747e-07,2e-05,0.005701721680836055,0.17520000000000002
cooling_fans_upper,cooling_fans,external_datasheet,171696.0,19.6,0.03226023247559413,0.9677397675244058,6.452046495118827e-07,2e-05,0.0056519927297240926,0.17520000000000002
cooling_fans_upper,cooling_fans,external_datasheet,172134.00000000003,19.650000000000002,0.031978867019080946,0.9680211329809191,6.39577340381619e-07,2e-05,0.0056026975017429825,0.17520000000000002
cooling_fans_upper,cooling_fans,external_datasheet,172572.00000000003,19.700000000000003,0.031699955559766325,0.9683000444402337,6.339991111953266e-07,2e-05,0.005553832214071061,0.17520000000000002
cooling_fans_upper,cooling_fans,external_datasheet,173010.0,19.75,0.03142347669451736,0.9685765233054826,6.284695338903473e-07,2e-05,0.005505393116879442,0.17520000000000002
cooling_fans_upper,cooling_fans,external_datasheet,173448.0,19.8,0.031149409206873792,0.9688505907931262,6.229881841374759e-07,2e-05,0.005457376493044289,0.17520000000000002
cooling_fans_upper,cooling_fans,external_datasheet,173886.0,19.85,0.030877732065419917,0.9691222679345801,6.175546413083984e-07,2e-05,0.0054097786578615695,0.17520000000000002
cooling_fans_upper,cooling_fans,external_datasheet,174324.00000000003,19.900000000000002,0.030608424422170568,0.9693915755778294,6.121684884434115e-07,2e-05,0.0053625959587642845,0.17520000000000002
cooling_fans_upper,cooling_fans,external_datasheet,174762.00000000003,19.950000000000003,0.030341465610971428,0.9696585343890286,6.068293122194286e-07,2e-05,0.005315824775042195,0.17520000000000002
cooling_fans_upper,cooling_fans,external_datasheet,175200.0,20.0,0.030076835145913017,0.969923164854087,6.015367029182604e-07,2e-05,0.005269461517563961,0.17520000000000002
