method,role,experiment,window_index,time_center_s,score
autoencoder_v2,calibracao,F0L,468,9.36902627688809,0.05753358709281156
autoencoder_v2,calibracao,F0L,469,9.389024183112145,0.04647388671646986
autoencoder_v2,calibracao,F0L,470,9.40902223595917,0.09809261397435282
autoencoder_v2,calibracao,F0L,471,9.42902028880619,0.060339317546383525
autoencoder_v2,calibracao,F0L,472,9.449018195030245,0.06552293059323573
autoencoder_v2,calibracao,F0L,473,9.46901624787727,0.08485945387028042
autoencoder_v2,calibracao,F0L,474,9.489014300724289,0.09862433026048585
autoencoder_v2,calibracao,F0L,475,9.509012206948345,0.11142975359451718
autoencoder_v2,calibracao,F0L,476,9.52901025979537,0.06472272580300337
autoencoder_v2,calibracao,F0L,477,9.549008312642389,0.08778442404486168
autoencoder_v2,calibracao,F0L,478,9.569006218866445,0.21764888715819133
autoencoder_v2,calibracao,F0L,479,9.5890041250905,0.07651437171914856
autoencoder_v2,calibracao,F0L,480,9.609002177937525,0.06774358049395084
autoencoder_v2,calibracao,F0L,481,9.62900023078455,0.07811424772335956
autoencoder_v2,calibracao,F0L,482,9.648998137008604,0.12680709749786404
autoencoder_v2,calibracao,F0L,483,9.66899618985563,0.1844822245059771
autoencoder_v2,calibracao,F0L,484,9.688994242702655,0.090620761025763
autoencoder_v2,calibracao,F0L,485,9.708992148926704,0.08386326135478721
autoencoder_v2,calibracao,F0L,486,9.72899020177373,0.11290057459280067
autoencoder_v2,calibracao,F0L,487,9.748988254620755,0.12499837910454696
autoencoder_v2,calibracao,F0L,488,9.768986160844804,0.14588888652389842
autoencoder_v2,calibracao,F0L,489,9.78898421369183,0.18666624900800216
autoencoder_v2,calibracao,F0L,490,9.808982119915889,0.19198558554588568
autoencoder_v2,calibracao,F0L,491,9.828980172762904,0.12557995875849787
autoencoder_v2,calibracao,F0L,492,9.848978078986963,0.11076849253930353
autoencoder_v2,calibracao,F0L,493,9.868976131833989,0.11343606891806873
autoencoder_v2,calibracao,F0L,494,9.888974184681004,0.10256962754540723
autoencoder_v2,calibracao,F0L,495,9.908972090905065,0.0860434413842771
autoencoder_v2,calibracao,F0L,496,9.928970143752089,0.10758874373278876
autoencoder_v2,calibracao,F0L,497,9.948968196599104,0.11035236084400912
autoencoder_v2,calibracao,F0L,498,9.96896610282317,0.08317260041025937
autoencoder_v2,calibracao,F0L,499,9.98896415567019,0.043779581638520804
autoencoder_v2,calibracao,F0L,500,10.008962208517211,0.04421087135547703
autoencoder_v2,calibracao,F0L,501,10.028960114741299,0.07960074683244761
autoencoder_v2,calibracao,F0L,502,10.048958020965301,0.11064922691950826
autoencoder_v2,calibracao,F0L,503,10.06895607381235,0.07272623866091772
autoencoder_v2,calibracao,F0L,504,10.088954126659399,0.07593720748268716
autoencoder_v2,calibracao,F0L,505,10.108952032883401,0.073761917593125
autoencoder_v2,calibracao,F0L,506,10.12895008573045,0.10700597686755264
autoencoder_v2,calibracao,F0L,507,10.148948138577499,0.11319424799297123
autoencoder_v2,calibracao,F0L,508,10.168946044801501,0.3805888502690286
autoencoder_v2,calibracao,F0L,509,10.18894409764855,0.2837742171175645
autoencoder_v2,calibracao,F0L,510,10.208942150495599,0.13969317816046586
autoencoder_v2,calibracao,F0L,511,10.228940056719601,0.13621862626579154
autoencoder_v2,calibracao,F0L,512,10.24893810956665,0.08399928749076216
autoencoder_v2,calibracao,F0L,513,10.26893601579075,0.09711337332602174
autoencoder_v2,calibracao,F0L,514,10.288934068637701,0.07446792396776283
autoencoder_v2,calibracao,F0L,515,10.3089319748618,0.1711985162319735
autoencoder_v2,calibracao,F0L,516,10.32893002770885,0.20969051796651814
autoencoder_v2,calibracao,F0L,517,10.348928080555801,0.17783905685287732
autoencoder_v2,calibracao,F0L,518,10.3689259867799,0.10223897923217215
autoencoder_v2,calibracao,F0L,519,10.38892403962695,0.1404259014973347
autoencoder_v2,calibracao,F0L,520,10.408922092473901,0.06831201172737142
autoencoder_v2,calibracao,F0L,521,10.428919998698,0.12959081781460868
autoencoder_v2,calibracao,F0L,522,10.44891805154505,0.07162649675920973
autoencoder_v2,calibracao,F0L,523,10.468915957769049,0.06983804503025762
autoencoder_v2,calibracao,F0L,524,10.4889140106161,0.028536749146541265
autoencoder_v2,calibracao,F0L,525,10.50891191684015,0.10334726212751927
autoencoder_v2,calibracao,F0L,526,10.528909969687149,0.08208428674320273
autoencoder_v2,calibracao,F0L,527,10.5489080225342,0.07731448140106895
autoencoder_v2,calibracao,F0L,528,10.56890592875825,0.0719134935017266
autoencoder_v2,calibracao,F0L,529,10.588903981605249,0.2925696525409618
autoencoder_v2,calibracao,F0L,530,10.6089020344523,0.09398794256459653
autoencoder_v2,calibracao,F0L,531,10.62889994067635,0.10822087982462647
autoencoder_v2,calibracao,F0L,532,10.648897993523349,0.12736770369979822
autoencoder_v2,calibracao,F0L,533,10.6688960463704,0.2514119180779273
autoencoder_v2,calibracao,F0L,534,10.68889395259445,0.11041110066939792
autoencoder_v2,calibracao,F0L,535,10.7088918588185,0.1374618042984015
autoencoder_v2,calibracao,F0L,536,10.72888991166555,0.16191356849823907
autoencoder_v2,calibracao,F0L,537,10.74888796451255,0.07833408660791595
autoencoder_v2,calibracao,F0L,538,10.7688858707366,0.08951543984338839
autoencoder_v2,calibracao,F0L,539,10.78888392358365,0.07875976097272241
autoencoder_v2,calibracao,F0L,540,10.80888197643065,0.14118580234525446
autoencoder_v2,calibracao,F0L,541,10.8288798826547,0.14339934648367783
autoencoder_v2,calibracao,F0L,542,10.84887793550175,0.1708987762876013
autoencoder_v2,calibracao,F0L,543,10.86887598834875,0.1307801575673956
autoencoder_v2,calibracao,F0L,544,10.8888738945728,0.11207213015422705
autoencoder_v2,calibracao,F0L,545,10.90887194741985,0.14230468203158828
autoencoder_v2,calibracao,F0L,546,10.9288698536439,0.11979866665602876
autoencoder_v2,calibracao,F0L,547,10.9488679064909,0.12787364893683756
autoencoder_v2,calibracao,F0L,548,10.968865812714998,0.11081592188850499
autoencoder_v2,calibracao,F0L,549,10.988863865562,0.07971026078904402
autoencoder_v2,calibracao,F0L,550,11.008861918409,0.09475994286801541
autoencoder_v2,calibracao,F0L,551,11.028859824633098,0.07788592647914691
autoencoder_v2,calibracao,F0L,552,11.0488578774801,0.11817723066888813
autoencoder_v2,calibracao,F0L,553,11.0688559303271,0.07688257521839342
autoencoder_v2,calibracao,F0L,554,11.0888538365512,0.09698063351475605
autoencoder_v2,calibracao,F0L,555,11.1088518893982,0.12347399823900923
autoencoder_v2,calibracao,F0L,556,11.12884979562225,0.11107833538608729
autoencoder_v2,calibracao,F0L,557,11.1488478484693,0.08702218335328929
autoencoder_v2,calibracao,F0L,558,11.1688457546933,0.09235285373961874
autoencoder_v2,calibracao,F0L,559,11.188843807540351,0.18372236144272402
autoencoder_v2,calibracao,F0L,560,11.2088418603874,0.08126820951439467
autoencoder_v2,calibracao,F0L,561,11.2288397666114,0.25302034874030593
autoencoder_v2,calibracao,F0L,562,11.248837819458451,0.34157527582702785
autoencoder_v2,calibracao,F0L,563,11.2688358723055,0.12405783206884512
autoencoder_v2,calibracao,F0L,564,11.2888337785295,0.14370187009637658
autoencoder_v2,calibracao,F0L,565,11.308831831376551,0.09938664612448622
autoencoder_v2,calibracao,F0L,566,11.3288298842236,0.09597339286766766
autoencoder_v2,calibracao,F0L,567,11.3488277904476,0.1086037474951447
autoencoder_v2,calibracao,F0L,568,11.3688256966717,0.12074942113317116
autoencoder_v2,calibracao,F0L,569,11.38882374951875,0.1530890032711316
autoencoder_v2,calibracao,F0L,570,11.4088218023657,0.11446267482292397
autoencoder_v2,calibracao,F0L,571,11.4288197085898,0.11895606561003919
autoencoder_v2,calibracao,F0L,572,11.44881776143685,0.07272829826737373
autoencoder_v2,calibracao,F0L,573,11.4688158142838,0.08210363998741876
autoencoder_v2,calibracao,F0M,460,9.209066694974675,0.2750551806489767
autoencoder_v2,calibracao,F0M,461,9.229064747821695,0.4366281000795804
autoencoder_v2,calibracao,F0M,462,9.249062654045755,0.17200559774439128
autoencoder_v2,calibracao,F0M,463,9.269060706892775,0.29066525986432334
autoencoder_v2,calibracao,F0M,464,9.289058759739795,0.07341307795024282
autoencoder_v2,calibracao,F0M,465,9.309056665963855,0.13698492914284238
autoencoder_v2,calibracao,F0M,466,9.32905471881088,0.1083161066455487
autoencoder_v2,calibracao,F0M,467,9.34905423788755,0.08037613899039907
autoencoder_v2,calibracao,F0M,468,9.369053610341261,0.14162135412860086
autoencoder_v2,calibracao,F0M,469,9.38905166318828,0.11812950378029499
autoencoder_v2,calibracao,F0M,470,9.409049716035305,0.09869470821153523
autoencoder_v2,calibracao,F0M,471,9.429047622259361,0.16566325712599944
autoencoder_v2,calibracao,F0M,472,9.44904567510638,0.16621601406302175
autoencoder_v2,calibracao,F0M,473,9.469043727953405,0.12092121896027026
autoencoder_v2,calibracao,F0M,474,9.489041634177465,0.044395590230253856
autoencoder_v2,calibracao,F0M,475,9.50903968702448,0.042313237853704076
autoencoder_v2,calibracao,F0M,476,9.529037593248539,0.04046224572515249
autoencoder_v2,calibracao,F0M,477,9.549035646095565,0.06401062506847846
autoencoder_v2,calibracao,F0M,478,9.569033552319615,0.11303980795498184
autoencoder_v2,calibracao,F0M,479,9.58903160516664,0.08718336776780285
autoencoder_v2,calibracao,F0M,480,9.609029658013664,0.08847740675646282
autoencoder_v2,calibracao,F0M,481,9.629027564237724,0.12029262751044985
autoencoder_v2,calibracao,F0M,482,9.64902561708474,0.08308085120062972
autoencoder_v2,calibracao,F0M,483,9.669023669931764,0.06580140955247923
autoencoder_v2,calibracao,F0M,484,9.689021576155824,0.07820800505392186
autoencoder_v2,calibracao,F0M,485,9.70901962900284,0.06142255444687818
autoencoder_v2,calibracao,F0M,486,9.729017681849864,0.11537124127670845
autoencoder_v2,calibracao,F0M,487,9.749015588073924,0.15274674923552395
autoencoder_v2,calibracao,F0M,488,9.769013640920946,0.06373625431041366
autoencoder_v2,calibracao,F0M,489,9.789011693767964,0.09537248177505461
autoencoder_v2,calibracao,F0M,490,9.809009599992024,0.14302256872696423
autoencoder_v2,calibracao,F0M,491,9.829007652839046,0.3011434044313905
autoencoder_v2,calibracao,F0M,492,9.84900570568607,0.17729982512744946
autoencoder_v2,calibracao,F0M,493,9.869003611910124,0.25075643817693205
autoencoder_v2,calibracao,F0M,494,9.88900166475715,0.2150228790293212
autoencoder_v2,calibracao,F0M,495,9.90899971760417,0.15853023437937558
autoencoder_v2,calibracao,F0M,496,9.928997623828224,0.11336796808850036
autoencoder_v2,calibracao,F0M,497,9.94899567667525,0.09362680825841335
autoencoder_v2,calibracao,F0M,498,9.968993729522271,0.06183176716309269
autoencoder_v2,calibracao,F0M,499,9.988991635746324,0.12871808896838968
autoencoder_v2,calibracao,F0M,500,10.008989541970395,0.08603863369373374
autoencoder_v2,calibracao,F0M,501,10.028987594817401,0.12476315974306629
autoencoder_v2,calibracao,F0M,502,10.048985647664399,0.15485857481595441
autoencoder_v2,calibracao,F0M,503,10.0689835538885,0.10028741651538021
autoencoder_v2,calibracao,F0M,504,10.088981606735501,0.16938633524049848
autoencoder_v2,calibracao,F0M,505,10.108979659582499,0.14538542347188094
autoencoder_v2,calibracao,F0M,506,10.1289775658066,0.12306566702875757
autoencoder_v2,calibracao,F0M,507,10.148975618653651,0.13894312088308183
autoencoder_v2,calibracao,F0M,508,10.168973671500598,0.10727746553288423
autoencoder_v2,calibracao,F0M,509,10.1889715777247,0.11274329265506436
autoencoder_v2,calibracao,F0M,510,10.208969630571701,0.2777482845441519
autoencoder_v2,calibracao,F0M,511,10.228967683418698,0.1434553085954478
autoencoder_v2,calibracao,F0M,512,10.2489655896428,0.20464920501902384
autoencoder_v2,calibracao,F0M,513,10.268963642489801,0.7946943329976796
autoencoder_v2,calibracao,F0M,514,10.2889616953368,0.32185377902040835
autoencoder_v2,calibracao,F0M,515,10.3089596015609,0.12461466890866443
autoencoder_v2,calibracao,F0M,516,10.32895750778495,0.3919570852008857
autoencoder_v2,calibracao,F0M,517,10.3489557072549,0.1759263188472287
autoencoder_v2,calibracao,F0M,518,10.368953613479,0.1295836830526157
autoencoder_v2,calibracao,F0M,519,10.38895166632605,0.1169721264596171
autoencoder_v2,calibracao,F0M,520,10.408949719173,0.06273485310792187
autoencoder_v2,calibracao,F0M,521,10.4289476253971,0.07599088660650893
autoencoder_v2,calibracao,F0M,522,10.448945531621149,0.07248824621063042
autoencoder_v2,calibracao,F0M,523,10.46894358446815,0.10428691946045664
autoencoder_v2,calibracao,F0M,524,10.48894090420035,0.18463607723351322
autoencoder_v2,calibracao,F0M,525,10.508938077309601,0.030680841579316397
autoencoder_v2,calibracao,F0M,526,10.52893613015665,0.0654280056457837
autoencoder_v2,calibracao,F0M,527,10.548934183003599,0.08779852705561676
autoencoder_v2,calibracao,F0M,528,10.568932089227701,0.034621191450615214
autoencoder_v2,calibracao,F0M,529,10.58893014207475,0.05966973717832258
autoencoder_v2,calibracao,F0M,530,10.608928194921699,0.10965004708008828
autoencoder_v2,calibracao,F0M,531,10.628926101145801,0.08163283398507362
autoencoder_v2,calibracao,F0M,532,10.6489240073699,0.10248319540318274
autoencoder_v2,calibracao,F0M,533,10.668922206839799,0.11506378690041161
autoencoder_v2,calibracao,F0M,534,10.6889201130639,0.08772633329777826
autoencoder_v2,calibracao,F0M,535,10.708918019288,0.07964118658928762
autoencoder_v2,calibracao,F0M,536,10.72891607213495,0.14720991014216606
autoencoder_v2,calibracao,F0M,537,10.748914124982,0.15831913518240248
autoencoder_v2,calibracao,F0M,538,10.7689120312061,0.0632710521793868
autoencoder_v2,calibracao,F0M,539,10.78891008405305,0.11578978051523783
autoencoder_v2,calibracao,F0M,540,10.8089081369001,0.11225684640088641
autoencoder_v2,calibracao,F0M,541,10.8289060431242,0.13351649628853773
autoencoder_v2,calibracao,F0M,542,10.84890409597115,0.11571133071235626
autoencoder_v2,calibracao,F0M,543,10.8689021488182,0.09792791999877161
autoencoder_v2,calibracao,F0M,544,10.8889000550423,0.33724020194295234
autoencoder_v2,calibracao,F0M,545,10.90889810788925,0.12691419439682006
autoencoder_v2,calibracao,F0M,546,10.9288961607363,0.4404987422783545
autoencoder_v2,calibracao,F0M,547,10.9488940669604,0.25394773388453906
autoencoder_v2,calibracao,F0M,548,10.9688919731844,0.23036224254138976
autoencoder_v2,calibracao,F0M,549,10.9888901726544,0.1634613918680264
autoencoder_v2,calibracao,F0M,550,11.008888078878499,0.14573247680274648
autoencoder_v2,calibracao,F0M,551,11.02888613172545,0.11705777535131033
autoencoder_v2,calibracao,F0M,552,11.04888403794955,0.07616169572866299
autoencoder_v2,calibracao,F0M,553,11.068882090796599,0.12117154097306261
autoencoder_v2,calibracao,F0M,554,11.088879997020602,0.20588161572567876
autoencoder_v2,calibracao,F0M,555,11.10887804986765,0.10395345361585162
autoencoder_v2,calibracao,F0M,556,11.128876102714699,0.13010637713542464
autoencoder_v2,calibracao,F0M,557,11.148874008938702,0.1416094074775689
autoencoder_v2,calibracao,F0M,558,11.16887206178575,0.1642746983748864
autoencoder_v2,calibracao,F0M,559,11.188870114632799,0.08074250751498183
autoencoder_v2,calibracao,F0M,560,11.208868020856801,0.09405243939748932
autoencoder_v2,calibracao,F0M,561,11.22886607370385,0.10151247958197719
autoencoder_v2,calibracao,F0M,562,11.248864126550899,0.17274817109418375
autoencoder_v2,calibracao,F0M,563,11.268862032774901,0.08097258672893447
autoencoder_v2,teste,F0L,576,11.5288098262019,0.06110166690637569
autoencoder_v2,teste,F0L,577,11.548807732425999,0.05617743007064464
autoencoder_v2,teste,F0L,578,11.56880578527305,0.10285111997403773
autoencoder_v2,teste,F0L,579,11.58880369149705,0.09671743634253169
autoencoder_v2,teste,F0L,580,11.608801744344099,0.054627641754276285
autoencoder_v2,teste,F0L,581,11.628799650568151,0.11177755208038265
autoencoder_v2,teste,F0L,582,11.64879770341515,0.38139632988675026
autoencoder_v2,teste,F0L,583,11.668795756262199,0.11129225395919363
autoencoder_v2,teste,F0L,584,11.688793662486251,0.17647463814360526
autoencoder_v2,teste,F0L,585,11.70879171533325,0.17926142821904073
autoencoder_v2,teste,F0L,586,11.728789768180299,0.13580592393940227
autoencoder_v2,teste,F0L,587,11.748787674404351,0.09880815997668652
autoencoder_v2,teste,F0L,588,11.76878572725135,0.13367739700073744
autoencoder_v2,teste,F0L,589,11.788783780098399,0.10048951966850472
autoencoder_v2,teste,F0L,590,11.808781686322451,0.10858121414398686
autoencoder_v2,teste,F0L,591,11.8287795925465,0.07658376791670829
autoencoder_v2,teste,F0L,592,11.84877764539355,0.11703716215278862
autoencoder_v2,teste,F0L,593,11.8687756982406,0.12906097275663753
autoencoder_v2,teste,F0L,594,11.8887736044646,0.1663593699820387
autoencoder_v2,teste,F0L,595,11.90877165731165,0.178161274373564
autoencoder_v2,teste,F0L,596,11.9287697101587,0.25268979906536604
autoencoder_v2,teste,F0L,597,11.9487676163827,0.14480809036540715
autoencoder_v2,teste,F0L,598,11.96876566922975,0.12473530733298427
autoencoder_v2,teste,F0L,599,11.9887637220768,0.12413606493657314
autoencoder_v2,teste,F0L,600,12.0087616283008,0.11007283644983165
autoencoder_v2,teste,F0L,601,12.0287595345249,0.11680445195011666
autoencoder_v2,teste,F0L,602,12.048757587371899,0.14111490897347656
autoencoder_v2,teste,F0L,603,12.0687556402189,0.08039484783212766
autoencoder_v2,teste,F0L,604,12.088753546443002,0.09856696090663195
autoencoder_v2,teste,F0L,605,12.108751599289999,0.1380374355456645
autoencoder_v2,teste,F0L,606,12.128749652137,0.07322852790705556
autoencoder_v2,teste,F0L,607,12.148747558361102,0.12012392896752201
autoencoder_v2,teste,F0L,608,12.168745611208099,0.10193732767470157
autoencoder_v2,teste,F0L,609,12.1887436640551,0.1410086236342864
autoencoder_v2,teste,F0L,610,12.208741570279201,0.0943659398517385
autoencoder_v2,teste,F0L,611,12.228739623126199,0.07388134712766523
autoencoder_v2,teste,F0L,612,12.248737529350251,0.11500364235462557
autoencoder_v2,teste,F0L,613,12.268735582197301,0.10402826791678982
autoencoder_v2,teste,F0L,614,12.2887334884213,0.19297682402359073
autoencoder_v2,teste,F0L,615,12.308731541268351,0.3401179974854808
autoencoder_v2,teste,F0L,616,12.328729594115401,0.1351613179514713
autoencoder_v2,teste,F0L,617,12.3487275003394,0.12912177821706045
autoencoder_v2,teste,F0L,618,12.36872555318645,0.09685917182451013
autoencoder_v2,teste,F0L,619,12.388723606033501,0.07434188036798987
autoencoder_v2,teste,F0L,620,12.4087215122575,0.15886544346258025
autoencoder_v2,teste,F0L,621,12.42871956510455,0.09452650091149882
autoencoder_v2,teste,F0L,622,12.448717617951601,0.24001556438568494
autoencoder_v2,teste,F0L,623,12.4687155241756,0.08944405734480612
autoencoder_v2,teste,F0L,624,12.488713430399699,0.2462543170831599
autoencoder_v2,teste,F0L,625,12.50871148324675,0.0835111628307537
autoencoder_v2,teste,F0L,626,12.5287095360937,0.09267138031173924
autoencoder_v2,teste,F0L,627,12.548707442317799,0.1465988444561243
autoencoder_v2,teste,F0L,628,12.56870549516485,0.0827837103886242
autoencoder_v2,teste,F0L,629,12.5887035480118,0.09896778224952711
autoencoder_v2,teste,F0L,630,12.608701454235899,0.09018887257907031
autoencoder_v2,teste,F0L,631,12.628699507082949,0.0958945921268721
autoencoder_v2,teste,F0L,632,12.6486975599299,0.05945913223705718
autoencoder_v2,teste,F0L,633,12.668695466153999,0.05417142026364932
autoencoder_v2,teste,F0L,634,12.68869337237805,0.09140318109413892
autoencoder_v2,teste,F0L,635,12.70869142522505,0.5321358274041885
autoencoder_v2,teste,F0L,636,12.728689478072098,0.10774393580751584
autoencoder_v2,teste,F0L,637,12.74868738429615,0.09668649326931834
autoencoder_v2,teste,F0L,638,12.76868543714315,0.1373110853371052
autoencoder_v2,teste,F0L,639,12.788683489990198,0.12057155122526121
autoencoder_v2,teste,F0L,640,12.8086813962143,0.08738915385576879
autoencoder_v2,teste,F0L,641,12.82867944906125,0.2082206110222697
autoencoder_v2,teste,F0L,642,12.8486775019083,0.11529997981608568
autoencoder_v2,teste,F0L,643,12.8686754081324,0.14169506140544227
autoencoder_v2,teste,F0L,644,12.88867346097935,0.13329430705169676
autoencoder_v2,teste,F0L,645,12.90867136720345,0.10132367669022349
autoencoder_v2,teste,F0L,646,12.9286694200505,0.13803296761784356
autoencoder_v2,teste,F0L,647,12.9486673262745,0.12127385637040532
autoencoder_v2,teste,F0L,648,12.96866537912155,0.18620560132809888
autoencoder_v2,teste,F0L,649,12.9886634319686,0.18971390409550967
autoencoder_v2,teste,F0L,650,13.0086613381926,0.11750046871059366
autoencoder_v2,teste,F0L,651,13.02865939103965,0.1093236849809098
autoencoder_v2,teste,F0L,652,13.0486574438867,0.11040884385889913
autoencoder_v2,teste,F0L,653,13.0686553501107,0.14953749660139348
autoencoder_v2,teste,F0L,654,13.08865340295775,0.11824335215171587
autoencoder_v2,teste,F0L,655,13.1086514558048,0.11480446668997875
autoencoder_v2,teste,F0L,656,13.1286493620288,0.13930574869243034
autoencoder_v2,teste,F0L,657,13.148647268252901,0.17732286767581948
autoencoder_v2,teste,F0L,658,13.168645321099898,0.12229107696131757
autoencoder_v2,teste,F0L,659,13.1886433739469,0.11794442989715323
autoencoder_v2,teste,F0L,660,13.208641280171001,0.1312305879202905
autoencoder_v2,teste,F0L,661,13.228639333018,0.12740892359798622
autoencoder_v2,teste,F0L,662,13.248637385864999,0.13856962064420908
autoencoder_v2,teste,F0L,663,13.268635292089101,0.13497703851686157
autoencoder_v2,teste,F0L,664,13.2886333449361,0.12736059140019798
autoencoder_v2,teste,F0L,665,13.308631397783099,0.15798302915905693
autoencoder_v2,teste,F0L,666,13.328629304007201,0.12200092136024909
autoencoder_v2,teste,F0L,667,13.3486272102312,0.36306155228706344
autoencoder_v2,teste,F0L,668,13.36862526307825,0.186294764894278
autoencoder_v2,teste,F0L,669,13.388623315925301,0.17197606078993546
autoencoder_v2,teste,F0L,670,13.4086212221493,0.15173164774554748
autoencoder_v2,teste,F0L,671,13.42861927499635,0.13452203870497814
autoencoder_v2,teste,F0L,672,13.448617327843401,0.08675751438339462
autoencoder_v2,teste,F0L,673,13.4686152340674,0.08984873662896259
autoencoder_v2,teste,F0L,674,13.48861328691445,0.18356578401985305
autoencoder_v2,teste,F0L,675,13.5086113397615,0.22782584502265335
autoencoder_v2,teste,F0L,676,13.5286092459855,0.2325923157013543
autoencoder_v2,teste,F0L,677,13.54860729883255,0.17422818397621714
autoencoder_v2,teste,F0L,678,13.568605205056649,0.1155747412018926
autoencoder_v2,teste,F0L,679,13.5886032579036,0.08159715742972704
autoencoder_v2,teste,F0L,680,13.6086011641277,0.08419440321653252
autoencoder_v2,teste,F0L,681,13.628599216974749,0.07679316297594584
autoencoder_v2,teste,F0L,682,13.6485972698217,0.07625605776518368
autoencoder_v2,teste,F0L,683,13.6685951760458,0.08741481907769559
autoencoder_v2,teste,F0L,684,13.688593228892849,0.09780333500328282
autoencoder_v2,teste,F0L,685,13.7085912817398,0.09894693921185288
autoencoder_v2,teste,F0L,686,13.7285891879639,0.06835514460950984
autoencoder_v2,teste,F0L,687,13.748587240810949,0.08591861291361835
autoencoder_v2,teste,F0L,688,13.7685852936579,0.3884276013882418
autoencoder_v2,teste,F0L,689,13.788583199882,0.05713766384122683
autoencoder_v2,teste,F0L,690,13.8085811061061,0.11965938160168885
autoencoder_v2,teste,F0L,691,13.828579158953051,0.13772861756773894
autoencoder_v2,teste,F0L,692,13.848577211800102,0.19438043810790762
autoencoder_v2,teste,F0L,693,13.8685751180242,0.1882956802844149
autoencoder_v2,teste,F0L,694,13.888573170871151,0.09277168342601069
autoencoder_v2,teste,F0L,695,13.908571223718202,0.09970026060334387
autoencoder_v2,teste,F0L,696,13.9285691299423,0.1464505012484883
autoencoder_v2,teste,F0L,697,13.948567182789251,0.11855710387031591
autoencoder_v2,teste,F0L,698,13.968565235636301,0.12974665461566212
autoencoder_v2,teste,F0L,699,13.9885631418604,0.11161753491576086
autoencoder_v2,teste,F0L,700,14.008561048084399,0.12821675689233256
autoencoder_v2,teste,F0L,701,14.02855910093145,0.15356660412325696
autoencoder_v2,teste,F0L,702,14.0485571537785,0.22353998040067918
autoencoder_v2,teste,F0L,703,14.068555060002499,0.10992685593470869
autoencoder_v2,teste,F0L,704,14.08855311284955,0.13029356947698362
autoencoder_v2,teste,F0L,705,14.1085511656966,0.15801579689395626
autoencoder_v2,teste,F0L,706,14.128549071920599,0.11187930952889186
autoencoder_v2,teste,F0L,707,14.14854712476765,0.11601717724653993
autoencoder_v2,teste,F0L,708,14.1685451776147,0.13845274668930424
autoencoder_v2,teste,F0L,709,14.188543083838699,0.13975950922133368
autoencoder_v2,teste,F0L,710,14.20854113668575,0.18855755560243825
autoencoder_v2,teste,F0L,711,14.228539042909802,0.19866202063528707
autoencoder_v2,teste,F0L,712,14.248537095756799,0.14621693754427167
autoencoder_v2,teste,F0L,713,14.2685350019809,0.15242266791072012
autoencoder_v2,teste,F0L,714,14.288533054827901,0.21337663242616453
autoencoder_v2,teste,F0L,715,14.308531107674899,0.16471472558516687
autoencoder_v2,teste,F0L,716,14.328529013899,0.14997025053571816
autoencoder_v2,teste,F0L,717,14.348527066746001,0.13235930014924888
autoencoder_v2,teste,F0M,566,11.328856044693001,0.3755524376379773
autoencoder_v2,teste,F0M,567,11.34885409754005,0.17592545719725217
autoencoder_v2,teste,F0M,568,11.368852150387099,0.304683996845844
autoencoder_v2,teste,F0M,569,11.388850056611101,0.09668411324036368
autoencoder_v2,teste,F0M,570,11.40884810945815,0.15150091395246904
autoencoder_v2,teste,F0M,571,11.4288460156822,0.1276109114338257
autoencoder_v2,teste,F0M,572,11.448844068529201,0.09127441207275143
autoencoder_v2,teste,F0M,573,11.4688419747533,0.1065848081677636
autoencoder_v2,teste,F0M,574,11.4888400276003,0.06549365791135571
autoencoder_v2,teste,F0M,575,11.508838080447301,0.06840162468504826
autoencoder_v2,teste,F0M,576,11.5288359866714,0.0825231289152571
autoencoder_v2,teste,F0M,577,11.5488340395184,0.15039928629874855
autoencoder_v2,teste,F0M,578,11.568832092365401,0.147668789636261
autoencoder_v2,teste,F0M,579,11.5888299985895,0.09565409053888983
autoencoder_v2,teste,F0M,580,11.6088280514365,0.059502363258674834
autoencoder_v2,teste,F0M,581,11.628826104283501,0.059882409945573895
autoencoder_v2,teste,F0M,582,11.6488240105076,0.05359646355336489
autoencoder_v2,teste,F0M,583,11.66882206335465,0.18135082213429266
autoencoder_v2,teste,F0M,584,11.688820116201601,0.16417615151868253
autoencoder_v2,teste,F0M,585,11.7088180224257,0.13282907024611734
autoencoder_v2,teste,F0M,586,11.72881607527275,0.095871797470884
autoencoder_v2,teste,F0M,587,11.748813981496749,0.11718305682061861
autoencoder_v2,teste,F0M,588,11.7688120343438,0.18317976248261053
autoencoder_v2,teste,F0M,589,11.78880994056785,0.07164200313279218
autoencoder_v2,teste,F0M,590,11.808807993414849,0.09185833039592264
autoencoder_v2,teste,F0M,591,11.8288060462619,0.08987207956336637
autoencoder_v2,teste,F0M,592,11.84880395248595,0.1353648237073668
autoencoder_v2,teste,F0M,593,11.868802005332949,0.10203096206223353
autoencoder_v2,teste,F0M,594,11.88880005818,0.10663532801497005
autoencoder_v2,teste,F0M,595,11.90879796440405,0.13114871671900766
autoencoder_v2,teste,F0M,596,11.928796017251049,0.1590431517248896
autoencoder_v2,teste,F0M,597,11.9487940700981,0.20252619762677593
autoencoder_v2,teste,F0M,598,11.96879197632215,0.38972538003277335
autoencoder_v2,teste,F0M,599,11.988790029169149,0.16829252101258102
autoencoder_v2,teste,F0M,600,12.00878793539325,0.18562978633401805
autoencoder_v2,teste,F0M,601,12.02878598824025,0.3172150740856223
autoencoder_v2,teste,F0M,602,12.048784041087249,0.2077258698415081
autoencoder_v2,teste,F0M,603,12.0687820939343,0.13801559318885415
autoencoder_v2,teste,F0M,604,12.08878000015835,0.2885207088412933
autoencoder_v2,teste,F0M,605,12.1087779063824,0.11546952036678867
autoencoder_v2,teste,F0M,606,12.12877595922945,0.10897667385786716
autoencoder_v2,teste,F0M,607,12.14877401207645,0.10801457498778055
autoencoder_v2,teste,F0M,608,12.1687719183005,0.12837589596945215
autoencoder_v2,teste,F0M,609,12.18876997114755,0.13941506367683934
autoencoder_v2,teste,F0M,610,12.208768023994601,0.0917121106533884
autoencoder_v2,teste,F0M,611,12.2287659302186,0.2633942254514495
autoencoder_v2,teste,F0M,612,12.24876398306565,0.19210566490616723
autoencoder_v2,teste,F0M,613,12.268762035912701,0.17982392319258905
autoencoder_v2,teste,F0M,614,12.2887599421367,0.07851059629968006
autoencoder_v2,teste,F0M,615,12.30875799498375,0.12881055548214082
autoencoder_v2,teste,F0M,616,12.3287559012078,0.15702835627876832
autoencoder_v2,teste,F0M,617,12.3487539540548,0.07945829285647403
autoencoder_v2,teste,F0M,618,12.36875200690185,0.26312914851217806
autoencoder_v2,teste,F0M,619,12.3887500597489,0.5017396079797374
autoencoder_v2,teste,F0M,620,12.4087479659729,0.19891850652655452
autoencoder_v2,teste,F0M,621,12.42874601881995,0.19129357610471603
autoencoder_v2,teste,F0M,622,12.448744071667,0.24122599569566464
autoencoder_v2,teste,F0M,623,12.468741977891,0.21056041565540118
autoencoder_v2,teste,F0M,624,12.4887398841151,0.16281601006640273
autoencoder_v2,teste,F0M,625,12.508737936962099,0.160487136545875
autoencoder_v2,teste,F0M,626,12.5287359898091,0.22604837645031234
autoencoder_v2,teste,F0M,627,12.5487338960332,0.1844821165875755
autoencoder_v2,teste,F0M,628,12.568731948880199,0.16127255427658424
autoencoder_v2,teste,F0M,629,12.5887300017272,0.09190488530817248
autoencoder_v2,teste,F0M,630,12.6087279079513,0.10593138608143839
autoencoder_v2,teste,F0M,631,12.628725960798299,0.09603170726755991
autoencoder_v2,teste,F0M,632,12.6487240136453,0.13028777064881958
autoencoder_v2,teste,F0M,633,12.6687219198694,0.09121577239382242
autoencoder_v2,teste,F0M,634,12.688719972716399,0.060913432077833014
autoencoder_v2,teste,F0M,635,12.7087180255634,0.05691754575360972
autoencoder_v2,teste,F0M,636,12.7287159317875,0.06992845952048554
autoencoder_v2,teste,F0M,637,12.748713984634499,0.07737243859673887
autoencoder_v2,teste,F0M,638,12.7687120374815,0.06591459883696352
autoencoder_v2,teste,F0M,639,12.788709943705602,0.11471915324067927
autoencoder_v2,teste,F0M,640,12.808707996552599,0.1100931299460636
autoencoder_v2,teste,F0M,641,12.828705902776651,0.10772591029471473
autoencoder_v2,teste,F0M,642,12.848703955623701,0.11396601006948152
autoencoder_v2,teste,F0M,643,12.8687018618477,0.11246967633607294
autoencoder_v2,teste,F0M,644,12.888699914694751,0.08261805768076719
autoencoder_v2,teste,F0M,645,12.908697967541801,0.09826046882286264
autoencoder_v2,teste,F0M,646,12.9286958737658,0.2642439598221738
autoencoder_v2,teste,F0M,647,12.948693926612851,0.13547265327294247
autoencoder_v2,teste,F0M,648,12.968691979459901,0.05836377114405168
autoencoder_v2,teste,F0M,649,12.9886898856839,0.1236952852818591
autoencoder_v2,teste,F0M,650,13.00868793853095,0.338708835428563
autoencoder_v2,teste,F0M,651,13.028685991378001,0.19098761921397783
autoencoder_v2,teste,F0M,652,13.048683897602,0.15869091637461122
autoencoder_v2,teste,F0M,653,13.06868195044905,0.2718342660398918
autoencoder_v2,teste,F0M,654,13.088680003296101,0.19140906455861056
autoencoder_v2,teste,F0M,655,13.1086779095201,0.16103957655736795
autoencoder_v2,teste,F0M,656,13.12867596236715,0.10965075657208828
autoencoder_v2,teste,F0M,657,13.14867386859125,0.2239811826168323
autoencoder_v2,teste,F0M,658,13.1686719214382,0.1675439518663951
autoencoder_v2,teste,F0M,659,13.188669827662299,0.12250132570618139
autoencoder_v2,teste,F0M,660,13.20866788050935,0.15572386423616294
autoencoder_v2,teste,F0M,661,13.22866593335635,0.1310506297029704
autoencoder_v2,teste,F0M,662,13.248663839580399,0.17887541796565143
autoencoder_v2,teste,F0M,663,13.268661892427449,0.26422086989611115
autoencoder_v2,teste,F0M,664,13.28865994527445,0.21035118209301534
autoencoder_v2,teste,F0M,665,13.308657851498499,0.1803340323337848
autoencoder_v2,teste,F0M,666,13.328655904345549,0.10839182552850873
autoencoder_v2,teste,F0M,667,13.34865395719255,0.15071739257566807
autoencoder_v2,teste,F0M,668,13.368651863416599,0.10253391679570364
autoencoder_v2,teste,F0M,669,13.388649916263649,0.2309671123935954
autoencoder_v2,teste,F0M,670,13.40864796911065,0.2022629229607885
autoencoder_v2,teste,F0M,671,13.428645875334698,0.10222869668042872
autoencoder_v2,teste,F0M,672,13.448643928181749,0.258408697629096
autoencoder_v2,teste,F0M,673,13.46864183440575,0.2660935239875065
autoencoder_v2,teste,F0M,674,13.4886398872528,0.4861192532490408
autoencoder_v2,teste,F0M,675,13.508637940099849,0.19856846398915223
autoencoder_v2,teste,F0M,676,13.52863599294685,0.2834299124682556
autoencoder_v2,teste,F0M,677,13.5486338991709,0.15046219988042273
autoencoder_v2,teste,F0M,678,13.568631805395,0.16963036147169305
autoencoder_v2,teste,F0M,679,13.588629858241951,0.23069709895215018
autoencoder_v2,teste,F0M,680,13.608627911089,0.16299728923944812
autoencoder_v2,teste,F0M,681,13.6286258173131,0.13113492313322622
autoencoder_v2,teste,F0M,682,13.648623870160051,0.11620557136043769
autoencoder_v2,teste,F0M,683,13.6686219230071,0.12339598242818892
autoencoder_v2,teste,F0M,684,13.6886198292312,0.0464613164948771
autoencoder_v2,teste,F0M,685,13.708617882078151,0.10640139281696905
autoencoder_v2,teste,F0M,686,13.7286159349252,0.15339545257484521
autoencoder_v2,teste,F0M,687,13.7486138411493,0.07268651574354638
autoencoder_v2,teste,F0M,688,13.768611893996251,0.07957225612664218
autoencoder_v2,teste,F0M,689,13.7886099468433,0.10020279050825392
autoencoder_v2,teste,F0M,690,13.8086078530674,0.13060615252074687
autoencoder_v2,teste,F0M,691,13.8286057592914,0.0907945358224083
autoencoder_v2,teste,F0M,692,13.8486039587614,0.19820557770254657
autoencoder_v2,teste,F0M,693,13.8686018649855,0.12624663688625165
autoencoder_v2,teste,F0M,694,13.888599917832451,0.09624872018931879
autoencoder_v2,teste,F0M,695,13.90859782405655,0.11910096746114616
autoencoder_v2,teste,F0M,696,13.9285958769036,0.13447207052746843
autoencoder_v2,teste,F0M,697,13.948593783127599,0.18288327616380667
autoencoder_v2,teste,F0M,698,13.96859183597465,0.12779529774608972
autoencoder_v2,teste,F0M,699,13.9885898888217,0.15477672275833926
autoencoder_v2,teste,F0M,700,14.008587795045699,0.17715222811191078
autoencoder_v2,teste,F0M,701,14.02858584789275,0.1419442040025276
autoencoder_v2,teste,F0M,702,14.0485839007398,0.10349625189583356
autoencoder_v2,teste,F0M,703,14.068581806963799,0.17859820708983348
autoencoder_v2,teste,F0M,704,14.08857985981085,0.2562852436448084
pca,treino,F0L,0,0.00997727930531232,0.20127572355433276
pca,treino,F0L,1,0.02997533215233615,0.06131025992484284
pca,treino,F0L,2,0.0499733849993582,0.07161963275727988
pca,treino,F0L,3,0.06997129122341406,0.0494194538760231
pca,treino,F0L,4,0.08996934407043611,0.06901958452448388
pca,treino,F0L,5,0.109967396917458,0.05624631100877055
pca,treino,F0L,6,0.1299653031415155,0.029305107974752713
pca,treino,F0L,7,0.149963355988536,0.030518643392291406
pca,treino,F0L,8,0.1699614088355595,0.148041495800949
pca,treino,F0L,9,0.1899593150596155,0.045959011983806974
pca,treino,F0L,10,0.20995736790664,0.13588536664547496
pca,treino,F0L,11,0.2299554207536615,0.13726957438566897
pca,treino,F0L,12,0.2499533269777175,0.013525459339336398
pca,treino,F0L,13,0.2699513798247395,0.022188569004380536
pca,treino,F0L,14,0.2899494326717615,0.013254846687743852
pca,treino,F0L,15,0.3099473388958195,0.01462076968703514
pca,treino,F0L,16,0.329945391742839,0.02653785798088997
pca,treino,F0L,17,0.3499434445898635,0.020829772818791552
pca,treino,F0L,18,0.369941350813919,0.05214167861915377
pca,treino,F0L,19,0.38993940366094304,0.027377437392683612
pca,treino,F0L,20,0.4099374565079635,0.014302606370945336
pca,treino,F0L,21,0.429935362732021,0.01687137454194903
pca,treino,F0L,22,0.449933415579043,0.029441412042605437
pca,treino,F0L,23,0.46993146842606504,0.04636786904988713
pca,treino,F0L,24,0.4899293746501225,0.06106757785328562
pca,treino,F0L,25,0.509927427497143,0.05636884851076406
pca,treino,F0L,26,0.5299254803441665,0.07905875571797025
pca,treino,F0L,27,0.5499233865682225,0.08048683275232846
pca,treino,F0L,28,0.5699214394152461,0.04751167775533223
pca,treino,F0L,29,0.5899194922622665,0.09946628940203184
pca,treino,F0L,30,0.609917398486324,0.13402994769301346
pca,treino,F0L,31,0.629915451333346,0.13547834897037792
pca,treino,F0L,32,0.6499135041803681,0.13801415776330742
pca,treino,F0L,33,0.6699114104044259,0.0732233454669519
pca,treino,F0L,34,0.689909463251446,0.05662233471522085
pca,treino,F0L,35,0.70990751609847,0.023029527661091957
pca,treino,F0L,36,0.7299054223225255,0.059945581283585465
pca,treino,F0L,37,0.7499034751695499,0.04637864769737578
pca,treino,F0L,38,0.76990152801657,0.027178062591123937
pca,treino,F0L,39,0.7898994342406275,0.03735322101549923
pca,treino,F0L,40,0.8098974870876501,0.04042953801234642
pca,treino,F0L,41,0.8298955399346719,0.027501771534014636
pca,treino,F0L,42,0.8498934461587295,0.019576127726425592
pca,treino,F0L,43,0.86989149900575,0.018689858679400668
pca,treino,F0L,44,0.8898895518527735,0.01611713720113695
pca,treino,F0L,45,0.9098874580768295,0.00869781958164712
pca,treino,F0L,46,0.9298855109238531,0.01360129052970631
pca,treino,F0L,47,0.9498835637708735,0.010550747020849597
pca,treino,F0L,48,0.969881469994931,0.01974571969957935
pca,treino,F0L,49,0.989879522841953,0.04492278615126818
pca,treino,F0L,50,1.0098775756889775,0.5575074521687569
pca,treino,F0L,51,1.02987548191303,0.10061563263294943
pca,treino,F0L,52,1.0498735347600552,0.1571386350650847
pca,treino,F0L,53,1.06987158760708,0.19831741267192016
pca,treino,F0L,54,1.08986949383113,0.06023918828541114
pca,treino,F0L,55,1.1098675466781551,0.026540225127492687
pca,treino,F0L,56,1.1298655995251798,0.15046981406563695
pca,treino,F0L,57,1.14986350574923,0.03423745978411838
pca,treino,F0L,58,1.169861558596255,0.03501114534198931
pca,treino,F0L,59,1.18985961144328,0.02827573865201196
pca,treino,F0L,60,1.2098575176673299,0.020106192065382847
pca,treino,F0L,61,1.229855570514355,0.08652964097861932
pca,treino,F0L,62,1.24985362336138,0.060016967566094016
pca,treino,F0L,63,1.2698515295854351,0.13126846047255056
pca,treino,F0L,64,1.28984958243246,0.2784350333972355
pca,treino,F0L,65,1.3098476352794801,0.012493306954457037
pca,treino,F0L,66,1.32984554150354,0.01872452766149471
pca,treino,F0L,67,1.34984359435056,0.007849982273998444
pca,treino,F0L,68,1.36984164719758,0.030614409067213764
pca,treino,F0L,69,1.38983955342164,0.021525587720637597
pca,treino,F0L,70,1.40983760626866,0.030775776572858113
pca,treino,F0L,71,1.42983565911568,0.03572118125783791
pca,treino,F0L,72,1.44983356533974,0.014841742132571186
pca,treino,F0L,73,1.469831618186765,0.016430801667731334
pca,treino,F0L,74,1.4898296710337848,0.01925784475676076
pca,treino,F0L,75,1.50982757725784,0.021093835647475304
pca,treino,F0L,76,1.529825630104865,0.036814629000237256
pca,treino,F0L,77,1.54982368295189,0.04173788242144272
pca,treino,F0L,78,1.56982158917594,0.053500469158229966
pca,treino,F0L,79,1.5898196420229649,0.04547814492350864
pca,treino,F0L,80,1.6098176948699852,0.10047654906481628
pca,treino,F0L,81,1.6298156010940401,0.06506288444730207
pca,treino,F0L,82,1.6498136539410648,0.22416989158864875
pca,treino,F0L,83,1.669811560165125,0.36436880304149977
pca,treino,F0L,84,1.68980961301214,0.11698330430431837
pca,treino,F0L,85,1.709807665859165,0.10190499163446354
pca,treino,F0L,86,1.729805572083225,0.08169378977045624
pca,treino,F0L,87,1.74980362493024,0.07476777155028863
pca,treino,F0L,88,1.7698016777772652,0.05290044063073883
pca,treino,F0L,89,1.789799584001325,0.05197471577206163
pca,treino,F0L,90,1.8097976368483448,0.11740625486916008
pca,treino,F0L,91,1.829795689695365,0.01706171122025092
pca,treino,F0L,92,1.849793595919425,0.040726254560734615
pca,treino,F0L,93,1.86979164876645,0.018256892441235868
pca,treino,F0L,94,1.88978970161347,0.02487822548358308
pca,treino,F0L,95,1.9097876078375249,0.03197579172476262
pca,treino,F0L,96,1.92978566068455,0.027046772583538478
pca,treino,F0L,97,1.9497837135315699,0.02731393497532173
pca,treino,F0L,98,1.9697816197556248,0.019886045304986742
pca,treino,F0L,99,1.98977967260265,0.012531600168028486
pca,treino,F0L,100,2.00977772544967,0.02488509519009672
pca,treino,F0L,101,2.0297756316737248,0.018540425852040923
pca,treino,F0L,102,2.0497736845207504,0.013164566551676554
pca,treino,F0L,103,2.0697717373677698,0.12003209170957067
pca,treino,F0L,104,2.0897696435918354,0.13281270499446537
pca,treino,F0L,105,2.1097676964388503,0.11635537718173297
pca,treino,F0L,106,2.129765749285875,0.18099813328927208
pca,treino,F0L,107,2.1497636555099353,0.10916977316020163
pca,treino,F0L,108,2.1697617083569503,0.030096553173567363
pca,treino,F0L,109,2.189759761203975,0.026872134374017236
pca,treino,F0L,110,2.2097576674280353,0.07625259068652823
pca,treino,F0L,111,2.22975572027505,0.047992138873197206
pca,treino,F0L,112,2.249753773122075,0.03230431668300039
pca,treino,F0L,113,2.269751679346135,0.04478442736571222
pca,treino,F0L,114,2.28974973219315,0.034301056990492865
pca,treino,F0L,115,2.309747785040175,0.09541730168300848
pca,treino,F0L,116,2.329745691264235,0.05296260747514464
pca,treino,F0L,117,2.34974374411125,0.09786971921200607
pca,treino,F0L,118,2.369741796958275,0.007979204263646986
pca,treino,F0L,119,2.389739703182335,0.008008432913477784
pca,treino,F0L,120,2.4097377560293554,0.013942851328525446
pca,treino,F0L,121,2.4297358088763747,0.014457096282459243
pca,treino,F0L,122,2.44973371510044,0.019566351514616658
pca,treino,F0L,123,2.4697317679474553,0.02327613010710271
pca,treino,F0L,124,2.4897298207944853,0.017880937208371424
pca,treino,F0L,125,2.50972772701854,0.03085033244935789
pca,treino,F0L,126,2.5297257798655597,0.016822011495438147
pca,treino,F0L,127,2.5497238327125853,0.02918836077372574
pca,treino,F0L,128,2.5697217389366402,0.013546705650126369
pca,treino,F0L,129,2.5897197917836596,0.046459757883194425
pca,treino,F0L,130,2.6097178446306852,0.06591198211097565
pca,treino,F0L,131,2.62971575085474,0.037166085588585245
pca,treino,F0L,132,2.64971380370176,0.03152713949535748
pca,treino,F0L,133,2.669711856548785,0.06500725849993641
pca,treino,F0L,134,2.68970976277284,0.07520240107752174
pca,treino,F0L,135,2.70970781561986,0.06333861237178837
pca,treino,F0L,136,2.729705868466885,0.17044718303257494
pca,treino,F0L,137,2.74970377469094,0.12790229990677232
pca,treino,F0L,138,2.7697018275379603,0.11411112729915847
pca,treino,F0L,139,2.789699880384985,0.08670877873071085
pca,treino,F0L,140,2.8096977866090453,0.05835120092720661
pca,treino,F0L,141,2.8296958394560647,0.037878206676633636
pca,treino,F0L,142,2.84969389230309,0.019951128421658488
pca,treino,F0L,143,2.8696917985271453,0.0808570146556031
pca,treino,F0L,144,2.88968985137417,0.06157546603165398
pca,treino,F0L,145,2.90968790422119,0.0834590358304455
pca,treino,F0L,146,2.9296858104452452,0.033491423800408676
pca,treino,F0L,147,2.94968386329227,0.0394861283936207
pca,treino,F0L,148,2.9696819161392902,0.020390304810652068
pca,treino,F0L,149,2.989679822363345,0.029332860765969443
pca,treino,F0L,150,3.00967787521037,0.010955949244346322
pca,treino,F0L,151,3.02967592805739,0.022433741904460337
pca,treino,F0L,152,3.049673834281445,0.010831768424365444
pca,treino,F0L,153,3.06967188712847,0.015835915602625705
pca,treino,F0L,154,3.08966993997549,0.02874246253976788
pca,treino,F0L,155,3.109667846199545,0.023553728853452874
pca,treino,F0L,156,3.1296658990465698,0.29195164081224745
pca,treino,F0L,157,3.14966395189359,0.22646558347182014
pca,treino,F0L,158,3.1696618581176503,0.09718252765171861
pca,treino,F0L,159,3.1896599109646697,0.12300660626479772
pca,treino,F0L,160,3.2096579638116953,0.15632479253807963
pca,treino,F0L,161,3.2296558700357547,0.04651395581389652
pca,treino,F0L,162,3.249653922882775,0.02474032153247243
pca,treino,F0L,163,3.2696519757297953,0.024603005262064822
pca,treino,F0L,164,3.2896498819538547,0.026751774951174014
pca,treino,F0L,165,3.309647934800875,0.023842247302608283
pca,treino,F0L,166,3.329645987647895,0.02653002091544898
pca,treino,F0L,167,3.349643893871955,0.05502482312826523
pca,treino,F0L,168,3.369641946718975,0.05941074958311429
pca,treino,F0L,169,3.389639999565995,0.06421458767848254
pca,treino,F0L,170,3.409637905790055,0.14434515398710962
pca,treino,F0L,171,3.4296359586370704,0.003964151043328554
pca,treino,F0L,172,3.449634011484095,0.008029596729282365
pca,treino,F0L,173,3.469631917708155,0.020922882279304215
pca,treino,F0L,174,3.4896299705551703,0.014361696999301975
pca,treino,F0L,175,3.509628023402195,0.018945210486020478
pca,treino,F0L,176,3.5296259296262553,0.019650338374320633
pca,treino,F0L,177,3.5496239824732747,0.02697545985379102
pca,treino,F0L,178,3.5696220353203003,0.023087861569492447
pca,treino,F0L,179,3.58961994154436,0.014742723285392991
pca,treino,F0L,180,3.60961799439138,0.012087820223900833
pca,treino,F0L,181,3.6296160472384047,0.01326251096405559
pca,treino,F0L,182,3.64961395346246,0.03939201667570546
pca,treino,F0L,183,3.66961200630948,0.04680207841632081
pca,treino,F0L,184,3.6896100591565046,0.04278193700424453
pca,treino,F0L,185,3.70960796538056,0.043852642653543404
pca,treino,F0L,186,3.72960601822758,0.0818071000109075
pca,treino,F0L,187,3.749604071074605,0.09528394074779405
pca,treino,F0L,188,3.76960197729866,0.07040311708658034
pca,treino,F0L,189,3.78960003014568,0.267601065678221
pca,treino,F0L,190,3.809598082992705,0.20600576882511898
pca,treino,F0L,191,3.82959598921676,0.13075499885749434
pca,treino,F0L,192,3.8495940420637798,0.08115507419849141
pca,treino,F0L,193,3.8695920949108054,0.0799696188536537
pca,treino,F0L,194,3.88959000113486,0.06319090560882293
pca,treino,F0L,195,3.909588053981885,0.06929717139576072
pca,treino,F0L,196,3.9295861068289053,0.08360959055459237
pca,treino,F0L,197,3.9495840130529647,0.010684937830844511
pca,treino,F0L,198,3.9695820658999903,0.06728323222122337
pca,treino,F0L,199,3.98958011874701,0.04768133155260537
pca,treino,F0L,200,4.009578024971065,0.034669281279687235
pca,treino,F0L,201,4.02957607781809,0.018807830011671075
pca,treino,F0L,202,4.0495741306651105,0.013753056471343044
pca,treino,F0L,203,4.069572036889165,0.023683294761254362
pca,treino,F0L,204,4.08957008973619,0.031921572894989626
pca,treino,F0L,205,4.1095681425832105,0.031604393471680634
pca,treino,F0L,206,4.1295660488072645,0.017794720547483184
pca,treino,F0L,207,4.14956410165429,0.02329753508057928
pca,treino,F0L,208,4.16956215450131,0.049350236483850715
pca,treino,F0L,209,4.1895600607253645,0.16854507115750578
pca,treino,F0L,210,4.20955811357239,0.18127264611143148
pca,treino,F0L,211,4.22955616641941,0.0983933054582596
pca,treino,F0L,212,4.249554072643464,0.13366180942774308
pca,treino,F0L,213,4.269552125490495,0.09649297663417285
pca,treino,F0L,214,4.28955017833751,0.04042571798145003
pca,treino,F0L,215,4.309548084561575,0.03099088945867868
pca,treino,F0L,216,4.329546137408601,0.02607142855916921
pca,treino,F0L,217,4.349544190255616,0.03347397326121005
pca,treino,F0L,218,4.369542096479675,0.019674155806140625
pca,treino,F0L,219,4.389540149326701,0.02078612091833406
pca,treino,F0L,220,4.4095382021737155,0.029065766964056855
pca,treino,F0L,221,4.429536108397775,0.03437806944587581
pca,treino,F0L,222,4.449534161244795,0.08937145817772814
pca,treino,F0L,223,4.4695322140918154,0.11196631800968465
pca,treino,F0L,224,4.489530120315875,0.16474017014070289
pca,treino,F0L,225,4.509528173162895,0.010746800131573277
pca,treino,F0L,226,4.529526226009915,0.008183113062079224
pca,treino,F0L,227,4.549524132233975,0.01799673644683034
pca,treino,F0L,228,4.569522185080995,0.01437784241653982
pca,treino,F0L,229,4.589520237928015,0.020767924275558694
pca,treino,F0L,230,4.609518144152075,0.029922996195241292
pca,treino,F0L,231,4.6295161969991,0.03421806708609762
pca,treino,F0L,232,4.649514249846115,0.018775255125717424
pca,treino,F0L,233,4.66951215607018,0.03023098996087377
pca,treino,F0L,234,4.6895102089172,0.017898618664141788
pca,treino,F0L,235,4.709500930615965,0.029137678779183017
pca,treino,F0L,236,4.729491505691755,0.049919584192811325
pca,treino,F0L,237,4.749489411915815,0.055783082832598405
pca,treino,F0L,238,4.76948731813987,0.04181719075952279
pca,treino,F0L,239,4.78948537098689,0.05616063547070671
pca,treino,F0L,240,4.809483423833915,0.07868687834778831
pca,treino,F0L,241,4.82948133005797,0.06385949857139564
pca,treino,F0L,242,4.849479382904995,0.17685170514350257
pca,treino,F0L,243,4.869477435752015,0.2718139552068365
pca,treino,F0L,244,4.889475341976075,0.15985732826355803
pca,treino,F0L,245,4.909473394823095,0.08212601631516696
pca,treino,F0L,246,4.92947144767012,0.07428226491106305
pca,treino,F0L,247,4.949469353894175,0.056908169678303394
pca,treino,F0L,248,4.969467260118235,0.02034049030116535
pca,treino,F0L,249,4.98946531296525,0.05359407447032073
pca,treino,F0L,250,5.009463365812275,0.06883809463676493
pca,treino,F0L,251,5.029461272036335,0.041387136107953394
pca,treino,F0L,252,5.04945932488335,0.02716419162017565
pca,treino,F0L,253,5.069457377730375,0.018755001400910708
pca,treino,F0L,254,5.089455283954435,0.029159726478426577
pca,treino,F0L,255,5.10945333680145,0.0738036781237108
pca,treino,F0L,256,5.129451389648475,0.02363594260944723
pca,treino,F0L,257,5.149449295872535,0.012565137346862959
pca,treino,F0L,258,5.1694473487195545,0.03040760580913264
pca,treino,F0L,259,5.189445254943615,0.02520695179041792
pca,treino,F0L,260,5.2094433077906395,0.03638175295777367
pca,treino,F0L,261,5.229441214014695,0.04369007963210078
pca,treino,F0L,262,5.24943926686172,0.030519608642920294
pca,treino,F0L,263,5.269437319708739,0.8268414953948516
pca,treino,F0L,264,5.289435225932795,0.15290947758289028
pca,treino,F0L,265,5.30943327877982,0.12763999524050887
pca,treino,F0L,266,5.329431331626839,0.19290894333503067
pca,treino,F0L,267,5.349429237850895,0.03213891996788861
pca,treino,F0L,268,5.36942729069792,0.03576207274821648
pca,treino,F0L,269,5.389425343544939,0.024867093595293092
pca,treino,F0L,270,5.409423249768995,0.021512804477101726
pca,treino,F0L,271,5.429421155993049,0.025384906562866384
pca,treino,F0L,272,5.4494192088400695,0.03728953412382931
pca,treino,F0L,273,5.469417261687095,0.05564962411240791
pca,treino,F0L,274,5.4894151679111545,0.05970129597429992
pca,treino,F0L,275,5.509413220758175,0.030691342688971446
pca,treino,F0L,276,5.5294112736052,0.1258750314801382
pca,treino,F0L,277,5.549409179829254,0.31580679282323676
pca,treino,F0L,278,5.56940723267628,0.021184279461981884
pca,treino,F0L,279,5.589405285523305,0.022513818251721017
pca,treino,F0L,280,5.609403191747355,0.012907495845001471
pca,treino,F0L,281,5.62940124459438,0.016040740204297743
pca,treino,F0L,282,5.64939915081844,0.01959100896775059
pca,treino,F0L,283,5.669397203665455,0.031121091535302712
pca,treino,F0L,284,5.6893951098895155,0.018684710238234557
pca,treino,F0L,285,5.70939316273654,0.021756933895378566
pca,treino,F0L,286,5.729391215583555,0.017504106155757558
pca,treino,F0L,287,5.749389121807615,0.01794122880172816
pca,treino,F0L,288,5.76938717465464,0.03640198253006634
pca,treino,F0L,289,5.789385227501655,0.03805729011369756
pca,treino,F0L,290,5.809383133725715,0.04903293982312574
pca,treino,F0L,291,5.82938118657274,0.05896092458179268
pca,treino,F0L,292,5.8493790927968,0.044514376895112395
pca,treino,F0L,293,5.869377145643821,0.0698207778420927
pca,treino,F0L,294,5.889375051867875,0.07846227228017719
pca,treino,F0L,295,5.9093731047149,0.12603920117599476
pca,treino,F0L,296,5.929371157561921,0.2155528028420633
pca,treino,F0L,297,5.949369063785975,0.1189591374413877
pca,treino,F0L,298,5.969367116633,0.09711018912659658
pca,treino,F0L,299,5.9893651694800205,0.06847400743634302
pca,treino,F0L,300,6.009363075704075,0.056387765578978684
pca,treino,F0L,301,6.0293611285511,0.03538999276295947
pca,treino,F0L,302,6.0493591813981205,0.042243934292016616
pca,treino,F0L,303,6.0693570876221745,0.055271319563194074
pca,treino,F0L,304,6.089354993846235,0.024874667629950036
pca,treino,F0L,305,6.109353046693255,0.07041564761384028
pca,treino,F0L,306,6.1293510995402745,0.0234931757296226
pca,treino,F0L,307,6.149349005764339,0.01599463173561147
pca,treino,F0L,308,6.169347058611355,0.06097536804376068
pca,treino,F0L,309,6.189345111458385,0.05037118004551554
pca,treino,F0L,310,6.20934301768244,0.07001191125109435
pca,treino,F0L,311,6.229341070529459,0.03164845782846805
pca,treino,F0L,312,6.249339123376485,0.027609939866654665
pca,treino,F0L,313,6.269337029600541,0.024998796033303274
pca,treino,F0L,314,6.28933508244756,0.040198633580383406
pca,treino,F0L,315,6.3093329886716205,0.06838359121477981
pca,treino,F0L,316,6.329331041518641,0.3284444840765728
pca,treino,F0L,317,6.349328947742695,0.076987215458556
pca,treino,F0L,318,6.3693270005897205,0.14904931032239635
pca,treino,F0L,319,6.389325053436735,0.16954086956745296
pca,treino,F0L,320,6.409322959660795,0.05631505298651607
pca,treino,F0L,321,6.42932101250782,0.00840376584498027
pca,treino,F0L,322,6.449319065354835,0.026043016932491368
pca,treino,F0L,323,6.469316971578905,0.03588102059330926
pca,treino,F0L,324,6.48931502442592,0.02407967699036142
pca,treino,F0L,325,6.50931293064998,0.03541336407470934
pca,treino,F0L,326,6.529310983497005,0.04010959666615515
pca,treino,F0L,327,6.549308889721055,0.060392541596621406
pca,treino,F0L,328,6.56930694256808,0.08862742558620468
pca,treino,F0L,329,6.589304995415105,0.1467720161059976
pca,treino,F0L,330,6.609302901639155,0.14216614470956518
pca,treino,F0L,331,6.62930095448618,0.025953235983740656
pca,treino,F0L,332,6.649299007333205,0.024392257991831482
pca,treino,F0L,333,6.669296913557255,0.027243386830216286
pca,treino,F0L,334,6.68929496640428,0.04118560550263212
pca,treino,F0L,335,6.709293019251305,0.01758334257277404
pca,treino,F0L,336,6.729290925475355,0.03657243966187049
pca,treino,F0L,337,6.749288831699415,0.03521225204534777
pca,treino,F0L,338,6.76928688454644,0.044405873658053326
pca,treino,F0L,339,6.78928493739346,0.01950974703796047
pca,treino,F0L,340,6.80928284361752,0.026704169663075244
pca,treino,F0L,341,6.829280896464541,0.02312989209561703
pca,treino,F0L,342,6.8492789493115644,0.06189760153686471
pca,treino,F0L,343,6.86927685553562,0.06587673924307964
pca,treino,F0L,344,6.889274908382641,0.0630757216991295
pca,treino,F0L,345,6.909272961229665,0.05306861993604425
pca,treino,F0L,346,6.92927086745372,0.0814785160222398
pca,treino,F0L,347,6.949268773677775,0.09123809966504334
pca,treino,F0L,348,6.9692668265248,0.11890421622405407
pca,treino,F0L,349,6.98926487937182,0.09625093954269962
pca,treino,F0L,350,7.009262785595875,0.15983358501704625
pca,treino,F0L,351,7.0292608384429,0.10104335182912749
pca,treino,F0L,352,7.04925889128992,0.08672109361692694
pca,treino,F0L,353,7.0692567975139795,0.09293768798298688
pca,treino,F0L,354,7.089254850361,0.057346106826614084
pca,treino,F0L,355,7.109252903208025,0.052706477968347945
pca,treino,F0L,356,7.129250809432085,0.05666174948131745
pca,treino,F0L,357,7.149248862279105,0.039649516284350365
pca,treino,F0L,358,7.16924676850316,0.06728651105852382
pca,treino,F0M,0,0.009989803838999835,0.0440408957367404
pca,treino,F0M,1,0.02998771006305745,0.05751254813632334
pca,treino,F0M,2,0.0499857629100786,0.10387062715743191
pca,treino,F0M,3,0.06998381575710155,0.036611085176032954
pca,treino,F0M,4,0.08998172198115825,0.027921358826437485
pca,treino,F0M,5,0.1099797748281805,0.020509589238382787
pca,treino,F0M,6,0.1299778276752025,0.016919525643041913
pca,treino,F0M,7,0.149975733899259,0.025974843006356406
pca,treino,F0M,8,0.169973786746282,0.047343951763167344
pca,treino,F0M,9,0.189971839593303,0.03363034724909756
pca,treino,F0M,10,0.209969745817361,0.058402891064044726
pca,treino,F0M,11,0.229967798664382,0.06428451391842055
pca,treino,F0M,12,0.249965851511405,0.05783273179822892
pca,treino,F0M,13,0.269963757735461,0.10945259534162732
pca,treino,F0M,14,0.2899618105824835,0.1210922867886007
pca,treino,F0M,15,0.309959863429506,0.10112096387052845
pca,treino,F0M,16,0.3299577696535625,0.1013782670803731
pca,treino,F0M,17,0.3499558225005855,0.05764531163481435
pca,treino,F0M,18,0.36995387534760704,0.04344373564017461
pca,treino,F0M,19,0.389951781571664,0.1104481857190732
pca,treino,F0M,20,0.4099498344186855,0.03214765325310072
pca,treino,F0M,21,0.429947740642743,0.022036439636608673
pca,treino,F0M,22,0.44994579348976405,0.07311358515308067
pca,treino,F0M,23,0.469943699713822,0.14260489572484983
pca,treino,F0M,24,0.489941752560844,0.06351925764010286
pca,treino,F0M,25,0.509939805407866,0.0979271100623731
pca,treino,F0M,26,0.5299377116319225,0.1836333167033872
pca,treino,F0M,27,0.5499357644789445,0.10890407900953973
pca,treino,F0M,28,0.569933817325968,0.17124668211610333
pca,treino,F0M,29,0.589931723550023,0.13751721315514837
pca,treino,F0M,30,0.6099297763970465,0.1637313426485274
pca,treino,F0M,31,0.629927829244068,0.1466157839159992
pca,treino,F0M,32,0.6499257354681249,0.13024896468335234
pca,treino,F0M,33,0.6699237883151465,0.044482831699641956
pca,treino,F0M,34,0.689921841162169,0.37865589273992045
pca,treino,F0M,35,0.709919747386226,0.5449643412896006
pca,treino,F0M,36,0.729917800233248,0.23463926104168903
pca,treino,F0M,37,0.7499158530802701,0.1630810460016246
pca,treino,F0M,38,0.769913759304327,0.10755071803440927
pca,treino,F0M,39,0.789910785790593,0.07726090206159877
pca,treino,F0M,40,0.8099078122768579,0.0648291952039289
pca,treino,F0M,41,0.8299058651238811,0.14192712235338445
pca,treino,F0M,42,0.849903917970902,0.04767399755275046
pca,treino,F0M,43,0.86990182419496,0.03789396387300057
pca,treino,F0M,44,0.8898997304190165,0.20705812080492236
pca,treino,F0M,45,0.9098977832660385,0.07327666975657461
pca,treino,F0M,46,0.92989583611306,0.0816416492141325
pca,treino,F0M,47,0.9498937423371174,0.1828987491276273
pca,treino,F0M,48,0.9698917951841395,0.06574545381795109
pca,treino,F0M,49,0.9898898480311631,0.03937601538129319
pca,treino,F0M,50,1.0098877542552174,0.061138648438613045
pca,treino,F0M,51,1.0298858071022399,0.07475806880908645
pca,treino,F0M,52,1.049883859949265,0.08914568520195035
pca,treino,F0M,53,1.06988176617332,0.03236133060390862
pca,treino,F0M,54,1.08987981902034,0.057175818256013325
pca,treino,F0M,55,1.109877871867365,0.11038486742666323
pca,treino,F0M,56,1.129875778091425,0.02550751327668396
pca,treino,F0M,57,1.14987383093844,0.04587687804412341
pca,treino,F0M,58,1.1698717371625,0.022347874598918713
pca,treino,F0M,59,1.189869790009525,0.057184834312935806
pca,treino,F0M,60,1.2098676962335748,0.031204364823232786
pca,treino,F0M,61,1.2298657490806,0.05645664537698168
pca,treino,F0M,62,1.2498638019276251,0.02005657251036646
pca,treino,F0M,63,1.26986170815168,0.030584886845581333
pca,treino,F0M,64,1.2898597609987,0.06745279599819926
pca,treino,F0M,65,1.309857813845725,0.07625702315069963
pca,treino,F0M,66,1.329855720069785,0.25813974039055243
pca,treino,F0M,67,1.3498537729167999,0.14613771152335875
pca,treino,F0M,68,1.369851825763825,0.08346116423714363
pca,treino,F0M,69,1.3898497319878849,0.1312966833290308
pca,treino,F0M,70,1.4098477848349,0.08197051457558148
pca,treino,F0M,71,1.429845837681925,0.061917858151027357
pca,treino,F0M,72,1.449843743905985,0.06048080957657141
pca,treino,F0M,73,1.469841650130045,0.08184849767138384
pca,treino,F0M,74,1.48983970297706,0.043928605037919136
pca,treino,F0M,75,1.509837755824085,0.061309314739044336
pca,treino,F0M,76,1.5298356620481401,0.07950642010081391
pca,treino,F0M,77,1.54983371489516,0.13357029366255932
pca,treino,F0M,78,1.5698317677421851,0.10460513111397873
pca,treino,F0M,79,1.58982967396624,0.10874053112383922
pca,treino,F0M,80,1.609827726813265,0.09230296914404057
pca,treino,F0M,81,1.629825779660285,0.20849433878057164
pca,treino,F0M,82,1.649823685884345,0.08223372741137189
pca,treino,F0M,83,1.66982173873137,0.10630987934226242
pca,treino,F0M,84,1.689819791578385,0.12029155611059562
pca,treino,F0M,85,1.7098176978024449,0.07497696294795914
pca,treino,F0M,86,1.72981575064947,0.10066899757862971
pca,treino,F0M,87,1.749813656873525,0.23861497965535625
pca,treino,F0M,88,1.769811709720545,0.21855997004112482
pca,treino,F0M,89,1.7898072699771599,0.25249891613588027
pca,treino,F0M,90,1.809802830233775,0.12186239695866077
pca,treino,F0M,91,1.829800736457825,0.18422077226138506
pca,treino,F0M,92,1.84979878930485,0.06886613617478404
pca,treino,F0M,93,1.869796842151875,0.0662258431486564
pca,treino,F0M,94,1.889794748375935,0.10696278978895238
pca,treino,F0M,95,1.9097926545999848,0.11397376062272277
pca,treino,F0M,96,1.92979070744701,0.04324609055134457
pca,treino,F0M,97,1.9497887602940351,0.11367219639941728
pca,treino,F0M,98,1.969786666518085,0.0767563721518649
pca,treino,F0M,99,1.98978471936511,0.07981505308143061
pca,treino,F0M,100,2.009782772212135,0.03823597827376267
pca,treino,F0M,101,2.029780678436195,0.024684900877115907
pca,treino,F0M,102,2.049778584660245,0.02913123600136444
pca,treino,F0M,103,2.06977663750727,0.04980206710770355
pca,treino,F0M,104,2.089774690354295,0.048486392401521035
pca,treino,F0M,105,2.1097725965783454,0.08018625946709082
pca,treino,F0M,106,2.12977064942537,0.03344204192269057
pca,treino,F0M,107,2.149768702272395,0.06153414898996923
pca,treino,F0M,108,2.1697666084964498,0.0518722963078348
pca,treino,F0M,109,2.18976466134347,0.016730155636276257
pca,treino,F0M,110,2.2097627141904947,0.02976043980255451
pca,treino,F0M,111,2.22976062041455,0.015374522355870312
pca,treino,F0M,112,2.2497585266386046,0.0357559382692996
pca,treino,F0M,113,2.2697565794856303,0.05293992342888422
pca,treino,F0M,114,2.28975463233265,0.015630561820917512
pca,treino,F0M,115,2.30975253855671,0.03035055016079975
pca,treino,F0M,116,2.32975059140373,0.09855633680349421
pca,treino,F0M,117,2.349748644250755,0.013675845657723212
pca,treino,F0M,118,2.36974655047481,0.06861222982963416
pca,treino,F0M,119,2.389744456698865,0.13576847223068594
pca,treino,F0M,120,2.40974250954589,0.14836657258896055
pca,treino,F0M,121,2.42974056239291,0.17349192195269938
pca,treino,F0M,122,2.4497384686169648,0.10033130421825073
pca,treino,F0M,123,2.4697365214639904,0.08138692082323117
pca,treino,F0M,124,2.489734574311015,0.021472418652141757
pca,treino,F0M,125,2.50973248053507,0.06952264696945586
pca,treino,F0M,126,2.529730386759125,0.019781986151244546
pca,treino,F0M,127,2.5497284396061497,0.06965956906086215
pca,treino,F0M,128,2.56972649245317,0.015549348057327226
pca,treino,F0M,129,2.589724398677225,0.04414373617070592
pca,treino,F0M,130,2.6097224515242496,0.043507194679608494
pca,treino,F0M,131,2.6297205043712752,0.11400073925074986
pca,treino,F0M,132,2.649718410595325,0.14580707438359297
pca,treino,F0M,133,2.66971646344235,0.14357296348126364
pca,treino,F0M,134,2.68971436966641,0.07410082101687404
pca,treino,F0M,135,2.709712422513425,0.08437069139900735
pca,treino,F0M,136,2.729710328737485,0.15209810051083986
pca,treino,F0M,137,2.74970838158451,0.07197690482157414
pca,treino,F0M,138,2.76970643443153,0.114504996210821
pca,treino,F0M,139,2.789704340655585,0.09233097138607282
pca,treino,F0M,140,2.8097023935026098,0.2097919274896862
pca,treino,F0M,141,2.8297004463496354,0.550131991050545
pca,treino,F0M,142,2.849698352573685,0.4556710468131582
pca,treino,F0M,143,2.8696962587977453,0.24185006772618262
pca,treino,F0M,144,2.88969431164477,0.15208376661607112
pca,treino,F0M,145,2.909692364491785,0.09013332140397175
pca,treino,F0M,146,2.929690270715845,0.056631180631821
pca,treino,F0M,147,2.949690816153275,0.052775263775666666
pca,treino,F0M,148,2.9696915082136703,0.04976772707719923
pca,treino,F0M,149,2.989689561060695,0.15740463688055287
pca,treino,F0M,150,3.00968746728475,0.1082902352293017
pca,treino,F0M,151,3.0296855201317703,0.03031141594006302
pca,treino,F0M,152,3.049683572978795,0.041260960415990366
pca,treino,F0M,153,3.06968147920285,0.07820903771690497
pca,treino,F0M,154,3.0896795320498747,0.0782782064427236
pca,treino,F0M,155,3.109677584896895,0.01743304814631115
pca,treino,F0M,156,3.129675491120955,0.028279155158627604
pca,treino,F0M,157,3.14967354396798,0.027340033373059666
pca,treino,F0M,158,3.169671596814995,0.035788136752034544
pca,treino,F0M,159,3.189669503039055,0.029874066469182937
pca,treino,F0M,160,3.20966740926311,0.08751469929458813
pca,treino,F0M,161,3.229665462110135,0.0402848766495442
pca,treino,F0M,162,3.249663514957155,0.07398658023616266
pca,treino,F0M,163,3.269661421181215,0.017019726638727306
pca,treino,F0M,164,3.2896594740282348,0.019949090274451575
pca,treino,F0M,165,3.309657526875255,0.008076474334739982
pca,treino,F0M,166,3.3296554330993153,0.012491992132278225
pca,treino,F0M,167,3.34965348594634,0.0426553938662152
pca,treino,F0M,168,3.369651538793355,0.030344062376818613
pca,treino,F0M,169,3.3896494450174153,0.02093359490367433
pca,treino,F0M,170,3.40964749786444,0.048400683322419064
pca,treino,F0M,171,3.429645550711455,0.23312540701334555
pca,treino,F0M,172,3.449643456935515,0.09077147081601394
pca,treino,F0M,173,3.46964150978254,0.09738806621325521
pca,treino,F0M,174,3.489639416006595,0.11456596429437416
pca,treino,F0M,175,3.509637468853615,0.1237589674362565
pca,treino,F0M,176,3.529635375077675,0.03538123592508043
pca,treino,F0M,177,3.5496334279247,0.05000978181465984
pca,treino,F0M,178,3.569631480771715,0.06667360977584605
pca,treino,F0M,179,3.589629386995775,0.06411543564883009
pca,treino,F0M,180,3.6096274398427948,0.014463508197380626
pca,treino,F0M,181,3.62962549268982,0.0324810599422843
pca,treino,F0M,182,3.6496233989138753,0.08560330543148925
pca,treino,F0M,183,3.6696214517609,0.04837806116269747
pca,treino,F0M,184,3.68961950460792,0.23757240967625481
pca,treino,F0M,185,3.7096174108319753,0.11301110063624938
pca,treino,F0M,186,3.729615463679,0.10293411549606693
pca,treino,F0M,187,3.74961351652602,0.12541050579267995
pca,treino,F0M,188,3.76961142275008,0.06344933831640794
pca,treino,F0M,189,3.789609328974135,0.11364037414513734
pca,treino,F0M,190,3.80960738182116,0.12866964188862381
pca,treino,F0M,191,3.82960543466818,0.061116218185856316
pca,treino,F0M,192,3.849603340892235,0.04761571676282078
pca,treino,F0M,193,3.86960139373926,0.20263369792505861
pca,treino,F0M,194,3.88959944658628,0.24899199209563613
pca,treino,F0M,195,3.909597352810335,0.32776631427763797
pca,treino,F0M,196,3.92959540565736,0.08960667412778478
pca,treino,F0M,197,3.949593458504385,0.23513454985001306
pca,treino,F0M,198,3.9695913647284353,0.18589659584153995
pca,treino,F0M,199,3.98959059055918,0.10018618123870235
pca,treino,F0M,200,4.0095898163899255,0.05081434918416875
pca,treino,F0M,201,4.029587722613985,0.04996775124932511
pca,treino,F0M,202,4.049585775461005,0.0351785739247014
pca,treino,F0M,203,4.06958368168506,0.11267632687712412
pca,treino,F0M,204,4.089581734532085,0.08423289805361515
pca,treino,F0M,205,4.10957964075614,0.08210772587822082
pca,treino,F0M,206,4.129577693603165,0.07289853019729232
pca,treino,F0M,207,4.149575746450185,0.05203382188093437
pca,treino,F0M,208,4.169573652674245,0.04783445458930498
pca,treino,F0M,209,4.189571705521265,0.02306709654127423
pca,treino,F0M,210,4.209569758368285,0.011264217667249405
pca,treino,F0M,211,4.229567664592345,0.0379769504772646
pca,treino,F0M,212,4.249565717439371,0.04427586590182538
pca,treino,F0M,213,4.269563770286386,0.05146083286086636
pca,treino,F0M,214,4.289561676510445,0.0657191100106436
pca,treino,F0M,215,4.309559729357471,0.09322259741370723
pca,treino,F0M,216,4.3295577822044855,0.0419640967466678
pca,treino,F0M,217,4.349555688428545,0.010237118940063489
pca,treino,F0M,218,4.3695537412755705,0.024365935295637388
pca,treino,F0M,219,4.389551794122591,0.01470923773563267
pca,treino,F0M,220,4.409549700346645,0.011979368163722935
pca,treino,F0M,221,4.4295477531936704,0.047968768437874204
pca,treino,F0M,222,4.449545806040691,0.04005452472866578
pca,treino,F0M,223,4.469543712264745,0.046661018045392674
pca,treino,F0M,224,4.48954176511177,0.08048834691517127
pca,treino,F0M,225,4.509539817958791,0.08581378745281538
pca,treino,F0M,226,4.52953772418285,0.0659550896073808
pca,treino,F0M,227,4.549535630406905,0.15787729977531595
pca,treino,F0M,228,4.56953368325393,0.14069214912326622
pca,treino,F0M,229,4.58953173610095,0.06180960571074613
pca,treino,F0M,230,4.609529642325005,0.028741867580476508
pca,treino,F0M,231,4.62952769517203,0.06681689099922605
pca,treino,F0M,232,4.64952574801905,0.09873631408317735
pca,treino,F0M,233,4.669523654243105,0.08203968586285539
pca,treino,F0M,234,4.68952170709013,0.021830937706076414
pca,treino,F0M,235,4.709519759937155,0.07654494006661128
pca,treino,F0M,236,4.729517666161209,0.04005190425182523
pca,treino,F0M,237,4.7495157190082296,0.12401735558398289
pca,treino,F0M,238,4.769513771855255,0.089221725190686
pca,treino,F0M,239,4.789511678079309,0.07729337372590864
pca,treino,F0M,240,4.8095097309263295,0.027359182317537332
pca,treino,F0M,241,4.829507783773355,0.0520638505696371
pca,treino,F0M,242,4.8495056899974145,0.06362851978577545
pca,treino,F0M,243,4.869503742844429,0.08712882843022225
pca,treino,F0M,244,4.889501795691455,0.07188676693150287
pca,treino,F0M,245,4.909499701915514,0.1181931551610805
pca,treino,F0M,246,4.929497754762529,0.17899072435321217
pca,treino,F0M,247,4.949495807609555,0.47446298550054933
pca,treino,F0M,248,4.969493713833615,0.2951346668602495
pca,treino,F0M,249,4.98949162005767,0.12051837176370958
pca,treino,F0M,250,5.0094896729046905,0.2802709279541032
pca,treino,F0M,251,5.029487725751715,0.16154139065934026
pca,treino,F0M,252,5.0494856319757755,0.1274426517227727
pca,treino,F0M,253,5.06948368482279,0.13294177314440467
pca,treino,F0M,254,5.089481737669815,0.13368739828663576
pca,treino,F0M,255,5.109479643893875,0.075830607369568
pca,treino,F0M,256,5.12947769674089,0.0848412797423753
pca,treino,F0M,257,5.149475749587915,0.042826568482368134
pca,treino,F0M,258,5.169473655811975,0.11147667761459773
pca,treino,F0M,259,5.189471708658995,0.05796483840233327
pca,treino,F0M,260,5.209469761506015,0.053397590572859595
pca,treino,F0M,261,5.229467667730075,0.03239447987276199
pca,treino,F0M,262,5.2494657205771,0.022007005569794274
pca,treino,F0M,263,5.269463773424119,0.026331622684249954
pca,treino,F0M,264,5.289461679648175,0.031899309020540875
pca,treino,F0M,265,5.3094597324952,0.036533987840254065
pca,treino,F0M,266,5.329457785342219,0.16182466042660806
pca,treino,F0M,267,5.349455691566275,0.0427069527149339
pca,treino,F0M,268,5.3694537444133,0.02126776632626487
pca,treino,F0M,269,5.389451797260325,0.030168109374395645
pca,treino,F0M,270,5.409449703484375,0.029315004882838693
pca,treino,F0M,271,5.4294477563314,0.046454774498070575
pca,treino,F0M,272,5.44944566255546,0.011476110123437352
pca,treino,F0M,273,5.469443715402475,0.016195391369882864
pca,treino,F0M,274,5.4894416216265345,0.07412013824906638
pca,treino,F0M,275,5.50943967447356,0.016600206422508354
pca,treino,F0M,276,5.529437727320575,0.04330906823090282
pca,treino,F0M,277,5.549435633544634,0.00943708735426266
pca,treino,F0M,278,5.56943368639166,0.1279339751539404
pca,treino,F0M,279,5.589431739238685,0.06427040421134486
pca,treino,F0M,280,5.609429645462735,0.087631182901286
pca,treino,F0M,281,5.62942769830976,0.06599330180222376
pca,treino,F0M,282,5.649425751156786,0.03835701682085158
pca,treino,F0M,283,5.669423657380835,0.016097167652560106
pca,treino,F0M,284,5.68942171022786,0.03180133853614783
pca,treino,F0M,285,5.7094197630748855,0.05832656495821183
pca,treino,F0M,286,5.729417669298945,0.0349146679604879
pca,treino,F0M,287,5.74941572214596,0.031086136604590715
pca,treino,F0M,288,5.7694137749929855,0.06257542729764091
pca,treino,F0M,289,5.789411681217045,0.1007648424966351
pca,treino,F0M,290,5.80940973406406,0.04706586549740743
pca,treino,F0M,291,5.829407786911085,0.1107099583744645
pca,treino,F0M,292,5.849405693135145,0.042355249748427345
pca,treino,F0M,293,5.869403745982165,0.07679780966077127
pca,treino,F0M,294,5.88940165220622,0.05447709316510918
pca,treino,F0M,295,5.909399705053245,0.07430783349512343
pca,treino,F0M,296,5.929397611277301,0.08175745681741098
pca,treino,F0M,297,5.94939566412432,0.04084076924611316
pca,treino,F0M,298,5.969393716971345,0.11620665275873007
pca,treino,F0M,299,5.9893916231954005,0.0779362775363761
pca,treino,F0M,300,6.009389676042425,0.3528149953092658
pca,treino,F0M,301,6.029387728889445,0.46733517853208006
pca,treino,F0M,302,6.049385635113505,0.23032328858231085
pca,treino,F0M,303,6.069383687960525,0.14072503927279523
pca,treino,F0M,304,6.089381740807545,0.2059246431090016
pca,treino,F0M,305,6.109379647031605,0.08443663728547156
pca,treino,F0M,306,6.12937769987863,0.03760470703129476
pca,treino,F0M,307,6.1493757527256445,0.08798546289830614
pca,treino,F0M,308,6.169373658949705,0.05927240237007033
pca,treino,F0M,309,6.189370392190041,0.1390056087113989
pca,treino,F0M,310,6.209367125430375,0.045875897901727705
pca,treino,F0M,311,6.229365031654435,0.062372221165759106
pca,treino,F0M,312,6.24936308450146,0.08573260147043907
pca,treino,F0M,313,6.269361137348475,0.07501320766301903
pca,treino,F0M,314,6.289359043572535,0.04589059866758405
pca,treino,F0M,315,6.30935709641956,0.019572801296519293
pca,treino,F0M,316,6.329355149266575,0.0320471058457497
pca,treino,F0M,317,6.349353055490635,0.035721633216062657
pca,treino,F0M,318,6.369351108337661,0.04614490243815385
pca,treino,F0M,319,6.3893491611846756,0.04964523799231027
pca,treino,F0M,320,6.409347067408735,0.04170966142863733
pca,treino,F0M,321,6.4293451202557605,0.032049444365049876
pca,treino,F0M,322,6.449343173102781,0.011070667019440934
pca,treino,F0M,323,6.469341079326835,0.03542257851257094
pca,treino,F0M,324,6.489338985550895,0.032027277508174294
pca,treino,F0M,325,6.5093370383979146,0.03419388069918025
pca,treino,F0M,326,6.529335091244935,0.030823092186018166
pca,treino,F0M,327,6.549332997468995,0.030779104908362456
pca,treino,F0M,328,6.5693310503160145,0.02118261337074003
pca,treino,F0M,329,6.58932910316304,0.024015958807059756
pca,treino,F0M,330,6.609327009387095,0.015214869189973916
pca,treino,F0M,331,6.62932506223412,0.06342078750217828
pca,treino,F0M,332,6.64932311508114,0.13138632694703234
pca,treino,F0M,333,6.669321021305195,0.09848910271064422
pca,treino,F0M,334,6.68931907415222,0.07738847844926014
pca,treino,F0M,335,6.70931712699924,0.09880397558951381
pca,treino,F0M,336,6.729315033223299,0.07167609680694614
pca,treino,F0M,337,6.749312939447355,0.06261415823884955
pca,treino,F0M,338,6.76931099229438,0.05575225165965009
pca,treino,F0M,339,6.789309045141399,0.070262711087614
pca,treino,F0M,340,6.809306951365455,0.10391731664654319
pca,treino,F0M,341,6.82930500421248,0.08524321697907947
pca,treino,F0M,342,6.849303057059499,0.1816840924542835
pca,treino,F0M,343,6.869300963283555,0.07072932926088654
pca,treino,F0M,344,6.88929901613058,0.13289945312368132
pca,treino,F0M,345,6.9092970689776045,0.17645737271549838
pca,treino,F0M,346,6.929294975201655,0.05711454348415744
pca,treino,F0M,347,6.94929302804868,0.0682455607880069
pca,treino,F0M,348,6.9692910808957045,0.053402173355417325
pca,treino,F0M,349,6.989288987119755,0.12738838223855475
pca,treino,F0M,350,7.009287039966781,0.10311566837248173
pca,treino,F0M,351,7.029285092813804,0.1253192529847771
pca,validacao,F0L,361,7.22924078042126,0.08123255602565392
pca,validacao,F0L,362,7.249238833268285,0.12284775054886278
pca,validacao,F0L,363,7.269236739492335,0.00863797731325642
pca,validacao,F0L,364,7.28923479233936,0.023042703620514686
pca,validacao,F0L,365,7.309232845186385,0.026294321655881414
pca,validacao,F0L,366,7.329230751410435,0.0675824348509675
pca,validacao,F0L,367,7.34922880425746,0.05640737328939808
pca,validacao,F0L,368,7.3692268571044846,0.05095308449852878
pca,validacao,F0L,369,7.389224763328535,0.7310598598072228
pca,validacao,F0L,370,7.409222669552605,0.02438194363059873
pca,validacao,F0L,371,7.42922072239962,0.09627524762428351
pca,validacao,F0L,372,7.449218775246645,0.21797308618834027
pca,validacao,F0L,373,7.469216681470705,0.03734858586393421
pca,validacao,F0L,374,7.48921473431772,0.018621163921966638
pca,validacao,F0L,375,7.509212787164745,0.016875444987152606
pca,validacao,F0L,376,7.529210693388805,0.026390002724911755
pca,validacao,F0L,377,7.54920874623582,0.11852672319327306
pca,validacao,F0L,378,7.5692067990828455,0.08220989804889137
pca,validacao,F0L,379,7.589204705306905,0.10752348581290191
pca,validacao,F0L,380,7.6092026115309555,0.0806004848442557
pca,validacao,F0L,381,7.62920066437798,0.10391135986573202
pca,validacao,F0L,382,7.649198717225005,0.13940825033969084
pca,validacao,F0L,383,7.669196623449055,0.2452958361470685
pca,validacao,F0L,384,7.6891946762960846,0.06088018239024935
pca,validacao,F0L,385,7.709192729143105,0.06023353118495694
pca,validacao,F0L,386,7.729190635367165,0.025507338805940635
pca,validacao,F0L,387,7.7491886882141845,0.04285864024239654
pca,validacao,F0L,388,7.769186741061205,0.0379755023017766
pca,validacao,F0L,389,7.789184647285265,0.04375359733667295
pca,validacao,F0L,390,7.80918270013229,0.043139951841401805
pca,validacao,F0L,391,7.82918060635634,0.041920310638487036
pca,validacao,F0L,392,7.849178659203365,0.0346626373672306
pca,validacao,F0L,393,7.86917656542742,0.02739035697470378
pca,validacao,F0L,394,7.88917461827444,0.027420590011094974
pca,validacao,F0L,395,7.909172671121465,0.05848146657290926
pca,validacao,F0L,396,7.92917057734552,0.05922785363774273
pca,validacao,F0L,397,7.94916863019254,0.06791909082262516
pca,validacao,F0L,398,7.969166683039565,0.05606252723178492
pca,validacao,F0L,399,7.98916458926362,0.0810416039761683
pca,validacao,F0L,400,8.00916264211064,0.08102989693859793
pca,validacao,F0L,401,8.029160694957664,0.11171264957441557
pca,validacao,F0L,402,8.049158601181725,0.17690332765080136
pca,validacao,F0L,403,8.069156507405786,0.16741473674582733
pca,validacao,F0L,404,8.0891545602528,0.1116320409894029
pca,validacao,F0L,405,8.109152613099825,0.11134267353220648
pca,validacao,F0L,406,8.129150519323886,0.07153587692688057
pca,validacao,F0L,407,8.1491485721709,0.055486063683417
pca,validacao,F0L,408,8.169146625017925,0.044926284167961975
pca,validacao,F0L,409,8.189144531241986,0.11838761300021242
pca,validacao,F0L,410,8.209142584089,0.09059640850555996
pca,validacao,F0L,411,8.229140636936025,0.10984927302993457
pca,validacao,F0L,412,8.249138543160086,0.04462524054966387
pca,validacao,F0L,413,8.269136596007101,0.03326879365805931
pca,validacao,F0L,414,8.28913450223116,0.04571557793419267
pca,validacao,F0L,415,8.309132555078186,0.04328443948050066
pca,validacao,F0L,416,8.329130461302235,0.03620567273535408
pca,validacao,F0L,417,8.349128514149266,0.04038571106205431
pca,validacao,F0L,418,8.369126566996286,0.055628915711058755
pca,validacao,F0L,419,8.389124473220345,0.03120582716908351
pca,validacao,F0L,420,8.409122526067371,0.045986836314313356
pca,validacao,F0L,421,8.42912057891439,0.06825188893039347
pca,validacao,F0L,422,8.449118485138445,0.16432749464940402
pca,validacao,F0L,423,8.469116537985471,0.10206948245033876
pca,validacao,F0L,424,8.48911444420952,0.10469183012689852
pca,validacao,F0L,425,8.509112497056545,0.22264874579080568
pca,validacao,F0L,426,8.529110403280605,0.08384774500972084
pca,validacao,F0L,427,8.54910845612762,0.0589250341197818
pca,validacao,F0L,428,8.569106508974645,0.03857826002550592
pca,validacao,F0L,429,8.589104415198705,0.06418139657495389
pca,validacao,F0L,430,8.60910246804572,0.08353269357648274
pca,validacao,F0L,431,8.629100520892745,0.07351855462425574
pca,validacao,F0L,432,8.649098427116801,0.0392806233126444
pca,validacao,F0L,433,8.669096479963825,0.09253489487540141
pca,validacao,F0L,434,8.689094532810845,0.04858068098810098
pca,validacao,F0L,435,8.709092439034904,0.1260530518325421
pca,validacao,F0L,436,8.729090345258964,0.13402093953508676
pca,validacao,F0L,437,8.74908839810599,0.10412686983094552
pca,validacao,F0L,438,8.769086450953004,0.055811348488676936
pca,validacao,F0L,439,8.789084357177064,0.06498484278147815
pca,validacao,F0L,440,8.80908241002409,0.060791873759788624
pca,validacao,F0L,441,8.829080462871104,0.04410389232778608
pca,validacao,F0L,442,8.849078369095164,0.04652099220067221
pca,validacao,F0L,443,8.86907642194219,0.05050965001623245
pca,validacao,F0L,444,8.889074474789204,0.06968471326772249
pca,validacao,F0L,445,8.909072381013264,0.040782303243959026
pca,validacao,F0L,446,8.92907043386029,0.03594584418333351
pca,validacao,F0L,447,8.949068340084345,0.03477635714775927
pca,validacao,F0L,448,8.969066392931364,0.07089731679025249
pca,validacao,F0L,449,8.989064299155427,0.0618099237209519
pca,validacao,F0L,450,9.009062352002445,0.08095957231964554
pca,validacao,F0L,451,9.02906040484947,0.05763658925999154
pca,validacao,F0L,452,9.049058311073527,0.06854557861633744
pca,validacao,F0L,453,9.06905636392055,0.0665667356356244
pca,validacao,F0L,454,9.08905441676757,0.07749923629236913
pca,validacao,F0L,455,9.109052322991626,0.14433062261188334
pca,validacao,F0L,456,9.12905037583865,0.1623044717602448
pca,validacao,F0L,457,9.1490482820627,0.11056781306482077
pca,validacao,F0L,458,9.169046334909726,0.10402728300346582
pca,validacao,F0L,459,9.189044241133786,0.09190197873640711
pca,validacao,F0L,460,9.2090422939808,0.04975666004024466
pca,validacao,F0L,461,9.229040346827826,0.045012997929400285
pca,validacao,F0L,462,9.249038253051886,0.1267266971317655
pca,validacao,F0L,463,9.2690363058989,0.08771234939395371
pca,validacao,F0L,464,9.289034358745926,0.1343289014105853
pca,validacao,F0L,465,9.309032264969986,0.05301831151824439
pca,validacao,F0M,354,7.08927895810894,0.3381108092874783
pca,validacao,F0M,355,7.1092770109559655,0.1327552299473535
pca,validacao,F0M,356,7.129274917180015,0.14141648489566488
pca,validacao,F0M,357,7.14927297002704,0.18774640260732328
pca,validacao,F0M,358,7.1692710228740655,0.10428919509883855
pca,validacao,F0M,359,7.1892689290981195,0.12141814416951516
pca,validacao,F0M,360,7.20926698194514,0.10009337180922065
pca,validacao,F0M,361,7.229265034792165,0.08217733832158122
pca,validacao,F0M,362,7.249262941016225,0.1882147537627291
pca,validacao,F0M,363,7.26926099386324,0.10804295073533995
pca,validacao,F0M,364,7.28926036631695,0.07450913017103211
pca,validacao,F0M,365,7.309259592147695,0.0810377225124791
pca,validacao,F0M,366,7.32925764499472,0.063412753936586
pca,validacao,F0M,367,7.349255697841739,0.013270386183491344
pca,validacao,F0M,368,7.369253604065795,0.04377328121297131
pca,validacao,F0M,369,7.38925165691282,0.03272483546089491
pca,validacao,F0M,370,7.409249709759839,0.05969346875419622
pca,validacao,F0M,371,7.429247615983895,0.04128592253043452
pca,validacao,F0M,372,7.44924566883092,0.027895186144626286
pca,validacao,F0M,373,7.469243721677945,0.03381140571441829
pca,validacao,F0M,374,7.489241627901995,0.04977499080084451
pca,validacao,F0M,375,7.50923968074902,0.03527297263328699
pca,validacao,F0M,376,7.5292377335960445,0.03386076412538837
pca,validacao,F0M,377,7.549235639820095,0.03880294617261711
pca,validacao,F0M,378,7.56923369266712,0.026083692073979203
pca,validacao,F0M,379,7.5892317455141445,0.04024992721971539
pca,validacao,F0M,380,7.609229651738205,0.017089134695289755
pca,validacao,F0M,381,7.629227557962255,0.019529919809288053
pca,validacao,F0M,382,7.64922561080928,0.02190476374704881
pca,validacao,F0M,383,7.669223663656306,0.033602000624069255
pca,validacao,F0M,384,7.689221569880355,0.1472046853988889
pca,validacao,F0M,385,7.70921962272738,0.14679894306163446
pca,validacao,F0M,386,7.7292176755744055,0.1649726614379637
pca,validacao,F0M,387,7.749215581798465,0.10092597084201445
pca,validacao,F0M,388,7.76921363464548,0.08292778159428754
pca,validacao,F0M,389,7.7892116874925055,0.0329365048004394
pca,validacao,F0M,390,7.809209593716565,0.009785464408872329
pca,validacao,F0M,391,7.82920764656358,0.03939504383343384
pca,validacao,F0M,392,7.849205699410605,0.046006250335012405
pca,validacao,F0M,393,7.869203605634665,0.125635699768585
pca,validacao,F0M,394,7.889201658481685,0.09556633620380388
pca,validacao,F0M,395,7.909199711328705,0.08242502913327274
pca,validacao,F0M,396,7.929197617552765,0.27634291319850973
pca,validacao,F0M,397,7.949195670399785,0.07686600730675952
pca,validacao,F0M,398,7.969193723246805,0.05924898179118031
pca,validacao,F0M,399,7.989191629470865,0.0872275710097613
pca,validacao,F0M,400,8.00918968231789,0.09971334952007577
pca,validacao,F0M,401,8.029187735164903,0.14042682313988414
pca,validacao,F0M,402,8.049185641388966,0.1567620627063943
pca,validacao,F0M,403,8.069183547613026,0.06939621149842096
pca,validacao,F0M,404,8.089181600460044,0.15068811606018281
pca,validacao,F0M,405,8.109179653307066,0.10911969213118732
pca,validacao,F0M,406,8.129177559531126,0.13530214268981625
pca,validacao,F0M,407,8.14917561237815,0.33308096755460626
pca,validacao,F0M,408,8.169173665225166,0.2519927627544918
pca,validacao,F0M,409,8.189171571449226,0.12045315456010053
pca,validacao,F0M,410,8.20916962429625,0.2981963267731828
pca,validacao,F0M,411,8.229167677143266,0.13504395695304158
pca,validacao,F0M,412,8.249165583367326,0.0892434358515951
pca,validacao,F0M,413,8.26916363621435,0.13821995756179503
pca,validacao,F0M,414,8.28916022283172,0.14919590081099443
pca,validacao,F0M,415,8.30915680944909,0.05200075049802949
pca,validacao,F0M,416,8.329154862296111,0.05775610691037521
pca,validacao,F0M,417,8.349152768520165,0.047135855758306255
pca,validacao,F0M,418,8.36915082136719,0.08551743178454671
pca,validacao,F0M,419,8.389148874214214,0.08361647827401325
pca,validacao,F0M,420,8.409146780438265,0.051247368208308886
pca,validacao,F0M,421,8.42914483328529,0.03222761365293972
pca,validacao,F0M,422,8.449142886132314,0.030062814001157664
pca,validacao,F0M,423,8.469140792356365,0.07843964164663919
pca,validacao,F0M,424,8.48913884520339,0.07034764228012896
pca,validacao,F0M,425,8.50913675142745,0.12253439244869549
pca,validacao,F0M,426,8.52913480427447,0.031072637013997612
pca,validacao,F0M,427,8.549132710498526,0.08058905397150865
pca,validacao,F0M,428,8.56913076334555,0.040196872803062805
pca,validacao,F0M,429,8.589128816192574,0.022219672605270295
pca,validacao,F0M,430,8.609126722416626,0.031900853202204246
pca,validacao,F0M,431,8.62912477526365,0.04091885033011648
pca,validacao,F0M,432,8.649122828110674,0.036195365544130935
pca,validacao,F0M,433,8.66912073433473,0.01755128709042541
pca,validacao,F0M,434,8.68911878718175,0.016683538312263962
pca,validacao,F0M,435,8.709116840028774,0.019752093838624883
pca,validacao,F0M,436,8.729114746252836,0.03708537110610511
pca,validacao,F0M,437,8.74911279909985,0.16534638775084345
pca,validacao,F0M,438,8.769110851946873,0.23692261714515123
pca,validacao,F0M,439,8.789108758170936,0.1431758999772307
pca,validacao,F0M,440,8.809106664394985,0.15340850349403787
pca,validacao,F0M,441,8.82910471724201,0.1404539153092238
pca,validacao,F0M,442,8.849102770089036,0.08513052508505825
pca,validacao,F0M,443,8.86910067631309,0.08497683859596779
pca,validacao,F0M,444,8.88909872916011,0.07649118420512309
pca,validacao,F0M,445,8.909096782007136,0.0846833755261305
pca,validacao,F0M,446,8.92909468823119,0.05113624638275647
pca,validacao,F0M,447,8.94909274107821,0.05408063241615861
pca,validacao,F0M,448,8.969090793925236,0.22690322926243156
pca,validacao,F0M,449,8.989088700149296,0.1054565589495374
pca,validacao,F0M,450,9.009086752996314,0.0872594540418104
pca,validacao,F0M,451,9.029084805843336,0.18933513620618483
pca,validacao,F0M,452,9.049082712067396,0.25288619075499386
pca,validacao,F0M,453,9.06908076491442,0.1469960884345765
pca,validacao,F0M,454,9.089078817761436,0.11765078141040183
pca,validacao,F0M,455,9.109076723985496,0.19433522854064383
pca,validacao,F0M,456,9.12907463020955,0.18165017905758007
pca,validacao,F0M,457,9.14907268305657,0.1286266428171446
pca,calibracao,F0L,468,9.36902627688809,0.06257454519462013
pca,calibracao,F0L,469,9.389024183112145,0.030462275136045235
pca,calibracao,F0L,470,9.40902223595917,0.0650510473552624
pca,calibracao,F0L,471,9.42902028880619,0.04838096003279885
pca,calibracao,F0L,472,9.449018195030245,0.024626605860178286
pca,calibracao,F0L,473,9.46901624787727,0.05899712923365716
pca,calibracao,F0L,474,9.489014300724289,0.08122381498740905
pca,calibracao,F0L,475,9.509012206948345,0.0567643635426049
pca,calibracao,F0L,476,9.52901025979537,0.04172766011330957
pca,calibracao,F0L,477,9.549008312642389,0.06082693054291187
pca,calibracao,F0L,478,9.569006218866445,0.1921690940127598
pca,calibracao,F0L,479,9.5890041250905,0.07545885955742213
pca,calibracao,F0L,480,9.609002177937525,0.04520080662848129
pca,calibracao,F0L,481,9.62900023078455,0.05673104379910151
pca,calibracao,F0L,482,9.648998137008604,0.09911054555468951
pca,calibracao,F0L,483,9.66899618985563,0.14336857555995625
pca,calibracao,F0L,484,9.688994242702655,0.05359000026638716
pca,calibracao,F0L,485,9.708992148926704,0.07164110682400296
pca,calibracao,F0L,486,9.72899020177373,0.044504235401016244
pca,calibracao,F0L,487,9.748988254620755,0.0974142294631321
pca,calibracao,F0L,488,9.768986160844804,0.12311902694488613
pca,calibracao,F0L,489,9.78898421369183,0.1282434016984035
pca,calibracao,F0L,490,9.808982119915889,0.13287494943709827
pca,calibracao,F0L,491,9.828980172762904,0.05667927657291564
pca,calibracao,F0L,492,9.848978078986963,0.05957085057411686
pca,calibracao,F0L,493,9.868976131833989,0.06246101330475681
pca,calibracao,F0L,494,9.888974184681004,0.0797996727760032
pca,calibracao,F0L,495,9.908972090905065,0.07101945548773975
pca,calibracao,F0L,496,9.928970143752089,0.052592049640403565
pca,calibracao,F0L,497,9.948968196599104,0.060589309816039244
pca,calibracao,F0L,498,9.96896610282317,0.058747166234521975
pca,calibracao,F0L,499,9.98896415567019,0.030197802079775782
pca,calibracao,F0L,500,10.008962208517211,0.03433881572569224
pca,calibracao,F0L,501,10.028960114741299,0.061147358667051774
pca,calibracao,F0L,502,10.048958020965301,0.06970558891640115
pca,calibracao,F0L,503,10.06895607381235,0.07421121748875997
pca,calibracao,F0L,504,10.088954126659399,0.07379423908752043
pca,calibracao,F0L,505,10.108952032883401,0.06216470015789905
pca,calibracao,F0L,506,10.12895008573045,0.09023496368740579
pca,calibracao,F0L,507,10.148948138577499,0.11613268249175865
pca,calibracao,F0L,508,10.168946044801501,0.17082751147621594
pca,calibracao,F0L,509,10.18894409764855,0.15821317319290965
pca,calibracao,F0L,510,10.208942150495599,0.10290772271196752
pca,calibracao,F0L,511,10.228940056719601,0.09589317530550923
pca,calibracao,F0L,512,10.24893810956665,0.06923491924699476
pca,calibracao,F0L,513,10.26893601579075,0.06164486714491488
pca,calibracao,F0L,514,10.288934068637701,0.0634351275059954
pca,calibracao,F0L,515,10.3089319748618,0.0837447923237126
pca,calibracao,F0L,516,10.32893002770885,0.09685367516822198
pca,calibracao,F0L,517,10.348928080555801,0.06166473921818047
pca,calibracao,F0L,518,10.3689259867799,0.060023460312686835
pca,calibracao,F0L,519,10.38892403962695,0.03942804702989758
pca,calibracao,F0L,520,10.408922092473901,0.05017837702770122
pca,calibracao,F0L,521,10.428919998698,0.05786517738136662
pca,calibracao,F0L,522,10.44891805154505,0.03347321997289685
pca,calibracao,F0L,523,10.468915957769049,0.03244799732752881
pca,calibracao,F0L,524,10.4889140106161,0.018387133973206404
pca,calibracao,F0L,525,10.50891191684015,0.05433629405274202
pca,calibracao,F0L,526,10.528909969687149,0.04026940614603031
pca,calibracao,F0L,527,10.5489080225342,0.047049158596040634
pca,calibracao,F0L,528,10.56890592875825,0.06047186192217292
pca,calibracao,F0L,529,10.588903981605249,0.38281461407859185
pca,calibracao,F0L,530,10.6089020344523,0.06723504595352582
pca,calibracao,F0L,531,10.62889994067635,0.08552336781579245
pca,calibracao,F0L,532,10.648897993523349,0.09774577880239016
pca,calibracao,F0L,533,10.6688960463704,0.08613873870823816
pca,calibracao,F0L,534,10.68889395259445,0.04807134486694313
pca,calibracao,F0L,535,10.7088918588185,0.08551008279932584
pca,calibracao,F0L,536,10.72888991166555,0.10961654469515016
pca,calibracao,F0L,537,10.74888796451255,0.06025429632320347
pca,calibracao,F0L,538,10.7688858707366,0.07031748439077895
pca,calibracao,F0L,539,10.78888392358365,0.07807836807233404
pca,calibracao,F0L,540,10.80888197643065,0.16078862580389477
pca,calibracao,F0L,541,10.8288798826547,0.11272015123654275
pca,calibracao,F0L,542,10.84887793550175,0.14246910616960132
pca,calibracao,F0L,543,10.86887598834875,0.09571404106970346
pca,calibracao,F0L,544,10.8888738945728,0.050300286985260734
pca,calibracao,F0L,545,10.90887194741985,0.06664518186713934
pca,calibracao,F0L,546,10.9288698536439,0.07231107398932687
pca,calibracao,F0L,547,10.9488679064909,0.0784307745492679
pca,calibracao,F0L,548,10.968865812714998,0.07653752329336878
pca,calibracao,F0L,549,10.988863865562,0.04556628967505705
pca,calibracao,F0L,550,11.008861918409,0.05055578247435848
pca,calibracao,F0L,551,11.028859824633098,0.053481042311861474
pca,calibracao,F0L,552,11.0488578774801,0.05462346656381116
pca,calibracao,F0L,553,11.0688559303271,0.04967353447681428
pca,calibracao,F0L,554,11.0888538365512,0.06572527101046174
pca,calibracao,F0L,555,11.1088518893982,0.10906255030092107
pca,calibracao,F0L,556,11.12884979562225,0.0757527965918652
pca,calibracao,F0L,557,11.1488478484693,0.06130027165125931
pca,calibracao,F0L,558,11.1688457546933,0.08534296800513991
pca,calibracao,F0L,559,11.188843807540351,0.13105862237341692
pca,calibracao,F0L,560,11.2088418603874,0.06056718213526949
pca,calibracao,F0L,561,11.2288397666114,0.20173899962329883
pca,calibracao,F0L,562,11.248837819458451,0.2665327044193033
pca,calibracao,F0L,563,11.2688358723055,0.11241947371117128
pca,calibracao,F0L,564,11.2888337785295,0.09821483066418474
pca,calibracao,F0L,565,11.308831831376551,0.07858629332139412
pca,calibracao,F0L,566,11.3288298842236,0.10972753166980853
pca,calibracao,F0L,567,11.3488277904476,0.07977959869706619
pca,calibracao,F0L,568,11.3688256966717,0.06675138423232757
pca,calibracao,F0L,569,11.38882374951875,0.07236929950901641
pca,calibracao,F0L,570,11.4088218023657,0.07532889736404749
pca,calibracao,F0L,571,11.4288197085898,0.05601285200828219
pca,calibracao,F0L,572,11.44881776143685,0.06475949995215287
pca,calibracao,F0L,573,11.4688158142838,0.06727949692195298
pca,calibracao,F0M,460,9.209066694974675,0.21605331259805122
pca,calibracao,F0M,461,9.229064747821695,0.48173522716460243
pca,calibracao,F0M,462,9.249062654045755,0.1562556982281685
pca,calibracao,F0M,463,9.269060706892775,0.262622509335256
pca,calibracao,F0M,464,9.289058759739795,0.10490842155227154
pca,calibracao,F0M,465,9.309056665963855,0.09898730669437011
pca,calibracao,F0M,466,9.32905471881088,0.07649485201948626
pca,calibracao,F0M,467,9.34905423788755,0.09120555460526905
pca,calibracao,F0M,468,9.369053610341261,0.12172237795144258
pca,calibracao,F0M,469,9.38905166318828,0.10391749044683854
pca,calibracao,F0M,470,9.409049716035305,0.09053319811551082
pca,calibracao,F0M,471,9.429047622259361,0.19027402614101302
pca,calibracao,F0M,472,9.44904567510638,0.14456269722760978
pca,calibracao,F0M,473,9.469043727953405,0.06320132492326094
pca,calibracao,F0M,474,9.489041634177465,0.04268469516722246
pca,calibracao,F0M,475,9.50903968702448,0.021989837618621964
pca,calibracao,F0M,476,9.529037593248539,0.02759230916668085
pca,calibracao,F0M,477,9.549035646095565,0.03328089795018018
pca,calibracao,F0M,478,9.569033552319615,0.03696695029948571
pca,calibracao,F0M,479,9.58903160516664,0.052735964113368394
pca,calibracao,F0M,480,9.609029658013664,0.0635472823583919
pca,calibracao,F0M,481,9.629027564237724,0.09276003586251384
pca,calibracao,F0M,482,9.64902561708474,0.0321554007625097
pca,calibracao,F0M,483,9.669023669931764,0.028485274883801252
pca,calibracao,F0M,484,9.689021576155824,0.046014562302528664
pca,calibracao,F0M,485,9.70901962900284,0.03325195933886413
pca,calibracao,F0M,486,9.729017681849864,0.025441684284850302
pca,calibracao,F0M,487,9.749015588073924,0.04799011803200708
pca,calibracao,F0M,488,9.769013640920946,0.022849611937820924
pca,calibracao,F0M,489,9.789011693767964,0.028909180661132305
pca,calibracao,F0M,490,9.809009599992024,0.11529979569379767
pca,calibracao,F0M,491,9.829007652839046,0.16572795140883323
pca,calibracao,F0M,492,9.84900570568607,0.17362543203413297
pca,calibracao,F0M,493,9.869003611910124,0.1623604781212031
pca,calibracao,F0M,494,9.88900166475715,0.14671111512445034
pca,calibracao,F0M,495,9.90899971760417,0.1417099021143669
pca,calibracao,F0M,496,9.928997623828224,0.0850817596353304
pca,calibracao,F0M,497,9.94899567667525,0.03629664561396867
pca,calibracao,F0M,498,9.968993729522271,0.039267214890217006
pca,calibracao,F0M,499,9.988991635746324,0.03226573453332407
pca,calibracao,F0M,500,10.008989541970395,0.05567891147221765
pca,calibracao,F0M,501,10.028987594817401,0.10762546174612472
pca,calibracao,F0M,502,10.048985647664399,0.1410073847507658
pca,calibracao,F0M,503,10.0689835538885,0.07187056113143517
pca,calibracao,F0M,504,10.088981606735501,0.10237763146531695
pca,calibracao,F0M,505,10.108979659582499,0.14983252722769
pca,calibracao,F0M,506,10.1289775658066,0.13402977585271358
pca,calibracao,F0M,507,10.148975618653651,0.1969880634775667
pca,calibracao,F0M,508,10.168973671500598,0.13991601905854267
pca,calibracao,F0M,509,10.1889715777247,0.14991488134268802
pca,calibracao,F0M,510,10.208969630571701,0.18396437423757778
pca,calibracao,F0M,511,10.228967683418698,0.15863187163040127
pca,calibracao,F0M,512,10.2489655896428,0.073240071420275
pca,calibracao,F0M,513,10.268963642489801,0.25197908724254353
pca,calibracao,F0M,514,10.2889616953368,0.5559170310237628
pca,calibracao,F0M,515,10.3089596015609,0.13680305504652246
pca,calibracao,F0M,516,10.32895750778495,0.32609219333406075
pca,calibracao,F0M,517,10.3489557072549,0.156613821511091
pca,calibracao,F0M,518,10.368953613479,0.12942147805557874
pca,calibracao,F0M,519,10.38895166632605,0.12918821324820653
pca,calibracao,F0M,520,10.408949719173,0.07215908701595354
pca,calibracao,F0M,521,10.4289476253971,0.06506459532626865
pca,calibracao,F0M,522,10.448945531621149,0.08528803042841997
pca,calibracao,F0M,523,10.46894358446815,0.05700605516467604
pca,calibracao,F0M,524,10.48894090420035,0.2473722337056234
pca,calibracao,F0M,525,10.508938077309601,0.03200365238456135
pca,calibracao,F0M,526,10.52893613015665,0.041049577616450596
pca,calibracao,F0M,527,10.548934183003599,0.06203298367812733
pca,calibracao,F0M,528,10.568932089227701,0.031855006549135326
pca,calibracao,F0M,529,10.58893014207475,0.02431986453801755
pca,calibracao,F0M,530,10.608928194921699,0.04866152823119138
pca,calibracao,F0M,531,10.628926101145801,0.04942477278443763
pca,calibracao,F0M,532,10.6489240073699,0.06270085492940464
pca,calibracao,F0M,533,10.668922206839799,0.07024900500846362
pca,calibracao,F0M,534,10.6889201130639,0.05968084158879375
pca,calibracao,F0M,535,10.708918019288,0.04244515072781602
pca,calibracao,F0M,536,10.72891607213495,0.08786557395541082
pca,calibracao,F0M,537,10.748914124982,0.06592358815835053
pca,calibracao,F0M,538,10.7689120312061,0.03512458126885456
pca,calibracao,F0M,539,10.78891008405305,0.060841543871100925
pca,calibracao,F0M,540,10.8089081369001,0.04293787269294365
pca,calibracao,F0M,541,10.8289060431242,0.029143670293619584
pca,calibracao,F0M,542,10.84890409597115,0.03481523939734515
pca,calibracao,F0M,543,10.8689021488182,0.06401058233798666
pca,calibracao,F0M,544,10.8889000550423,0.20073739280398756
pca,calibracao,F0M,545,10.90889810788925,0.14958210689006834
pca,calibracao,F0M,546,10.9288961607363,0.2851299545875393
pca,calibracao,F0M,547,10.9488940669604,0.22093457218152396
pca,calibracao,F0M,548,10.9688919731844,0.11807219092096555
pca,calibracao,F0M,549,10.9888901726544,0.09070923153193736
pca,calibracao,F0M,550,11.008888078878499,0.04823911895522267
pca,calibracao,F0M,551,11.02888613172545,0.05425145002265529
pca,calibracao,F0M,552,11.04888403794955,0.06824512466701715
pca,calibracao,F0M,553,11.068882090796599,0.10676690263183274
pca,calibracao,F0M,554,11.088879997020602,0.15016596837150292
pca,calibracao,F0M,555,11.10887804986765,0.0916050510559649
pca,calibracao,F0M,556,11.128876102714699,0.05194512304767962
pca,calibracao,F0M,557,11.148874008938702,0.06616059483751499
pca,calibracao,F0M,558,11.16887206178575,0.21556700733780165
pca,calibracao,F0M,559,11.188870114632799,0.12284671053808874
pca,calibracao,F0M,560,11.208868020856801,0.15025459974183877
pca,calibracao,F0M,561,11.22886607370385,0.08434077245376043
pca,calibracao,F0M,562,11.248864126550899,0.1462345171847531
pca,calibracao,F0M,563,11.268862032774901,0.08802296286906414
pca,teste,F0L,576,11.5288098262019,0.02313520873022306
pca,teste,F0L,577,11.548807732425999,0.04652500879950961
pca,teste,F0L,578,11.56880578527305,0.040693153893917
pca,teste,F0L,579,11.58880369149705,0.04312577357429513
pca,teste,F0L,580,11.608801744344099,0.0349051830612608
pca,teste,F0L,581,11.628799650568151,0.05340893598865058
pca,teste,F0L,582,11.64879770341515,0.4642063943227765
pca,teste,F0L,583,11.668795756262199,0.060562512824698864
pca,teste,F0L,584,11.688793662486251,0.12083659258622953
pca,teste,F0L,585,11.70879171533325,0.1668373790045209
pca,teste,F0L,586,11.728789768180299,0.0827547966521407
pca,teste,F0L,587,11.748787674404351,0.07825641243957768
pca,teste,F0L,588,11.76878572725135,0.10071868550353433
pca,teste,F0L,589,11.788783780098399,0.08287471120652579
pca,teste,F0L,590,11.808781686322451,0.053731205237281254
pca,teste,F0L,591,11.8287795925465,0.04628246756867664
pca,teste,F0L,592,11.84877764539355,0.08786311258181953
pca,teste,F0L,593,11.8687756982406,0.13644405086703768
pca,teste,F0L,594,11.8887736044646,0.11420567025115722
pca,teste,F0L,595,11.90877165731165,0.16532896844069375
pca,teste,F0L,596,11.9287697101587,0.16056828427171543
pca,teste,F0L,597,11.9487676163827,0.05575532135944941
pca,teste,F0L,598,11.96876566922975,0.0805536598697234
pca,teste,F0L,599,11.9887637220768,0.06765668239742725
pca,teste,F0L,600,12.0087616283008,0.07460027119252848
pca,teste,F0L,601,12.0287595345249,0.07854497310128072
pca,teste,F0L,602,12.048757587371899,0.08404781998294085
pca,teste,F0L,603,12.0687556402189,0.06014436938410757
pca,teste,F0L,604,12.088753546443002,0.0679534425826542
pca,teste,F0L,605,12.108751599289999,0.05071829508998141
pca,teste,F0L,606,12.128749652137,0.05641168072870818
pca,teste,F0L,607,12.148747558361102,0.0954988381862725
pca,teste,F0L,608,12.168745611208099,0.08314813304427397
pca,teste,F0L,609,12.1887436640551,0.10683442482941397
pca,teste,F0L,610,12.208741570279201,0.08214085020563014
pca,teste,F0L,611,12.228739623126199,0.07588172254614794
pca,teste,F0L,612,12.248737529350251,0.09463150781842372
pca,teste,F0L,613,12.268735582197301,0.09577738996040853
pca,teste,F0L,614,12.2887334884213,0.13446637302866868
pca,teste,F0L,615,12.308731541268351,0.1591127591102368
pca,teste,F0L,616,12.328729594115401,0.1292717403451949
pca,teste,F0L,617,12.3487275003394,0.11902346404044921
pca,teste,F0L,618,12.36872555318645,0.11714511750002078
pca,teste,F0L,619,12.388723606033501,0.06962009685528335
pca,teste,F0L,620,12.4087215122575,0.06473595014351759
pca,teste,F0L,621,12.42871956510455,0.08808102520113392
pca,teste,F0L,622,12.448717617951601,0.1279076193194747
pca,teste,F0L,623,12.4687155241756,0.05350958782365815
pca,teste,F0L,624,12.488713430399699,0.12140783671981686
pca,teste,F0L,625,12.50871148324675,0.06319391819940973
pca,teste,F0L,626,12.5287095360937,0.06810253910451614
pca,teste,F0L,627,12.548707442317799,0.03843890287544899
pca,teste,F0L,628,12.56870549516485,0.07592934946781202
pca,teste,F0L,629,12.5887035480118,0.05819550362066171
pca,teste,F0L,630,12.608701454235899,0.04768153965573673
pca,teste,F0L,631,12.628699507082949,0.06178748485325035
pca,teste,F0L,632,12.6486975599299,0.04958511942510148
pca,teste,F0L,633,12.668695466153999,0.039446905505843816
pca,teste,F0L,634,12.68869337237805,0.07154806622051552
pca,teste,F0L,635,12.70869142522505,0.6067396616471935
pca,teste,F0L,636,12.728689478072098,0.06602637017454452
pca,teste,F0L,637,12.74868738429615,0.07500169017586351
pca,teste,F0L,638,12.76868543714315,0.14238577357350377
pca,teste,F0L,639,12.788683489990198,0.11174906074057639
pca,teste,F0L,640,12.8086813962143,0.06876805306264819
pca,teste,F0L,641,12.82867944906125,0.16290460507236992
pca,teste,F0L,642,12.8486775019083,0.09676480561259734
pca,teste,F0L,643,12.8686754081324,0.11142231167903613
pca,teste,F0L,644,12.88867346097935,0.11296602918020998
pca,teste,F0L,645,12.90867136720345,0.08708460349949151
pca,teste,F0L,646,12.9286694200505,0.13172412868918235
pca,teste,F0L,647,12.9486673262745,0.12923887266594383
pca,teste,F0L,648,12.96866537912155,0.16738599876495713
pca,teste,F0L,649,12.9886634319686,0.19144501283069992
pca,teste,F0L,650,13.0086613381926,0.05425107068438774
pca,teste,F0L,651,13.02865939103965,0.0574281704979696
pca,teste,F0L,652,13.0486574438867,0.05730820863872615
pca,teste,F0L,653,13.0686553501107,0.0806707008443812
pca,teste,F0L,654,13.08865340295775,0.07425851908458339
pca,teste,F0L,655,13.1086514558048,0.0845739880714123
pca,teste,F0L,656,13.1286493620288,0.09544671675141894
pca,teste,F0L,657,13.148647268252901,0.11264549227857491
pca,teste,F0L,658,13.168645321099898,0.055485101638884315
pca,teste,F0L,659,13.1886433739469,0.08654842335952678
pca,teste,F0L,660,13.208641280171001,0.07178226324765505
pca,teste,F0L,661,13.228639333018,0.09568731257027294
pca,teste,F0L,662,13.248637385864999,0.09315823211779423
pca,teste,F0L,663,13.268635292089101,0.09794120301659964
pca,teste,F0L,664,13.2886333449361,0.1024301459715127
pca,teste,F0L,665,13.308631397783099,0.09357649775359499
pca,teste,F0L,666,13.328629304007201,0.1184099606804696
pca,teste,F0L,667,13.3486272102312,0.22304579415450537
pca,teste,F0L,668,13.36862526307825,0.20424970490833322
pca,teste,F0L,669,13.388623315925301,0.16465792173814403
pca,teste,F0L,670,13.4086212221493,0.14320711575531853
pca,teste,F0L,671,13.42861927499635,0.11632735908115799
pca,teste,F0L,672,13.448617327843401,0.10484491870412568
pca,teste,F0L,673,13.4686152340674,0.07162351939913275
pca,teste,F0L,674,13.48861328691445,0.07508607957735047
pca,teste,F0L,675,13.5086113397615,0.19046276689058833
pca,teste,F0L,676,13.5286092459855,0.16530819717537903
pca,teste,F0L,677,13.54860729883255,0.08247621868427565
pca,teste,F0L,678,13.568605205056649,0.08699622518210098
pca,teste,F0L,679,13.5886032579036,0.05125677837964804
pca,teste,F0L,680,13.6086011641277,0.055647135767934494
pca,teste,F0L,681,13.628599216974749,0.029814225149445
pca,teste,F0L,682,13.6485972698217,0.06291665704417829
pca,teste,F0L,683,13.6685951760458,0.06049246943989306
pca,teste,F0L,684,13.688593228892849,0.06424138274856464
pca,teste,F0L,685,13.7085912817398,0.07202365713702717
pca,teste,F0L,686,13.7285891879639,0.04081142344249282
pca,teste,F0L,687,13.748587240810949,0.07156769776034048
pca,teste,F0L,688,13.7685852936579,0.37189085125437427
pca,teste,F0L,689,13.788583199882,0.03055784777321997
pca,teste,F0L,690,13.8085811061061,0.08564579134860639
pca,teste,F0L,691,13.828579158953051,0.11803507612586914
pca,teste,F0L,692,13.848577211800102,0.1636194197137475
pca,teste,F0L,693,13.8685751180242,0.13809212493086373
pca,teste,F0L,694,13.888573170871151,0.07761787445101347
pca,teste,F0L,695,13.908571223718202,0.0720135636644471
pca,teste,F0L,696,13.9285691299423,0.11367943382868523
pca,teste,F0L,697,13.948567182789251,0.09684923414418127
pca,teste,F0L,698,13.968565235636301,0.09972636009420129
pca,teste,F0L,699,13.9885631418604,0.11776223383863853
pca,teste,F0L,700,14.008561048084399,0.10332830282905608
pca,teste,F0L,701,14.02855910093145,0.11819962399097358
pca,teste,F0L,702,14.0485571537785,0.1863836725673945
pca,teste,F0L,703,14.068555060002499,0.054178929413302275
pca,teste,F0L,704,14.08855311284955,0.07677995683198639
pca,teste,F0L,705,14.1085511656966,0.07266488325580078
pca,teste,F0L,706,14.128549071920599,0.0650895410196684
pca,teste,F0L,707,14.14854712476765,0.07222597112561277
pca,teste,F0L,708,14.1685451776147,0.08394249521881739
pca,teste,F0L,709,14.188543083838699,0.08993836962968596
pca,teste,F0L,710,14.20854113668575,0.10258395013351151
pca,teste,F0L,711,14.228539042909802,0.10626242063628885
pca,teste,F0L,712,14.248537095756799,0.10475880769951161
pca,teste,F0L,713,14.2685350019809,0.10990047440451972
pca,teste,F0L,714,14.288533054827901,0.15091889131243635
pca,teste,F0L,715,14.308531107674899,0.09804539274733175
pca,teste,F0L,716,14.328529013899,0.12233223174703037
pca,teste,F0L,717,14.348527066746001,0.09772682122986046
pca,teste,F0M,566,11.328856044693001,0.26938603775069525
pca,teste,F0M,567,11.34885409754005,0.39098011974774527
pca,teste,F0M,568,11.368852150387099,0.32282141584564844
pca,teste,F0M,569,11.388850056611101,0.09181212983424375
pca,teste,F0M,570,11.40884810945815,0.1840362675206335
pca,teste,F0M,571,11.4288460156822,0.12157238412182421
pca,teste,F0M,572,11.448844068529201,0.10418470100372951
pca,teste,F0M,573,11.4688419747533,0.06788411668065522
pca,teste,F0M,574,11.4888400276003,0.06931293916446747
pca,teste,F0M,575,11.508838080447301,0.09334196101195014
pca,teste,F0M,576,11.5288359866714,0.09213052648654334
pca,teste,F0M,577,11.5488340395184,0.11805311195713368
pca,teste,F0M,578,11.568832092365401,0.12374057716516261
pca,teste,F0M,579,11.5888299985895,0.06830573626329703
pca,teste,F0M,580,11.6088280514365,0.07246585918280396
pca,teste,F0M,581,11.628826104283501,0.04688684738791258
pca,teste,F0M,582,11.6488240105076,0.034962427624762274
pca,teste,F0M,583,11.66882206335465,0.06747131183287108
pca,teste,F0M,584,11.688820116201601,0.07159983483753869
pca,teste,F0M,585,11.7088180224257,0.06572265828499901
pca,teste,F0M,586,11.72881607527275,0.06458403027643085
pca,teste,F0M,587,11.748813981496749,0.07813349329659766
pca,teste,F0M,588,11.7688120343438,0.09444777642542418
pca,teste,F0M,589,11.78880994056785,0.052340145309085755
pca,teste,F0M,590,11.808807993414849,0.06234703461636145
pca,teste,F0M,591,11.8288060462619,0.057039299593397125
pca,teste,F0M,592,11.84880395248595,0.05012704170987871
pca,teste,F0M,593,11.868802005332949,0.031736888486768366
pca,teste,F0M,594,11.88880005818,0.028709229288927374
pca,teste,F0M,595,11.90879796440405,0.049597450374085764
pca,teste,F0M,596,11.928796017251049,0.0481566278909816
pca,teste,F0M,597,11.9487940700981,0.1235763480654469
pca,teste,F0M,598,11.96879197632215,0.2217689629938042
pca,teste,F0M,599,11.988790029169149,0.17888858503525923
pca,teste,F0M,600,12.00878793539325,0.1804706969096475
pca,teste,F0M,601,12.02878598824025,0.29429338609826494
pca,teste,F0M,602,12.048784041087249,0.09310754982452978
pca,teste,F0M,603,12.0687820939343,0.09437394703160458
pca,teste,F0M,604,12.08878000015835,0.10777074278865424
pca,teste,F0M,605,12.1087779063824,0.04884184292652846
pca,teste,F0M,606,12.12877595922945,0.043153023862826934
pca,teste,F0M,607,12.14877401207645,0.08202884801715833
pca,teste,F0M,608,12.1687719183005,0.08274915141271116
pca,teste,F0M,609,12.18876997114755,0.11092654265393258
pca,teste,F0M,610,12.208768023994601,0.054372719662246646
pca,teste,F0M,611,12.2287659302186,0.16981037078386158
pca,teste,F0M,612,12.24876398306565,0.17506305948405593
pca,teste,F0M,613,12.268762035912701,0.14187070401511168
pca,teste,F0M,614,12.2887599421367,0.11831393032989139
pca,teste,F0M,615,12.30875799498375,0.1689198561653576
pca,teste,F0M,616,12.3287559012078,0.16719549742331186
pca,teste,F0M,617,12.3487539540548,0.07940780981875847
pca,teste,F0M,618,12.36875200690185,0.19178173716039684
pca,teste,F0M,619,12.3887500597489,0.23797095952040878
pca,teste,F0M,620,12.4087479659729,0.3370918488190996
pca,teste,F0M,621,12.42874601881995,0.24281885497669894
pca,teste,F0M,622,12.448744071667,0.2135064634231516
pca,teste,F0M,623,12.468741977891,0.14801922374342624
pca,teste,F0M,624,12.4887398841151,0.2267684624167789
pca,teste,F0M,625,12.508737936962099,0.19051640316401935
pca,teste,F0M,626,12.5287359898091,0.1414492265045524
pca,teste,F0M,627,12.5487338960332,0.1263810984077816
pca,teste,F0M,628,12.568731948880199,0.14799829388267474
pca,teste,F0M,629,12.5887300017272,0.09025686163534158
pca,teste,F0M,630,12.6087279079513,0.11970479223858912
pca,teste,F0M,631,12.628725960798299,0.07379446807435401
pca,teste,F0M,632,12.6487240136453,0.09994532092345496
pca,teste,F0M,633,12.6687219198694,0.062118143759888986
pca,teste,F0M,634,12.688719972716399,0.04176529842425408
pca,teste,F0M,635,12.7087180255634,0.05239041539587504
pca,teste,F0M,636,12.7287159317875,0.059832335584169116
pca,teste,F0M,637,12.748713984634499,0.0470920920815468
pca,teste,F0M,638,12.7687120374815,0.04362756866975386
pca,teste,F0M,639,12.788709943705602,0.05497385519623339
pca,teste,F0M,640,12.808707996552599,0.1018703875176152
pca,teste,F0M,641,12.828705902776651,0.059184601635708656
pca,teste,F0M,642,12.848703955623701,0.06461791693497031
pca,teste,F0M,643,12.8687018618477,0.06817341435065642
pca,teste,F0M,644,12.888699914694751,0.06116987529955405
pca,teste,F0M,645,12.908697967541801,0.05451785715871082
pca,teste,F0M,646,12.9286958737658,0.11908229803927622
pca,teste,F0M,647,12.948693926612851,0.0432760056252824
pca,teste,F0M,648,12.968691979459901,0.05128502680843876
pca,teste,F0M,649,12.9886898856839,0.03818767549906471
pca,teste,F0M,650,13.00868793853095,0.1216694020433276
pca,teste,F0M,651,13.028685991378001,0.14517018415678629
pca,teste,F0M,652,13.048683897602,0.1462604126030168
pca,teste,F0M,653,13.06868195044905,0.20684883416692562
pca,teste,F0M,654,13.088680003296101,0.1496415585001956
pca,teste,F0M,655,13.1086779095201,0.1316295622915628
pca,teste,F0M,656,13.12867596236715,0.10326896444002562
pca,teste,F0M,657,13.14867386859125,0.14074345816050657
pca,teste,F0M,658,13.1686719214382,0.09701612890400738
pca,teste,F0M,659,13.188669827662299,0.06686696463618787
pca,teste,F0M,660,13.20866788050935,0.12150411988563363
pca,teste,F0M,661,13.22866593335635,0.11716997228199377
pca,teste,F0M,662,13.248663839580399,0.11925348372568617
pca,teste,F0M,663,13.268661892427449,0.11016305196411391
pca,teste,F0M,664,13.28865994527445,0.1525216484512032
pca,teste,F0M,665,13.308657851498499,0.12956153833039813
pca,teste,F0M,666,13.328655904345549,0.13901989800565528
pca,teste,F0M,667,13.34865395719255,0.11827596060201168
pca,teste,F0M,668,13.368651863416599,0.11449917863313581
pca,teste,F0M,669,13.388649916263649,0.10736874936469298
pca,teste,F0M,670,13.40864796911065,0.12578689824693517
pca,teste,F0M,671,13.428645875334698,0.08092709264996326
pca,teste,F0M,672,13.448643928181749,0.15857214045012957
pca,teste,F0M,673,13.46864183440575,0.3846099430844453
pca,teste,F0M,674,13.4886398872528,0.41070155453488083
pca,teste,F0M,675,13.508637940099849,0.1640826036712807
pca,teste,F0M,676,13.52863599294685,0.269808687387982
pca,teste,F0M,677,13.5486338991709,0.1380106149946448
pca,teste,F0M,678,13.568631805395,0.146429158262309
pca,teste,F0M,679,13.588629858241951,0.14991666116374788
pca,teste,F0M,680,13.608627911089,0.1444270268242686
pca,teste,F0M,681,13.6286258173131,0.16471661451435915
pca,teste,F0M,682,13.648623870160051,0.1306762181771011
pca,teste,F0M,683,13.6686219230071,0.10384921049355128
pca,teste,F0M,684,13.6886198292312,0.04156681675417567
pca,teste,F0M,685,13.708617882078151,0.09518107295099439
pca,teste,F0M,686,13.7286159349252,0.1166758109598798
pca,teste,F0M,687,13.7486138411493,0.05133481213947709
pca,teste,F0M,688,13.768611893996251,0.04814608777794191
pca,teste,F0M,689,13.7886099468433,0.0695792427672172
pca,teste,F0M,690,13.8086078530674,0.0666429145688251
pca,teste,F0M,691,13.8286057592914,0.08806666643690889
pca,teste,F0M,692,13.8486039587614,0.1486996307184308
pca,teste,F0M,693,13.8686018649855,0.06958236480971582
pca,teste,F0M,694,13.888599917832451,0.05161134434321446
pca,teste,F0M,695,13.90859782405655,0.08322598482281879
pca,teste,F0M,696,13.9285958769036,0.08108209356802595
pca,teste,F0M,697,13.948593783127599,0.08318773825638467
pca,teste,F0M,698,13.96859183597465,0.06163715147287625
pca,teste,F0M,699,13.9885898888217,0.06551551296214399
pca,teste,F0M,700,14.008587795045699,0.09795941290210047
pca,teste,F0M,701,14.02858584789275,0.07304909606947803
pca,teste,F0M,702,14.0485839007398,0.0456244726179353
pca,teste,F0M,703,14.068581806963799,0.11224650026699878
pca,teste,F0M,704,14.08857985981085,0.2147347900731258
