scenario_id,time_years,reliability,cumulative_failure_probability,failure_density_per_year,hazard_per_year
torres_colli_rate,0.0,1.0,0.0,1.533,1.533
torres_colli_rate,0.05,0.926213971772628,0.07378602822737199,1.4198860187274387,1.533
torres_colli_rate,0.1,0.8578723215068266,0.14212767849317343,1.315118268869965,1.533
torres_colli_rate,0.15000000000000002,0.7945733301766427,0.20542666982335728,1.2180809151607932,1.533
torres_colli_rate,0.2,0.735944920007512,0.26405507999248795,1.1282035623715159,1.533
torres_colli_rate,0.25,0.6816424673660467,0.3183575326339533,1.0449579024721496,1.533
torres_colli_rate,0.30000000000000004,0.6313467770280001,0.36865322297199987,0.9678546091839242,1.533
torres_colli_rate,0.35000000000000003,0.5847622059169518,0.41523779408304823,0.8964404616706871,1.533
torres_colli_rate,0.4,0.5416149252848633,0.45838507471513673,0.8302956804616954,1.533
torres_colli_rate,0.45,0.5016513111194284,0.49834868888057166,0.7690314599460837,1.533
torres_colli_rate,0.5,0.4646364533168721,0.5353635466831279,0.7122876829347649,1.533
torres_colli_rate,0.55,0.4303527748569673,0.5696472251430327,0.6597308038557309,1.533
torres_colli_rate,0.6000000000000001,0.39859875286364327,0.6014012471363568,0.6110518881399651,1.533
torres_colli_rate,0.65,0.36918773403345123,0.6308122659665487,0.5659647962732807,1.533
torres_colli_rate,0.7000000000000001,0.3419468374688595,0.6580531625311405,0.5242045018397616,1.533
torres_colli_rate,0.75,0.31671593846712165,0.6832840615328784,0.4855255336700975,1.533
torres_colli_rate,0.8,0.29334672729132805,0.706653272708672,0.44970053293760587,1.533
torres_colli_rate,0.8500000000000001,0.2717018373910029,0.728298162608997,0.4165189167204074,1.533
torres_colli_rate,0.9,0.2516540379478415,0.7483459620521584,0.38578564017404104,1.533
torres_colli_rate,0.9500000000000001,0.23308548600028994,0.76691451399971,0.35732005003844447,1.533
torres_colli_rate,1.0,0.21588703375088183,0.7841129662491182,0.33095482274010185,1.533
torres_colli_rate,1.05,0.19995758698461566,0.8000424130153844,0.3065349808474158,1.533
torres_colli_rate,1.1,0.18520351082709158,0.8147964891729085,0.28391698209793137,1.533
torres_colli_rate,1.1500000000000001,0.17153807934939544,0.8284619206506045,0.2629678756426232,1.533
torres_colli_rate,1.2000000000000002,0.15888096578445177,0.8411190342155482,0.24356452054756456,1.533
torres_colli_rate,1.25,0.14715777035828811,0.8528422296417119,0.22559286195925568,1.533
torres_colli_rate,1.3,0.13629958296075434,0.8637004170392457,0.2089472606788364,1.533
torres_colli_rate,1.35,0.12624257808503309,0.8737574219149669,0.19352987220435572,1.533
torres_colli_rate,1.4000000000000001,0.11692763965495463,0.8830723603450453,0.17925007159104545,1.533
torres_colli_rate,1.4500000000000002,0.10830001353481412,0.8916999864651859,0.16602392074887004,1.533
torres_colli_rate,1.5,0.10030898567910958,0.8996910143208904,0.15377367504607498,1.533
torres_colli_rate,1.55,0.09290758403033175,0.9070924159696683,0.14242732631849858,1.533
torres_colli_rate,1.6,0.08605230241253277,0.9139476975874672,0.13191817959841273,1.533
torres_colli_rate,1.6500000000000001,0.07970284479769126,0.9202971552023087,0.12218446107486068,1.533
torres_colli_rate,1.7000000000000002,0.07382188844164697,0.9261781115583531,0.1131689549810448,1.533
torres_colli_rate,1.75,0.06837486449729371,0.9316251355027063,0.10481866727435125,1.533
torres_colli_rate,1.8,0.06332975481545366,0.9366702451845463,0.09708451413209046,1.533
torres_colli_rate,1.85,0.05865690373900804,0.941343096260992,0.08992103343189932,1.533
torres_colli_rate,1.9000000000000001,0.05432884378399135,0.9456711562160086,0.08328611752085874,1.533
torres_colli_rate,1.9500000000000002,0.05032013418298529,0.9496798658170147,0.07714076570251645,1.533
torres_colli_rate,2.0,0.0466072113417544,0.9533927886582456,0.07144885498690949,1.533
torres_colli_rate,2.0500000000000003,0.043168250330092604,0.9568317496699074,0.06617692775603196,1.533
torres_colli_rate,2.1,0.03998303659271013,0.9600169634072899,0.06129399509662463,1.533
torres_colli_rate,2.15,0.037032847126064396,0.9629671528739356,0.056771354644256714,1.533
torres_colli_rate,2.2,0.03430034042268063,0.9656996595773194,0.05258242186796941,1.533
torres_colli_rate,2.25,0.03176945453604427,0.9682305454639557,0.04870257380375586,1.533
torres_colli_rate,2.3000000000000003,0.029425312666879484,0.9705746873331205,0.04510900431832625,1.533
torres_colli_rate,2.35,0.027254135715841874,0.9727458642841581,0.04178059005238559,1.533
torres_colli_rate,2.4000000000000004,0.02524316128860013,0.9747568387113998,0.038697766255423996,1.533
torres_colli_rate,2.45,0.023380568677211378,0.9766194313227886,0.03584241178216504,1.533
torres_colli_rate,2.5,0.021655409376822664,0.9783445906231774,0.03319774257466914,1.533
torres_colli_rate,2.5500000000000003,0.020057542729269115,0.9799424572707309,0.03074821300396955,1.533
torres_colli_rate,2.6,0.018577576315275554,0.9814224236847244,0.028479424491317424,1.533
torres_colli_rate,2.6500000000000004,0.01720681074488047,0.9827931892551195,0.026378040871901758,1.533
torres_colli_rate,2.7,0.015937188521555675,0.9840628114784443,0.024431710003544847,1.533
torres_colli_rate,2.75,0.014761246679439219,0.9852387533205608,0.022628991159580322,1.533
torres_colli_rate,2.8000000000000003,0.013672072915278917,0.9863279270847211,0.02095928777912258,1.533
torres_colli_rate,2.85,0.01266326495722546,0.9873367350427745,0.01941278517942663,1.533
torres_colli_rate,2.9000000000000004,0.011728892931640924,0.9882711070683591,0.017980392864205535,1.533
torres_colli_rate,2.95,0.010863464506711044,0.989136535493289,0.01665369108878803,1.533
torres_colli_rate,3.0,0.010061892607971811,0.9899381073920281,0.015424881368020785,1.533
torres_colli_rate,3.0500000000000003,0.009319465515979218,0.9906805344840208,0.01428674063599614,1.533
torres_colli_rate,3.1,0.008631819170353156,0.9913681808296468,0.013232578788151388,1.533
torres_colli_rate,3.1500000000000004,0.00799491151739591,0.992005088482604,0.012256199356167929,1.533
torres_colli_rate,3.2,0.007404998750497994,0.992595001249502,0.011351863084513424,1.533
torres_colli_rate,3.25,0.0068586133036700955,0.9931413866963299,0.010514254194526255,1.533
torres_colli_rate,3.3000000000000003,0.00635254346884486,0.9936474565311552,0.00973844913773917,1.533
torres_colli_rate,3.35,0.005883814517137066,0.994116185482863,0.009019887654771122,1.533
torres_colli_rate,3.4000000000000004,0.00544967121309097,0.9945503287869091,0.008354345969668456,1.533
torres_colli_rate,3.45,0.0050475616191319435,0.9949524383808681,0.007737911962129269,1.533
torres_colli_rate,3.5,0.004675122095023275,0.9953248779049767,0.00716696217167068,1.533
torres_colli_rate,3.5500000000000003,0.004330163404153478,0.9956698365958465,0.006638140498567281,1.533
torres_colli_rate,3.6,0.0040106578449854765,0.9959893421550146,0.0061483384763627354,1.533
torres_colli_rate,3.6500000000000004,0.0037147273320250447,0.996285272667975,0.005694676999994393,1.533
torres_colli_rate,3.7,0.003440632356247255,0.9965593676437527,0.005274489402127042,1.533
torres_colli_rate,3.75,0.003186761760089189,0.9968132382399109,0.004885305778216726,1.533
torres_colli_rate,3.8000000000000003,0.002951623266905336,0.9970483767330947,0.00452483846816588,1.533
torres_colli_rate,3.85,0.0027338347092168915,0.9972661652907832,0.004190968609229495,1.533
torres_colli_rate,3.9000000000000004,0.0025321159041936446,0.9974678840958063,0.003881733681128857,1.533
torres_colli_rate,3.95,0.002345281128611835,0.9976547188713881,0.003595315970161943,1.533
torres_colli_rate,4.0,0.00217223214905496,0.9978277678509451,0.0033300318845012533,1.533
torres_colli_rate,4.05,0.002011951766388386,0.9979880482336116,0.0030843220578733958,1.533
torres_colli_rate,4.1000000000000005,0.00186349783656154,0.9981365021634384,0.002856742183448841,1.533
torres_colli_rate,4.15,0.0017259977325913638,0.9982740022674086,0.0026459545240625605,1.533
torres_colli_rate,4.2,0.0015986432151739976,0.998401356784826,0.0024507200488617384,1.533
torres_colli_rate,4.25,0.0014806856817736725,0.9985193143182264,0.0022698911501590397,1.533
torres_colli_rate,4.3,0.001371431766262456,0.9986285682337376,0.002102404897680345,1.533
torres_colli_rate,4.3500000000000005,0.0012702392632450979,0.9987297607367549,0.001947276790554735,1.533
torres_colli_rate,4.4,0.0011765133531117789,0.9988234866468882,0.001803594970320357,1.533
torres_colli_rate,4.45,0.0010897031056291942,0.9989102968943708,0.0016705148609295548,1.533
torres_colli_rate,4.5,0.0010092982415177837,0.9989907017584823,0.0015472542042467624,1.533
torres_colli_rate,4.55,0.0009348261329793157,0.9990651738670207,0.001433088461857291,1.533
torres_colli_rate,4.6000000000000005,0.0008658490255436184,0.9991341509744563,0.0013273465561583668,1.533
torres_colli_rate,4.65,0.0008019614649042144,0.9991980385350958,0.0012294069256981606,1.533
torres_colli_rate,4.7,0.0007427879136175276,0.9992572120863825,0.0011386938715756698,1.533
torres_colli_rate,4.75,0.000687980543656394,0.9993120194563436,0.001054674173425252,1.533
torres_colli_rate,4.800000000000001,0.0006372171918422802,0.9993627828081577,0.0009768539550942155,1.533
torres_colli_rate,4.8500000000000005,0.000590199466138039,0.999409800533862,0.0009047757815896137,1.533
torres_colli_rate,4.9,0.0005466509916697978,0.9994533490083302,0.0008380159702297999,1.533
torres_colli_rate,4.95,0.0005063157861679293,0.9994936842138321,0.0007761821001954355,1.533
torres_colli_rate,5.0,0.00046895675527777893,0.9995310432447222,0.000718910705840835,1.533
torres_colli_rate,5.050000000000001,0.0004343542988954352,0.9995656457011045,0.0006658651402067021,1.533
torres_colli_rate,5.1000000000000005,0.0004023050203364563,0.9995976949796636,0.0006167335961757875,1.533
torres_colli_rate,5.15,0.0003726205307498975,0.9996273794692501,0.0005712272736395928,1.533
torres_colli_rate,5.2,0.00034512634174988725,0.9996548736582501,0.0005290786819025771,1.533
torres_colli_rate,5.25,0.0003196608397555205,0.9996803391602445,0.0004900400673452128,1.533
torres_colli_rate,5.300000000000001,0.00029607433601013395,0.9997039256639899,0.0004538819571035353,1.533
torres_colli_rate,5.3500000000000005,0.0002742281866958896,0.9997257718133041,0.00042039181020479875,1.533
torres_colli_rate,5.4,0.0002539939779716059,0.9997460060220283,0.0003893727682304719,1.533
torres_colli_rate,5.45,0.00023525277114341074,0.9997647472288566,0.00036064249816284864,1.533
torres_colli_rate,5.5,0.0002178944035312554,0.9997821055964687,0.0003340321206134145,1.533
torres_colli_rate,5.550000000000001,0.00020181684092171164,0.9997981831590783,0.0003093852171329839,1.533
torres_colli_rate,5.6000000000000005,0.00018692557780070336,0.9998130744221992,0.00028655691076847825,1.533
torres_colli_rate,5.65,0.0001731330818406827,0.9998268669181594,0.00026541301446176657,1.533
torres_colli_rate,5.7,0.00016035827937689435,0.9998396417206231,0.000245829242284779,1.533
torres_colli_rate,5.75,0.0001485260788482979,0.9998514739211517,0.00022769047887444068,1.533
torres_colli_rate,5.800000000000001,0.00013756692940189642,0.9998624330705981,0.0002108901027731072,1.533
torres_colli_rate,5.8500000000000005,0.00012741641206589534,0.9998725835879341,0.00019532935969701753,1.533
torres_colli_rate,5.9,0.00011801486108857063,0.9998819851389115,0.00018091678204877878,1.533
torres_colli_rate,5.95,0.00010930701321704008,0.999890692986783,0.00016756765126172242,1.533
torres_colli_rate,6.0,0.00010124168285435776,0.9998987583171457,0.00015520349981573044,1.533
torres_colli_rate,6.050000000000001,9.377146118547941e-05,0.9999062285388145,0.00014375164999733993,1.533
torres_colli_rate,6.1000000000000005,8.685243750352579e-05,0.9999131475624965,0.00013314478669290502,1.533
torres_colli_rate,6.15,8.044394109827466e-05,0.9999195560589017,0.00012332056170365503,1.533
torres_colli_rate,6.2,7.450830218967626e-05,0.9999254916978103,0.0001142212272567737,1.533
torres_colli_rate,6.25,6.901063050113532e-05,0.9999309893694989,0.00010579329655824043,1.533
torres_colli_rate,6.300000000000001,6.391861017098975e-05,0.999936081389829,9.798722939212728e-05,1.533
torres_colli_rate,6.3500000000000005,5.920230979665867e-05,0.9999407976902034,9.075714091827774e-05,1.533
torres_colli_rate,6.4,5.483400649487685e-05,0.9999451659935051,8.40605319566462e-05,1.533
torres_colli_rate,6.45,5.078802294382593e-05,0.9999492119770562,7.785803917288515e-05,1.533
torres_colli_rate,6.5,4.704057644928042e-05,0.9999529594235507,7.211320369674688e-05,1.533
torres_colli_rate,6.550000000000001,4.356963914756193e-05,0.9999564303608525,6.679225681321244e-05,1.533
torres_colli_rate,6.6000000000000005,4.035480852356348e-05,0.9999596451914764,6.186392146662281e-05,1.533
torres_colli_rate,6.65,3.7377187482733675e-05,0.9999626228125172,5.729922841103072e-05,1.533
torres_colli_rate,6.7,3.461927327207289e-05,0.9999653807267279,5.307134592608773e-05,1.533
torres_colli_rate,6.75,3.206485459720864e-05,0.9999679351454028,4.915542209752085e-05,1.533
torres_colli_rate,6.800000000000001,2.9698916330792405e-05,0.9999703010836692,4.552843873510475e-05,1.533
torres_colli_rate,6.8500000000000005,2.7507551252086177e-05,0.9999724924487479,4.2169076069448106e-05,1.533
torres_colli_rate,6.9,2.547787829893389e-05,0.999974522121701,3.9057587432265654e-05,1.533
torres_colli_rate,6.95,2.359796685159523e-05,0.9999764020331484,3.6175683183495485e-05,1.533
torres_colli_rate,7.0,2.185676660337482e-05,0.9999781432333966,3.3506423202973595e-05,1.533
torres_colli_rate,7.050000000000001,2.024404260581911e-05,0.9999797559573942,3.103411731472069e-05,1.533
torres_colli_rate,7.1000000000000005,1.8750315106670037e-05,0.9999812496848933,2.8744233058525164e-05,1.533
torres_colli_rate,7.15,1.7366803826937148e-05,0.9999826331961731,2.6623310266694646e-05,1.533
torres_colli_rate,7.2,1.608537634954355e-05,0.9999839146236504,2.465888194385026e-05,1.533
torres_colli_rate,7.25,1.4898500316168215e-05,0.9999851014996838,2.2839400984685874e-05,1.533
torres_colli_rate,7.300000000000001,1.3799199151293907e-05,0.9999862008008487,2.1154172298933558e-05,1.533
torres_colli_rate,7.3500000000000005,1.278101105320142e-05,0.9999872189889468,1.9593289944557774e-05,1.533
torres_colli_rate,7.4,1.1837951010855537e-05,0.9999881620489891,1.814757889964154e-05,1.533
torres_colli_rate,7.45,1.0964475623414314e-05,0.9999890355243766,1.6808541130694143e-05,1.533
torres_colli_rate,7.5,1.0155450515566744e-05,0.9999898445494845,1.5568305640363818e-05,1.533
torres_colli_rate,7.550000000000001,9.406120157163434e-06,0.9999905938798428,1.4419582200931544e-05,1.533
torres_colli_rate,7.6000000000000005,8.712079909736928e-06,0.9999912879200903,1.335561850162671e-05,1.533
torres_colli_rate,7.65,8.069250135597966e-06,0.9999919307498644,1.2370160457871682e-05,1.533
torres_colli_rate,7.7,7.473852217319005e-06,0.9999925261477827,1.1457415449150034e-05,1.533
torres_colli_rate,7.75,6.922386346644705e-06,0.9999930776136533,1.0612018269406332e-05,1.533
torres_colli_rate,7.800000000000001,6.411610952270399e-06,0.9999935883890477,9.828999589830521e-06,1.533
torres_colli_rate,7.8500000000000005,5.938523645563243e-06,0.9999940614763544,9.103756748648451e-06,1.533
torres_colli_rate,7.9,5.500343572222803e-06,0.9999944996564277,8.432026696217556e-06,1.533
torres_colli_rate,7.95,5.094495066142524e-06,0.9999949055049339,7.809860936396489e-06,1.533
torres_colli_rate,8.0,4.718592509387929e-06,0.9999952814074906,7.233602316891695e-06,1.533
torres_colli_rate,8.05,4.3704263092967615e-06,0.9999956295736907,6.699863532151935e-06,1.533
torres_colli_rate,8.1,4.047949910273346e-06,0.9999959520500897,6.205507212449039e-06,1.533
torres_colli_rate,8.15,3.749267763930926e-06,0.9999962507322361,5.747627482106109e-06,1.533
torres_colli_rate,8.200000000000001,3.47262418686954e-06,0.9999965273758131,5.3235328784710045e-06,1.533
torres_colli_rate,8.25,3.216393040594133e-06,0.9999967836069594,4.9307305312308054e-06,1.533
torres_colli_rate,8.3,2.9790681729105292e-06,0.9999970209318271,4.566911509071841e-06,1.533
torres_colli_rate,8.35,2.75925456461289e-06,0.9999972407454354,4.22993724755156e-06,1.533
torres_colli_rate,8.4,2.5556601294218563e-06,0.9999974443398706,3.9178269784037055e-06,1.533
torres_colli_rate,8.450000000000001,2.3670881189727645e-06,0.999997632911881,3.6287460863852477e-06,1.533
torres_colli_rate,8.5,2.192430088209565e-06,0.9999978075699117,3.3609953252252633e-06,1.533
torres_colli_rate,8.55,2.030659379834393e-06,0.9999979693406201,3.1130008292861244e-06,1.533
torres_colli_rate,8.6,1.8808250895137601e-06,0.9999981191749104,2.8833048622245942e-06,1.533
torres_colli_rate,8.65,1.7420464763681439e-06,0.9999982579535236,2.6705572482723645e-06,1.533
torres_colli_rate,8.700000000000001,1.6135077858894488e-06,0.9999983864922141,2.473507435768525e-06,1.533
torres_colli_rate,8.75,1.4944534548547297e-06,0.9999985055465451,2.2909971462923007e-06,1.533
torres_colli_rate,8.8,1.3841836700503215e-06,0.99999861581633,2.1219535661871427e-06,1.533
torres_colli_rate,8.85,1.2820502547001248e-06,0.9999987179497453,1.965383040455291e-06,1.533
torres_colli_rate,8.9,1.187452858417911e-06,0.9999988125471416,1.8203652319546573e-06,1.533
torres_colli_rate,8.950000000000001,1.0998354282880107e-06,0.9999989001645717,1.6860477115655203e-06,1.533
torres_colli_rate,9.0,1.0186829403308905e-06,0.9999989813170597,1.5616409475272551e-06,1.533
torres_colli_rate,9.05,9.435183721408924e-07,0.9999990564816279,1.446413664491988e-06,1.533
torres_colli_rate,9.1,8.738998989010613e-07,0.9999991261001011,1.339688545015327e-06,1.533
torres_colli_rate,9.15,8.094182962928495e-07,0.9999991905817037,1.2408382482169381e-06,1.533
torres_colli_rate,9.200000000000001,7.496945350348334e-07,0.999999250305465,1.1492817222083995e-06,1.533
torres_colli_rate,9.25,6.943775529108473e-07,0.9999993056224471,1.064480788612329e-06,1.533
torres_colli_rate,9.3,6.431421911913136e-07,0.9999993568578088,9.859369790962837e-07,1.533
torres_colli_rate,9.35,5.95687283317858e-07,0.9999994043127167,9.131886053262763e-07,1.533
torres_colli_rate,9.4,5.517338846162796e-07,0.9999994482661154,8.458080451167566e-07,1.533
torres_colli_rate,9.450000000000001,5.110236326319849e-07,0.9999994889763674,7.833992288248328e-07,1.533
torres_colli_rate,9.5,4.733172284497475e-07,0.9999995266827716,7.255953112134629e-07,1.533
torres_colli_rate,9.55,4.383930300708526e-07,0.9999995616069699,6.72056515098617e-07,1.533
torres_colli_rate,9.600000000000001,4.060457495793612e-07,0.9999995939542504,6.224681341051607e-07,1.533
torres_colli_rate,9.65,3.7608524643929446e-07,0.9999996239147536,5.765386827914384e-07,1.533
torres_colli_rate,9.700000000000001,3.4833540982962624e-07,0.9999996516645902,5.33998183268817e-07,1.533
torres_colli_rate,9.75,3.226331234473446e-07,0.9999996773668766,4.945965782447793e-07,1.533
torres_colli_rate,9.8,2.988273066935734e-07,0.9999997011726933,4.5810226116124797e-07,1.533
torres_colli_rate,9.850000000000001,2.7677802660677164e-07,0.9999997232219734,4.243007147881809e-07,1.533
torres_colli_rate,9.9,2.5635567532284834e-07,0.9999997436443246,3.929932502699265e-07,1.533
torres_colli_rate,9.950000000000001,2.3744020822722945e-07,0.9999997625597917,3.639958392123427e-07,1.533
torres_colli_rate,10.0,2.1992043832066261e-07,0.9999997800795617,3.3713803194557577e-07,1.533
torres_colli_rate,10.05,2.0369338265095766e-07,0.9999997963066174,3.122619556039181e-07,1.533
torres_colli_rate,10.100000000000001,1.8866365696894507e-07,0.9999998113363431,2.892213861333928e-07,1.533
torres_colli_rate,10.15,1.7474291505035577e-07,0.999999825257085,2.678808887721954e-07,1.533
torres_colli_rate,10.200000000000001,1.6184932938791654e-07,0.9999998381506706,2.4811502195167605e-07,1.533
torres_colli_rate,10.25,1.4990711020111892e-07,0.9999998500928898,2.298075999383153e-07,1.533
torres_colli_rate,10.3,1.388460599363353e-07,0.99999986115394,2.1285100988240198e-07,1.533
torres_colli_rate,10.350000000000001,1.2860116063861313e-07,0.9999998713988394,1.9714557925899392e-07,1.533
torres_colli_rate,10.4,1.1911219176965996e-07,0.9999998808878082,1.825989899828887e-07,1.533
torres_colli_rate,10.450000000000001,1.103233762255194e-07,0.9999998896766238,1.6912573575372122e-07,1.533
torres_colli_rate,10.5,1.0218305247320454e-07,0.9999998978169475,1.5664661944142255e-07,1.533
torres_colli_rate,10.55,9.464337087905756e-08,0.9999999053566291,1.4508828755759522e-07,1.533
torres_colli_rate,10.600000000000001,8.766001244384171e-08,0.9999999123399875,1.3438279907640934e-07,1.533
torres_colli_rate,10.65,8.119192829124857e-08,0.9999999188080717,1.2446722607048404e-07,1.533
torres_colli_rate,10.700000000000001,7.520109837851568e-08,0.9999999247989017,1.1528328381426452e-07,1.533
torres_colli_rate,10.75,6.965230801082934e-08,0.999999930347692,1.0677698818060137e-07,1.533
torres_colli_rate,10.8,6.451294084584063e-08,0.9999999354870591,9.889833831667368e-08,1.533
torres_colli_rate,10.850000000000001,5.975278717155861e-08,0.9999999402472128,9.160102273399934e-08,1.533
torres_colli_rate,10.9,5.534386633065399e-08,0.9999999446561336,8.484214708489256e-08,1.533
torres_colli_rate,10.950000000000001,5.126026224736823e-08,0.9999999487397377,7.858198202521549e-08,1.533
torres_colli_rate,11.0,4.747797109024156e-08,0.9999999525220289,7.27837296813403e-08,1.533
torres_colli_rate,11.05,4.397476017519861e-08,0.9999999560252398,6.741330734857947e-08,1.533
torres_colli_rate,11.100000000000001,4.073003727961946e-08,0.9999999592699628,6.243914714965664e-08,1.533
torres_colli_rate,11.15,3.772472959920365e-08,0.9999999622752704,5.7832010475579196e-08,1.533
torres_colli_rate,11.200000000000001,3.4941171636126806e-08,0.9999999650588284,5.356481611818239e-08,1.533
torres_colli_rate,11.25,3.236300135948608e-08,0.9999999676369986,4.961248108409215e-08,1.533
torres_colli_rate,11.3,2.997506402765254e-08,0.999999970024936,4.595177315439134e-08,1.533
torres_colli_rate,11.350000000000001,2.7763323107190864e-08,0.9999999722366769,4.256117432332359e-08,1.533
torres_colli_rate,11.4,2.57147777647181e-08,0.9999999742852222,3.942075431331285e-08,1.533
torres_colli_rate,11.450000000000001,2.3817386446709997e-08,0.9999999761826136,3.6512053422806425e-08,1.533
torres_colli_rate,11.5,2.205999609805081e-08,0.999999977940004,3.381797401831189e-08,1.533
torres_colli_rate,11.55,2.04322766032643e-08,0.9999999795677234,3.132268003280417e-08,1.533
torres_colli_rate,11.600000000000001,1.8924660065066354e-08,0.9999999810753399,2.901150387974672e-08,1.533
torres_colli_rate,11.65,1.7528284563311997e-08,0.9999999824717154,2.687086023555729e-08,1.533
torres_colli_rate,11.700000000000001,1.6234942063746036e-08,0.9999999837650579,2.488816618372267e-08,1.533
torres_colli_rate,11.75,1.5037030170360713e-08,0.9999999849629698,2.3051767251162973e-08,1.533
torres_colli_rate,11.8,1.3927507437754622e-08,0.9999999860724925,2.1350868902077835e-08,1.533
torres_colli_rate,11.850000000000001,1.2899851980815515e-08,0.999999987100148,1.9775473086590182e-08,1.533
torres_colli_rate,11.9,1.1948023138430176e-08,0.9999999880519769,1.8316319471213457e-08,1.533
torres_colli_rate,11.950000000000001,1.1066425965876664e-08,0.999999988933574,1.6964831005688924e-08,1.533
torres_colli_rate,12.0,1.0249878347182357e-08,0.9999999897501216,1.5713063506230555e-08,1.533
torres_colli_rate,12.05,9.493580534130024e-09,0.9999999905064194,1.4553658958821326e-08,1.533
torres_colli_rate,12.100000000000001,8.79308693285987e-09,0.9999999912069131,1.347980226807418e-08,1.533
torres_colli_rate,12.15,8.144279972226159e-09,0.9999999918557201,1.2485181197422701e-08,1.533
torres_colli_rate,12.200000000000001,7.543345900303853e-09,0.999999992456654,1.1563949265165805e-08,1.533
torres_colli_rate,12.25,6.9867523667752224e-09,0.9999999930132476,1.0710691378266415e-08,1.533
torres_colli_rate,12.3,6.471227659422683e-09,0.9999999935287723,9.920392001894971e-09,1.533
torres_colli_rate,12.350000000000001,5.993741472678744e-09,0.9999999940062585,9.188405677616514e-09,1.533
torres_colli_rate,12.4,5.551487095188116e-09,0.999999994448513,8.510429716923382e-09,1.533
torres_colli_rate,12.450000000000001,5.14186491167867e-09,0.9999999948581351,7.882478909603401e-09,1.533
torres_colli_rate,12.5,4.7624671221642275e-09,0.9999999952375329,7.3008620982777605e-09,1.533
torres_colli_rate,12.55,4.4110635886562835e-09,0.9999999955889364,6.762160481410082e-09,1.533
torres_colli_rate,12.600000000000001,4.085588726190955e-09,0.9999999959144112,6.263207517250734e-09,1.533
torres_colli_rate,12.65,3.784129361114794e-09,0.9999999962158707,5.801070310588978e-09,1.533
torres_colli_rate,12.700000000000001,3.5049134852595475e-09,0.9999999964950865,5.373032372902886e-09,1.533
torres_colli_rate,12.75,3.2462998399016986e-09,0.9999999967537002,4.976577654569303e-09,1.533
torres_colli_rate,12.8,3.0067682682801967e-09,0.9999999969932317,4.609375755273541e-09,1.533
torres_colli_rate,12.850000000000001,2.7849107799637056e-09,0.9999999972150893,4.26926822568436e-09,1.533
torres_colli_rate,12.9,2.579423274542589e-09,0.9999999974205768,3.954255879873789e-09,1.533
torres_colli_rate,12.950000000000001,2.3890978759968474e-09,0.9999999976109021,3.662487043903167e-09,1.533
torres_colli_rate,13.0,2.212815832680596e-09,0.9999999977871842,3.3922466714993534e-09,1.533
torres_colli_rate,13.05,2.049540941188448e-09,0.999999997950459,3.1419462628418904e-09,1.533
torres_colli_rate,13.100000000000001,1.8983134554487612e-09,0.9999999981016865,2.910114527202951e-09,1.533
torres_colli_rate,13.15,1.7582444452406175e-09,0.9999999982417556,2.6953887345538663e-09,1.533
torres_colli_rate,13.200000000000001,1.6285105709734721e-09,0.9999999983714895,2.4965067053023327e-09,1.533
torres_colli_rate,13.25,1.508349244015054e-09,0.9999999984916508,2.312299391075078e-09,1.533
torres_colli_rate,13.3,1.397054144119423e-09,0.9999999986029459,2.1416840029350755e-09,1.533
torres_colli_rate,13.350000000000001,1.293971067606259e-09,0.999999998706029,1.983657646640395e-09,1.533
torres_colli_rate,13.4,1.19849408188646e-09,0.9999999988015059,1.8372914275319432e-09,1.533
torres_colli_rate,13.450000000000001,1.1100619637300467e-09,0.9999999988899381,1.7017249903981616e-09,1.533
torres_colli_rate,13.5,1.0281549003401322e-09,0.9999999989718451,1.5761614622214226e-09,1.533
torres_colli_rate,13.55,9.522914338415237e-10,0.9999999990477085,1.4598627680790557e-09,1.533
torres_colli_rate,13.600000000000001,8.820256312234079e-10,0.9999999991179743,1.352145292665484e-09,1.533
torres_colli_rate,13.65,8.169444631006942e-10,0.9999999991830555,1.252375861933364e-09,1.533
torres_colli_rate,13.700000000000001,7.566653758861478e-10,0.9999999992433346,1.1599680212334646e-09,1.533
torres_colli_rate,13.75,7.008340431023395e-10,0.9999999992991659,1.0743785880758864e-09,1.533
torres_colli_rate,13.8,6.491222826152864e-10,0.9999999993508777,9.951044592492341e-10,1.533
torres_colli_rate,13.850000000000001,6.012261275472183e-10,0.9999999993987738,9.216796535298857e-10,1.533
torres_colli_rate,13.9,5.568640395289873e-10,0.999999999443136,8.536725725979375e-10,1.533
torres_colli_rate,13.950000000000001,5.157752537894926e-10,0.9999999994842248,7.906834640592922e-10,1.533
torres_colli_rate,14.0,4.777182463544008e-10,0.9999999995222818,7.323420716612964e-10,1.533
torres_colli_rate,14.05,4.4246931434416403e-10,0.9999999995575307,6.783054588896034e-10,1.533
torres_colli_rate,14.100000000000001,4.098212610262193e-10,0.9999999995901787,6.282559931531942e-10,1.533
torres_colli_rate,14.15,3.7958217789196256e-10,0.9999999996204179,5.818994787083786e-10,1.533
torres_colli_rate,14.200000000000001,3.515743165994186e-10,0.9999999996484257,5.389634273469087e-10,1.533
torres_colli_rate,14.25,3.2563304415079463e-10,0.9999999996743669,4.991954566831681e-10,1.533
torres_colli_rate,14.3,3.016058751633188e-10,0.9999999996983941,4.623618066253677e-10,1.533
torres_colli_rate,14.350000000000001,2.7935157554497674e-10,0.9999999997206485,4.282459653104493e-10,1.533
torres_colli_rate,14.4,2.5873933230645494e-10,0.9999999997412606,3.966473964257954e-10,1.533
torres_colli_rate,14.450000000000001,2.396479846293593e-10,0.999999999760352,3.673803604368078e-10,1.533
torres_colli_rate,14.5,2.219653116708644e-10,0.9999999997780347,3.4027282279143513e-10,1.533
torres_colli_rate,14.55,2.0558737291842044e-10,0.9999999997944127,3.151654426839385e-10,1.533
torres_colli_rate,14.600000000000001,1.9041789721707046e-10,0.9999999998095821,2.91910636433769e-10,1.533
torres_colli_rate,14.65,1.763677168780154e-10,0.9999999998236323,2.7037170997399756e-10,1.533
torres_colli_rate,14.700000000000001,1.6335424354205687e-10,0.9999999998366458,2.5042205534997314e-10,1.533
torres_colli_rate,14.75,1.5130098271700206e-10,0.999999999848699,2.3194440650516416e-10,1.533
torres_colli_rate,14.8,1.4013708413541563e-10,0.9999999998598629,2.1483014997959215e-10,1.533
torres_colli_rate,14.850000000000001,1.2979692528969815e-10,0.999999999870203,1.9897868646910726e-10,1.533
torres_colli_rate,14.9,1.2021972569644672e-10,0.9999999998797803,1.8429683949265281e-10,1.533
torres_colli_rate,14.950000000000001,1.113491896227217e-10,0.9999999998886508,1.7069830769163236e-10,1.533
torres_colli_rate,15.0,1.0313317517412485e-10,0.9999999998968668,1.5810315754193338e-10,1.533
torres_colli_rate,15.05,9.55233877995483e-11,0.9999999999044766,1.4643735349670754e-10,1.533
torres_colli_rate,15.100000000000001,8.847509641099624e-11,0.9999999999115249,1.3563232279805722e-10,1.533
torres_colli_rate,15.15,8.194687044979525e-11,0.9999999999180531,1.256245523995361e-10,1.533
torres_colli_rate,15.200000000000001,7.59003363536418e-11,0.9999999999240997,1.1635521563013287e-10,1.533
torres_colli_rate,15.25,7.029995199298516e-11,0.9999999999297,1.0776982640524625e-10,1.533
torres_colli_rate,15.3,6.51127977508478e-11,0.9999999999348872,9.981791895204968e-11,1.533
torres_colli_rate,15.350000000000001,6.030838301804054e-11,0.9999999999396916,9.245275116665614e-11,1.533
torres_colli_rate,15.4,5.58584669663242e-11,0.9999999999441416,8.5631029859375e-11,1.533
torres_colli_rate,15.450000000000001,5.173689254600924e-11,0.9999999999482632,7.931265627303216e-11,1.533
torres_colli_rate,15.5,4.7919432732213024e-11,0.9999999999520806,7.346049037848256e-11,1.533
torres_colli_rate,15.55,4.438364811599426e-11,0.9999999999556164,6.80401325618192e-11,1.533
torres_colli_rate,15.600000000000001,4.1108755003273735e-11,0.9999999999588912,6.301972142001863e-11,1.533
torres_colli_rate,15.65,3.807550324621003e-11,0.9999999999619245,5.836974647643998e-11,1.533
torres_colli_rate,15.700000000000001,3.5266063088913754e-11,0.999999999964734,5.406287471530478e-11,1.533
torres_colli_rate,15.75,3.2663920362366974e-11,0.9999999999673361,5.0073789915508565e-11,1.533
torres_colli_rate,15.8,3.025377941249271e-11,0.9999999999697462,4.6379043839351324e-11,1.533
torres_colli_rate,15.850000000000001,2.8021473190777816e-11,0.9999999999719785,4.295691840146239e-11,1.533
torres_colli_rate,15.9,2.5953879978950517e-11,0.9999999999740461,3.9787298007731143e-11,1.533
torres_colli_rate,15.950000000000001,2.4038846258213832e-11,0.9999999999759611,3.68515513138418e-11,1.533
torres_colli_rate,16.0,2.2265115269651873e-11,0.9999999999777349,3.4132421708376317e-11,1.533
torres_colli_rate,16.05,2.0622260845879633e-11,0.9999999999793777,3.1613925876733473e-11,1.533
torres_colli_rate,16.1,1.9100626124993314e-11,0.9999999999808994,2.928125984961475e-11,1.533
torres_colli_rate,16.150000000000002,1.7691266786574067e-11,0.9999999999823087,2.7120711983818043e-11,1.533
torres_colli_rate,16.2,1.638589847608199e-11,0.9999999999836141,2.511958236383369e-11,1.533
torres_colli_rate,16.25,1.517684810859494e-11,0.9999999999848231,2.326610815047604e-11,1.533
torres_colli_rate,16.3,1.4057008765651606e-11,0.999999999985943,2.154939443774391e-11,1.533
torres_colli_rate,16.35,1.3019797920076811e-11,0.9999999999869802,1.995935021147775e-11,1.533
torres_colli_rate,16.400000000000002,1.2059118743231335e-11,0.9999999999879409,1.8486629033373634e-11,1.533
torres_colli_rate,16.45,1.1169324267246067e-11,0.9999999999888307,1.7122574101688222e-11,1.533
torres_colli_rate,16.5,1.0345184191582372e-11,0.9999999999896548,1.5859167365695775e-11,1.533
torres_colli_rate,16.55,9.581854138804904e-12,0.9999999999904181,1.4688982394787916e-11,1.533
torres_colli_rate,16.6,8.874847178848477e-12,0.9999999999911251,1.3605140725174715e-11,1.533
torres_colli_rate,16.650000000000002,8.220007454396345e-12,0.99999999999178,1.2601271427589596e-11,1.533
torres_colli_rate,16.7,7.613485752337069e-12,0.9999999999923865,1.1671473658332726e-11,1.533
torres_colli_rate,16.75,7.051716877706427e-12,0.9999999999929483,1.0810281973523951e-11,1.533
torres_colli_rate,16.8,6.53139869711654e-12,0.9999999999934686,1.0012634202679655e-11,1.533
torres_colli_rate,16.85,6.049472728486874e-12,0.9999999999939505,9.273841692770377e-12,1.533
torres_colli_rate,16.900000000000002,5.60310616298202e-12,0.9999999999943969,8.589561747851436e-12,1.533
torres_colli_rate,16.95,5.189675213479281e-12,0.9999999999948104,7.955772102263736e-12,1.533
torres_colli_rate,17.0,4.806749691686602e-12,0.9999999999951933,7.368747277355561e-12,1.533
torres_colli_rate,17.05,4.4520787232538995e-12,0.9999999999955479,6.825036682748227e-12,1.533
torres_colli_rate,17.1,4.123577516909402e-12,0.9999999999958764,6.321444333422113e-12,1.533
torres_colli_rate,17.150000000000002,3.819315109848966e-12,0.9999999999961807,5.855010063398464e-12,1.533
torres_colli_rate,17.2,3.5375030173444438e-12,0.9999999999964625,5.422992125589032e-12,1.533
torres_colli_rate,17.25,3.2764847198522387e-12,0.9999999999967235,5.022851075533482e-12,1.533
torres_colli_rate,17.3,3.034725925826666e-12,0.9999999999969653,4.652234844292279e-12,1.533
torres_colli_rate,17.35,2.81080555300128e-12,0.9999999999971892,4.308964912750962e-12,1.533
torres_colli_rate,17.400000000000002,2.603407375125872e-12,0.9999999999973966,3.991023506067961e-12,1.533
torres_colli_rate,17.45,2.411312285057501e-12,0.9999999999975887,3.696541732993149e-12,1.533
torres_colli_rate,17.5,2.2333911287272378e-12,0.9999999999977666,3.423788600338855e-12,1.533
torres_colli_rate,17.55,2.0685980678601986e-12,0.9999999999979314,3.1711608380296844e-12,1.533
torres_colli_rate,17.6,1.915964432433977e-12,0.9999999999980841,2.9371734749212867e-12,1.533
torres_colli_rate,17.650000000000002,1.7745930267397617e-12,0.9999999999982254,2.7204511099920546e-12,1.533
torres_colli_rate,17.7,1.6436528555766546e-12,0.9999999999983563,2.519719827599011e-12,1.533
torres_colli_rate,17.75,1.5223742395790738e-12,0.9999999999984777,2.33379970927472e-12,1.533
torres_colli_rate,17.8,1.4100442909648673e-12,0.9999999999985899,2.1615978980491414e-12,1.533
torres_colli_rate,17.85,1.3060027231098833e-12,0.999999999998694,2.002102174527451e-12,1.533
torres_colli_rate,17.900000000000002,1.2096379693174717e-12,0.9999999999987904,1.854375006963684e-12,1.533
torres_colli_rate,17.95,1.120383587968519e-12,0.9999999999988796,1.7175480403557397e-12,1.533
torres_colli_rate,18.0,1.0377149329211886e-12,0.9999999999989623,1.590816992168182e-12,1.533
torres_colli_rate,18.05,9.611460695886997e-13,0.9999999999990389,1.4734369246794765e-12,1.533
torres_colli_rate,18.1,8.902269185673995e-13,0.9999999999991098,1.3647178661638235e-12,1.533
torres_colli_rate,18.150000000000002,8.245406100252154e-13,0.9999999999991754,1.2640207551686552e-12,1.533
torres_colli_rate,18.2,7.637010332992853e-13,0.9999999999992363,1.1707536840478043e-12,1.533
torres_colli_rate,18.25,7.073505672989905e-13,0.9999999999992927,1.0843684196693525e-12,1.533
torres_colli_rate,18.3,6.551579783736191e-13,0.9999999999993449,1.004357180846758e-12,1.533
torres_colli_rate,18.35,6.068164732879548e-13,0.9999999999993932,9.302496535504347e-13,1.533
torres_colli_rate,18.400000000000002,5.620418958610951e-13,0.999999999999438,8.616102263550587e-13,1.533
torres_colli_rate,18.45,5.20571056668124e-13,0.9999999999994794,7.98035429872234e-13,1.533
torres_colli_rate,18.5,4.821601859864566e-13,0.9999999999995178,7.39151565117238e-13,1.533
torres_colli_rate,18.55,4.4658350089314463e-13,0.9999999999995535,6.846125068691907e-13,1.533
torres_colli_rate,18.6,4.136318780903642e-13,0.9999999999995863,6.340976691125282e-13,1.533
torres_colli_rate,18.650000000000002,3.8311162465784737e-13,0.9999999999996169,5.8731012060048e-13,1.533
torres_colli_rate,18.7,3.548433395066101e-13,0.9999999999996452,5.439748394636333e-13,1.533
torres_colli_rate,18.75,3.2866085884148014e-13,0.9999999999996714,5.03837096603989e-13,1.533
torres_colli_rate,18.8,3.0441027943377014e-13,0.9999999999996956,4.666609583719696e-13,1.533
torres_colli_rate,18.85,2.819490539627676e-13,0.999999999999718,4.322278997249227e-13,1.533
torres_colli_rate,18.900000000000002,2.611451531083898e-13,0.9999999999997389,4.003355197151615e-13,1.533
torres_colli_rate,18.95,2.4187628946969344e-13,0.9999999999997581,3.7079635175704003e-13,1.533
torres_colli_rate,19.0,2.2402919874735045e-13,0.999999999999776,3.434367616796882e-13,1.533
torres_colli_rate,19.05,2.0749897396482276e-13,0.9999999999997925,3.1809592708807326e-13,1.533
torres_colli_rate,19.1,1.9218844881470347e-13,0.9999999999998078,2.946248920329404e-13,1.533
torres_colli_rate,19.150000000000002,1.780076265054868e-13,0.999999999999822,2.7288569143291125e-13,1.533
torres_colli_rate,19.200000000000003,1.6487315075146532e-13,0.9999999999998351,2.5275054010199634e-13,1.533
torres_colli_rate,19.25,1.5270781579618238e-13,0.9999999999998473,2.341010816155476e-13,1.533
torres_colli_rate,19.3,1.4144011258930483e-13,0.9999999999998586,2.168276925994043e-13,1.533
torres_colli_rate,19.35,1.3100380844930762e-13,0.999999999999869,2.0082883835278858e-13,1.533
torres_colli_rate,19.400000000000002,1.213375577411737e-13,0.9999999999998787,1.8601047601721925e-13,1.533
torres_colli_rate,19.450000000000003,1.1238454128064298e-13,0.9999999999998876,1.7228550178322567e-13,1.533
torres_colli_rate,19.5,1.0409213234538949e-13,0.9999999999998959,1.5957323888548208e-13,1.533
torres_colli_rate,19.55,9.641158732990517e-14,0.9999999999999036,1.4779896337674462e-13,1.533
torres_colli_rate,19.6,8.929775922573497e-14,0.9999999999999107,1.368934648930517e-13,1.533
torres_colli_rate,19.650000000000002,8.270883224286376e-14,0.9999999999999173,1.2679263982831013e-13,1.533
torres_colli_rate,19.700000000000003,7.660607601233878e-14,0.9999999999999234,1.1743711452691534e-13,1.533
torres_colli_rate,19.75,7.095361792530435e-14,0.9999999999999291,1.0877189627949156e-13,1.533
torres_colli_rate,19.8,6.571823227023362e-14,0.9999999999999343,1.0074605007026812e-13,1.533
torres_colli_rate,19.85,6.086914492888913e-14,0.9999999999999392,9.331239917598703e-14,1.533
torres_colli_rate,19.900000000000002,5.6377852482990077e-14,0.9999999999999436,8.642724785642379e-14,1.533
torres_colli_rate,19.950000000000003,5.2217954668281515e-14,0.9999999999999478,8.005012450647556e-14,1.533
torres_colli_rate,20.0,4.8364999191152374e-14,0.9999999999999516,7.414354376003658e-14,1.533
cristaldi_inverter_rate,0.0,1.0,0.0,0.125,0.125
cristaldi_inverter_rate,0.05,0.9937694906233947,0.00623050937660527,0.12422118632792434,0.125
cristaldi_inverter_rate,0.1,0.9875778004938814,0.012422199506118572,0.12344722506173518,0.125
cristaldi_inverter_rate,0.15000000000000002,0.9814246877477771,0.01857531225222291,0.12267808596847214,0.125
cristaldi_inverter_rate,0.2,0.9753099120283326,0.02469008797166733,0.12191373900354158,0.125
cristaldi_inverter_rate,0.25,0.9692332344763441,0.03076676552365592,0.12115415430954302,0.125
cristaldi_inverter_rate,0.30000000000000004,0.9631944177208218,0.03680558227917824,0.12039930221510273,0.125
cristaldi_inverter_rate,0.35000000000000003,0.9571932258697183,0.042806774130281666,0.11964915323371479,0.125
cristaldi_inverter_rate,0.4,0.951229424500714,0.048770575499286,0.11890367806258925,0.125
cristaldi_inverter_rate,0.45,0.9453027806520595,0.05469721934794052,0.11816284758150744,0.125
cristaldi_inverter_rate,0.5,0.9394130628134758,0.06058693718652421,0.11742663285168448,0.125
cristaldi_inverter_rate,0.55,0.933560040917111,0.06643995908288906,0.11669500511463887,0.125
cristaldi_inverter_rate,0.6000000000000001,0.9277434863285529,0.07225651367144711,0.11596793579106911,0.125
cristaldi_inverter_rate,0.65,0.9219631718378983,0.07803682816210163,0.11524539647973729,0.125
cristaldi_inverter_rate,0.7000000000000001,0.9162188716508776,0.0837811283491224,0.1145273589563597,0.125
cristaldi_inverter_rate,0.75,0.9105103613800342,0.08948963861996587,0.11381379517250427,0.125
cristaldi_inverter_rate,0.8,0.9048374180359595,0.09516258196404043,0.11310467725449494,0.125
cristaldi_inverter_rate,0.8500000000000001,0.8991998200185832,0.10080017998141678,0.1123999775023229,0.125
cristaldi_inverter_rate,0.9,0.8935973471085157,0.10640265289148432,0.11169966838856446,0.125
cristaldi_inverter_rate,0.9500000000000001,0.8880297804584465,0.11197021954155353,0.11100372255730581,0.125
cristaldi_inverter_rate,1.0,0.8824969025845955,0.11750309741540459,0.11031211282307443,0.125
cristaldi_inverter_rate,1.05,0.876998497358217,0.12300150264178304,0.10962481216977712,0.125
cristaldi_inverter_rate,1.1,0.8715343499971578,0.12846565000284213,0.10894179374964473,0.125
cristaldi_inverter_rate,1.1500000000000001,0.866104247057467,0.133895752942533,0.10826303088218338,0.125
cristaldi_inverter_rate,1.2000000000000002,0.8607079764250578,0.1392920235749422,0.10758849705313223,0.125
cristaldi_inverter_rate,1.25,0.8553453273074225,0.14465467269257745,0.10691816591342782,0.125
cristaldi_inverter_rate,1.3,0.8500160902253981,0.14998390977460188,0.10625201127817477,0.125
cristaldi_inverter_rate,1.35,0.8447200570049834,0.15527994299501655,0.10559000712562293,0.125
cristaldi_inverter_rate,1.4000000000000001,0.8394570207692074,0.1605429792307927,0.10493212759615092,0.125
cristaldi_inverter_rate,1.4500000000000002,0.8342267759300477,0.16577322406995232,0.10427834699125596,0.125
cristaldi_inverter_rate,1.5,0.8290291181804004,0.17097088181959966,0.10362863977255005,0.125
cristaldi_inverter_rate,1.55,0.8238638444860985,0.1761361555139014,0.10298298056076231,0.125
cristaldi_inverter_rate,1.6,0.8187307530779818,0.18126924692201812,0.10234134413474773,0.125
cristaldi_inverter_rate,1.6500000000000001,0.8136296434440143,0.1863703565559856,0.10170370543050179,0.125
cristaldi_inverter_rate,1.7000000000000002,0.8085603163214524,0.19143968367854752,0.10107003954018155,0.125
cristaldi_inverter_rate,1.75,0.8035225736890608,0.19647742631093928,0.1004403217111326,0.125
cristaldi_inverter_rate,1.8,0.7985162187593771,0.20148378124062294,0.09981452734492213,0.125
cristaldi_inverter_rate,1.85,0.7935410559710253,0.20645894402897466,0.09919263199637816,0.125
cristaldi_inverter_rate,1.9000000000000001,0.7885968909810767,0.2114031090189234,0.09857461137263458,0.125
cristaldi_inverter_rate,1.9500000000000002,0.7836835306574572,0.2163164693425427,0.09796044133218215,0.125
cristaldi_inverter_rate,2.0,0.7788007830714049,0.22119921692859512,0.09735009788392561,0.125
cristaldi_inverter_rate,2.0500000000000003,0.7739484574899709,0.22605154251002907,0.09674355718624636,0.125
cristaldi_inverter_rate,2.1,0.7691263643685705,0.23087363563142949,0.09614079554607131,0.125
cristaldi_inverter_rate,2.15,0.7643343153435778,0.23566568465642215,0.09554178941794722,0.125
cristaldi_inverter_rate,2.2,0.7595721232249685,0.24042787677503152,0.09494651540312106,0.125
cristaldi_inverter_rate,2.25,0.7548396019890073,0.24516039801099265,0.09435495024862592,0.125
cristaldi_inverter_rate,2.3000000000000003,0.7501365667709818,0.24986343322901816,0.09376707084637273,0.125
cristaldi_inverter_rate,2.35,0.7454628338579807,0.25453716614201927,0.09318285423224759,0.125
cristaldi_inverter_rate,2.4000000000000004,0.7408182206817179,0.2591817793182822,0.09260227758521473,0.125
cristaldi_inverter_rate,2.45,0.7362025458114003,0.2637974541885997,0.09202531822642504,0.125
cristaldi_inverter_rate,2.5,0.7316156289466418,0.2683843710533582,0.09145195361833022,0.125
cristaldi_inverter_rate,2.5500000000000003,0.7270572909104187,0.2729427090895813,0.09088216136380234,0.125
cristaldi_inverter_rate,2.6,0.7225273536420722,0.2774726463579278,0.09031591920525903,0.125
cristaldi_inverter_rate,2.6500000000000004,0.7180256401903514,0.2819743598096486,0.08975320502379393,0.125
cristaldi_inverter_rate,2.7,0.7135519747065024,0.28644802529349755,0.0891939968383128,0.125
cristaldi_inverter_rate,2.75,0.7091061824373984,0.2908938175626015,0.0886382728046748,0.125
cristaldi_inverter_rate,2.8000000000000003,0.7046880897187134,0.2953119102812866,0.08808601121483918,0.125
cristaldi_inverter_rate,2.85,0.7002975239681389,0.29970247603186106,0.08753719049601737,0.125
cristaldi_inverter_rate,2.9000000000000004,0.695934313678642,0.3040656863213581,0.08699178920983025,0.125
cristaldi_inverter_rate,2.95,0.6915982884117658,0.30840171158823415,0.08644978605147073,0.125
cristaldi_inverter_rate,3.0,0.6872892787909722,0.3127107212090278,0.08591115984887153,0.125
cristaldi_inverter_rate,3.0500000000000003,0.6830071164950248,0.31699288350497523,0.0853758895618781,0.125
cristaldi_inverter_rate,3.1,0.6787516342514144,0.3212483657485857,0.0848439542814268,0.125
cristaldi_inverter_rate,3.1500000000000004,0.6745226658298248,0.32547733417017527,0.0843153332287281,0.125
cristaldi_inverter_rate,3.2,0.6703200460356393,0.3296799539643607,0.08379000575445492,0.125
cristaldi_inverter_rate,3.25,0.6661436107034878,0.33385638929651223,0.08326795133793598,0.125
cristaldi_inverter_rate,3.3000000000000003,0.661993196690834,0.338006803309166,0.08274914958635425,0.125
cristaldi_inverter_rate,3.35,0.6578686418716029,0.3421313581283971,0.08223358023395036,0.125
cristaldi_inverter_rate,3.4000000000000004,0.6537697851298473,0.34623021487015276,0.08172122314123091,0.125
cristaldi_inverter_rate,3.45,0.6496964663534546,0.35030353364654543,0.08121205829418182,0.125
cristaldi_inverter_rate,3.5,0.645648526427892,0.354351473572108,0.0807060658034865,0.125
cristaldi_inverter_rate,3.5500000000000003,0.6416258072299916,0.3583741927700083,0.08020322590374895,0.125
cristaldi_inverter_rate,3.6,0.6376281516217733,0.36237184837822667,0.07970351895272167,0.125
cristaldi_inverter_rate,3.6500000000000004,0.6336554034443064,0.3663445965556937,0.0792069254305383,0.125
cristaldi_inverter_rate,3.7,0.62970740751161,0.37029259248839,0.07871342593895125,0.125
cristaldi_inverter_rate,3.75,0.6257840096045911,0.37421599039540887,0.07822300120057389,0.125
cristaldi_inverter_rate,3.8000000000000003,0.62188505646502,0.37811494353497993,0.0777356320581275,0.125
cristaldi_inverter_rate,3.85,0.6180103957895441,0.38198960421045597,0.07725129947369301,0.125
cristaldi_inverter_rate,3.9000000000000004,0.6141598762237378,0.38584012377626226,0.07676998452796722,0.125
cristaldi_inverter_rate,3.95,0.610333347356191,0.3896666526438089,0.07629166841952388,0.125
cristaldi_inverter_rate,4.0,0.6065306597126334,0.39346934028736663,0.07581633246407918,0.125
cristaldi_inverter_rate,4.05,0.6027516647500953,0.39724833524990466,0.07534395809376192,0.125
cristaldi_inverter_rate,4.1000000000000005,0.5989962148511053,0.4010037851488946,0.07487452685638817,0.125
cristaldi_inverter_rate,4.15,0.5952641633179244,0.4047358366820755,0.07440802041474055,0.125
cristaldi_inverter_rate,4.2,0.5915553643668151,0.40844463563318495,0.07394442054585189,0.125
cristaldi_inverter_rate,4.25,0.5878696731223465,0.4121303268776535,0.07348370914029331,0.125
cristaldi_inverter_rate,4.3,0.5842069456117358,0.41579305438826414,0.07302586820146698,0.125
cristaldi_inverter_rate,4.3500000000000005,0.580567038759224,0.419432961240776,0.072570879844903,0.125
cristaldi_inverter_rate,4.4,0.5769498103804866,0.4230501896195133,0.07211872629756083,0.125
cristaldi_inverter_rate,4.45,0.5733551191770804,0.42664488082291957,0.07166938989713505,0.125
cristaldi_inverter_rate,4.5,0.569782824730923,0.430217175269077,0.07122285309136538,0.125
cristaldi_inverter_rate,4.55,0.5662327874988083,0.43376721250119166,0.07077909843735104,0.125
cristaldi_inverter_rate,4.6000000000000005,0.5627048688069557,0.43729513119304436,0.07033810860086946,0.125
cristaldi_inverter_rate,4.65,0.5591989308455925,0.4408010691544075,0.06989986635569906,0.125
cristaldi_inverter_rate,4.7,0.5557148366635714,0.4442851633364286,0.06946435458294642,0.125
cristaldi_inverter_rate,4.75,0.5522524501630204,0.4477475498369796,0.06903155627037755,0.125
cristaldi_inverter_rate,4.800000000000001,0.5488116360940264,0.45118836390597356,0.0686014545117533,0.125
cristaldi_inverter_rate,4.8500000000000005,0.5453922600493525,0.45460773995064757,0.06817403250616906,0.125
cristaldi_inverter_rate,4.9,0.5419941884591871,0.4580058115408129,0.06774927355739839,0.125
cristaldi_inverter_rate,4.95,0.5386172885859265,0.4613827114140734,0.06732716107324081,0.125
cristaldi_inverter_rate,5.0,0.5352614285189903,0.4647385714810098,0.06690767856487378,0.125
cristaldi_inverter_rate,5.050000000000001,0.5319264771696675,0.4680735228303325,0.06649080964620843,0.125
cristaldi_inverter_rate,5.1000000000000005,0.5286123042659973,0.4713876957340027,0.06607653803324966,0.125
cristaldi_inverter_rate,5.15,0.5253187803476791,0.47468121965232085,0.06566484754345989,0.125
cristaldi_inverter_rate,5.2,0.522045776761016,0.47795422323898396,0.065255722095127,0.125
cristaldi_inverter_rate,5.25,0.5187931656538893,0.48120683434611067,0.06484914570673617,0.125
cristaldi_inverter_rate,5.300000000000001,0.515560819970764,0.4844391800292359,0.0644451024963455,0.125
cristaldi_inverter_rate,5.3500000000000005,0.5123486134477259,0.4876513865522741,0.06404357668096573,0.125
cristaldi_inverter_rate,5.4,0.5091564206075492,0.4908435793924509,0.06364455257594365,0.125
cristaldi_inverter_rate,5.45,0.505984116754795,0.4940158832452049,0.06324801459434938,0.125
cristaldi_inverter_rate,5.5,0.5028315779709409,0.49716842202905903,0.06285394724636761,0.125
cristaldi_inverter_rate,5.550000000000001,0.49969868110953974,0.5003013188904603,0.06246233513869247,0.125
cristaldi_inverter_rate,5.6000000000000005,0.49658530379140947,0.5034146962085906,0.062073162973926184,0.125
cristaldi_inverter_rate,5.65,0.4934913243998527,0.5065086756001473,0.06168641554998159,0.125
cristaldi_inverter_rate,5.7,0.49041662207590614,0.5095833779240939,0.06130207775948827,0.125
cristaldi_inverter_rate,5.75,0.4873610767136191,0.5126389232863808,0.06092013458920239,0.125
cristaldi_inverter_rate,5.800000000000001,0.4843245689553624,0.5156754310446376,0.0605405711194203,0.125
cristaldi_inverter_rate,5.8500000000000005,0.4813069801871657,0.5186930198128343,0.060163372523395715,0.125
cristaldi_inverter_rate,5.9,0.4783081925340841,0.5216918074659159,0.05978852406676051,0.125
cristaldi_inverter_rate,5.95,0.47532808885559336,0.5246719111444067,0.05941601110694917,0.125
cristaldi_inverter_rate,6.0,0.4723665527410147,0.5276334472589853,0.059045819092626836,0.125
cristaldi_inverter_rate,6.050000000000001,0.4694234685049671,0.5305765314950329,0.058677933563120885,0.125
cristaldi_inverter_rate,6.1000000000000005,0.4664987211828483,0.5335012788171517,0.05831234014785604,0.125
cristaldi_inverter_rate,6.15,0.4635921965263442,0.5364078034736558,0.057949024565793025,0.125
cristaldi_inverter_rate,6.2,0.4607037809989658,0.5392962190010342,0.057587972624870726,0.125
cristaldi_inverter_rate,6.25,0.45783336177161427,0.5421666382283857,0.05722917022145178,0.125
cristaldi_inverter_rate,6.300000000000001,0.45498082671817347,0.5450191732818266,0.056872603339771684,0.125
cristaldi_inverter_rate,6.3500000000000005,0.45214606441113026,0.5478539355888697,0.05651825805139128,0.125
cristaldi_inverter_rate,6.4,0.44932896411722156,0.5506710358827784,0.056166120514652695,0.125
cristaldi_inverter_rate,6.45,0.4465294157931089,0.5534705842068911,0.05581617697413861,0.125
cristaldi_inverter_rate,6.5,0.44374731008107987,0.5562526899189202,0.055468413760134984,0.125
cristaldi_inverter_rate,6.550000000000001,0.4409825383047763,0.5590174616952237,0.05512281728809704,0.125
cristaldi_inverter_rate,6.6000000000000005,0.4382349924649492,0.5617650075350509,0.05477937405811865,0.125
cristaldi_inverter_rate,6.65,0.43550456523523984,0.5644954347647602,0.05443807065440498,0.125
cristaldi_inverter_rate,6.7,0.43279114995798723,0.5672088500420127,0.054098893744748404,0.125
cristaldi_inverter_rate,6.75,0.43009464064006225,0.5699053593599377,0.05376183008000778,0.125
cristaldi_inverter_rate,6.800000000000001,0.42741493194872665,0.5725850680512734,0.05342686649359083,0.125
cristaldi_inverter_rate,6.8500000000000005,0.424751919207519,0.575248080792481,0.05309398990093987,0.125
cristaldi_inverter_rate,6.9,0.4221054983921655,0.5778945016078345,0.052763187299020686,0.125
cristaldi_inverter_rate,6.95,0.41947556612651643,0.5805244338734836,0.052434445765814554,0.125
cristaldi_inverter_rate,7.0,0.4168620196785084,0.5831379803214916,0.05210775245981355,0.125
cristaldi_inverter_rate,7.050000000000001,0.4142647569561508,0.5857352430438492,0.05178309461951885,0.125
cristaldi_inverter_rate,7.1000000000000005,0.41168367650353843,0.5883163234964616,0.051460459562942304,0.125
cristaldi_inverter_rate,7.15,0.4091186774968878,0.5908813225031122,0.051139834687110974,0.125
cristaldi_inverter_rate,7.2,0.4065696597405991,0.5934303402594009,0.05082120746757489,0.125
cristaldi_inverter_rate,7.25,0.4040365236633421,0.5959634763366579,0.05050456545791776,0.125
cristaldi_inverter_rate,7.300000000000001,0.4015191703141666,0.5984808296858334,0.05018989628927083,0.125
cristaldi_inverter_rate,7.3500000000000005,0.39901750135863745,0.6009824986413626,0.04987718766982968,0.125
cristaldi_inverter_rate,7.4,0.39653141907499284,0.6034685809250071,0.049566427384374105,0.125
cristaldi_inverter_rate,7.45,0.3940608263503275,0.6059391736496724,0.04925760329379094,0.125
cristaldi_inverter_rate,7.5,0.391605626676799,0.608394373323201,0.048950703334599874,0.125
cristaldi_inverter_rate,7.550000000000001,0.38916572414785777,0.6108342758521422,0.04864571551848222,0.125
cristaldi_inverter_rate,7.6000000000000005,0.3867410234545012,0.6132589765454988,0.04834262793181265,0.125
cristaldi_inverter_rate,7.65,0.38433142988155,0.61566857011845,0.04804142873519375,0.125
cristaldi_inverter_rate,7.7,0.3819368493039489,0.6180631506960511,0.04774210616299361,0.125
cristaldi_inverter_rate,7.75,0.3795571881830896,0.6204428118169104,0.0474446485228862,0.125
cristaldi_inverter_rate,7.800000000000001,0.3771923535631569,0.622807646436843,0.04714904419539461,0.125
cristaldi_inverter_rate,7.8500000000000005,0.37484225306749785,0.6251577469325021,0.04685528163343723,0.125
cristaldi_inverter_rate,7.9,0.3725067948950129,0.6274932051049871,0.046563349361876616,0.125
cristaldi_inverter_rate,7.95,0.3701858878165704,0.6298141121834295,0.0462732359770713,0.125
cristaldi_inverter_rate,8.0,0.36787944117144233,0.6321205588285577,0.04598493014643029,0.125
cristaldi_inverter_rate,8.05,0.3655873648637633,0.6344126351362367,0.045698420607970414,0.125
cristaldi_inverter_rate,8.1,0.36330956935901126,0.6366904306409887,0.04541369616987641,0.125
cristaldi_inverter_rate,8.15,0.3610459656805095,0.6389540343194905,0.04513074571006369,0.125
cristaldi_inverter_rate,8.200000000000001,0.35879646540595156,0.6412035345940484,0.044849558175743945,0.125
cristaldi_inverter_rate,8.25,0.356560980663947,0.6434390193360531,0.04457012258299337,0.125
cristaldi_inverter_rate,8.3,0.35433942413058866,0.6456605758694114,0.04429242801632358,0.125
cristaldi_inverter_rate,8.35,0.3521317090260422,0.6478682909739578,0.04401646362825527,0.125
cristaldi_inverter_rate,8.4,0.3499377491111553,0.6500622508888447,0.043742218638894416,0.125
cristaldi_inverter_rate,8.450000000000001,0.34775745868409014,0.6522425413159099,0.04346968233551127,0.125
cristaldi_inverter_rate,8.5,0.3455907525769745,0.6544092474230254,0.043198844072121816,0.125
cristaldi_inverter_rate,8.55,0.3434375461525756,0.6565624538474244,0.04292969326907195,0.125
cristaldi_inverter_rate,8.6,0.3412977553009937,0.6587022446990063,0.042662219412624214,0.125
cristaldi_inverter_rate,8.65,0.3391712964363765,0.6608287035636236,0.04239641205454706,0.125
cristaldi_inverter_rate,8.700000000000001,0.33705808649365426,0.6629419135063457,0.04213226081170678,0.125
cristaldi_inverter_rate,8.75,0.33495804292529496,0.665041957074705,0.04186975536566187,0.125
cristaldi_inverter_rate,8.8,0.33287108369807955,0.6671289163019205,0.041608885462259944,0.125
cristaldi_inverter_rate,8.85,0.3307971272898979,0.669202872710102,0.04134964091123724,0.125
cristaldi_inverter_rate,8.9,0.3287360926865641,0.6712639073134359,0.041092011585820515,0.125
cristaldi_inverter_rate,8.950000000000001,0.32668789937865184,0.6733121006213482,0.04083598742233148,0.125
cristaldi_inverter_rate,9.0,0.32465246735834974,0.6753475326416503,0.04058155841979372,0.125
cristaldi_inverter_rate,9.05,0.3226297171163355,0.6773702828836645,0.040328714639541935,0.125
cristaldi_inverter_rate,9.1,0.32061956963867067,0.6793804303613293,0.04007744620483383,0.125
cristaldi_inverter_rate,9.15,0.3186219464037138,0.6813780535962862,0.03982774330046422,0.125
cristaldi_inverter_rate,9.200000000000001,0.31663676937905316,0.6833632306209468,0.039579596172381645,0.125
cristaldi_inverter_rate,9.25,0.314663961018459,0.685336038981541,0.039332995127307376,0.125
cristaldi_inverter_rate,9.3,0.3127034442588537,0.6872965557411463,0.039087930532356714,0.125
cristaldi_inverter_rate,9.35,0.31075514251730224,0.6892448574826977,0.03884439281466278,0.125
cristaldi_inverter_rate,9.4,0.30881897968801986,0.6911810203119801,0.03860237246100248,0.125
cristaldi_inverter_rate,9.450000000000001,0.3068948801393999,0.6931051198606001,0.03836186001742499,0.125
cristaldi_inverter_rate,9.5,0.3049827687110593,0.6950172312889407,0.03812284608888241,0.125
cristaldi_inverter_rate,9.55,0.303082570710902,0.6969174292890981,0.03788532133886275,0.125
cristaldi_inverter_rate,9.600000000000001,0.301194211912202,0.698805788087798,0.03764927648902525,0.125
cristaldi_inverter_rate,9.65,0.2993176185507039,0.7006823814492962,0.037414702318837985,0.125
cristaldi_inverter_rate,9.700000000000001,0.2974527173217405,0.7025472826782595,0.03718158966521756,0.125
cristaldi_inverter_rate,9.75,0.29559943537737077,0.7044005646226292,0.036949929422171346,0.125
cristaldi_inverter_rate,9.8,0.29375770032353277,0.7062422996764672,0.036719712540441596,0.125
cristaldi_inverter_rate,9.850000000000001,0.291927440217217,0.708072559782783,0.036490930027152126,0.125
cristaldi_inverter_rate,9.9,0.29010858356365526,0.7098914164363448,0.03626357294545691,0.125
cristaldi_inverter_rate,9.950000000000001,0.28830105931352823,0.7116989406864718,0.03603763241419103,0.125
cristaldi_inverter_rate,10.0,0.2865047968601901,0.7134952031398099,0.03581309960752376,0.125
cristaldi_inverter_rate,10.05,0.28471972603691026,0.7152802739630897,0.03558996575461378,0.125
cristaldi_inverter_rate,10.100000000000001,0.28294577711413277,0.7170542228858672,0.035368222139266596,0.125
cristaldi_inverter_rate,10.15,0.28118288079675235,0.7188171192032476,0.035147860099594044,0.125
cristaldi_inverter_rate,10.200000000000001,0.2794309682214073,0.7205690317785927,0.03492887102767591,0.125
cristaldi_inverter_rate,10.25,0.27768997095378994,0.7223100290462101,0.03471124636922374,0.125
cristaldi_inverter_rate,10.3,0.2759598209859731,0.724040179014027,0.03449497762324664,0.125
cristaldi_inverter_rate,10.350000000000001,0.27424045073375364,0.7257595492662463,0.034280056341719205,0.125
cristaldi_inverter_rate,10.4,0.2725317930340126,0.7274682069659875,0.034066474129251574,0.125
cristaldi_inverter_rate,10.450000000000001,0.2708337811420911,0.7291662188579089,0.03385422264276139,0.125
cristaldi_inverter_rate,10.5,0.26914634872918386,0.7308536512708161,0.03364329359114798,0.125
cristaldi_inverter_rate,10.55,0.2674694298797476,0.7325305701202525,0.03343367873496845,0.125
cristaldi_inverter_rate,10.600000000000001,0.26580295908892654,0.7341970409110734,0.03322536988611582,0.125
cristaldi_inverter_rate,10.65,0.2641468712599936,0.7358531287400064,0.0330183589074992,0.125
cristaldi_inverter_rate,10.700000000000001,0.26250110170180724,0.7374988982981927,0.032812637712725905,0.125
cristaldi_inverter_rate,10.75,0.26086558612628497,0.739134413873715,0.03260819826578562,0.125
cristaldi_inverter_rate,10.8,0.2592402606458915,0.7407597393541085,0.03240503258073644,0.125
cristaldi_inverter_rate,10.850000000000001,0.25762506177114364,0.7423749382288564,0.032203132721392955,0.125
cristaldi_inverter_rate,10.9,0.25601992640813004,0.74398007359187,0.032002490801016255,0.125
cristaldi_inverter_rate,10.950000000000001,0.2544247918560464,0.7455752081439536,0.0318030989820058,0.125
cristaldi_inverter_rate,11.0,0.25283959580474646,0.7471604041952535,0.03160494947559331,0.125
cristaldi_inverter_rate,11.05,0.2512642763323079,0.7487357236676921,0.03140803454153849,0.125
cristaldi_inverter_rate,11.100000000000001,0.2496987719026135,0.7503012280973865,0.031212346487826687,0.125
cristaldi_inverter_rate,11.15,0.24814302136294747,0.7518569786370526,0.031017877670368434,0.125
cristaldi_inverter_rate,11.200000000000001,0.24659696394160643,0.7534030360583935,0.030824620492700804,0.125
cristaldi_inverter_rate,11.25,0.2450605392455259,0.7549394607544742,0.030632567405690737,0.125
cristaldi_inverter_rate,11.3,0.24353368725792068,0.7564663127420793,0.030441710907240085,0.125
cristaldi_inverter_rate,11.350000000000001,0.24201634833594093,0.757983651664059,0.030252043541992617,0.125
cristaldi_inverter_rate,11.4,0.24050846320834213,0.7594915367916579,0.030063557901042766,0.125
cristaldi_inverter_rate,11.450000000000001,0.23900997297316962,0.7609900270268304,0.029876246621646202,0.125
cristaldi_inverter_rate,11.5,0.23752081909545814,0.7624791809045419,0.029690102386932267,0.125
cristaldi_inverter_rate,11.55,0.2360409434049449,0.7639590565950551,0.02950511792561811,0.125
cristaldi_inverter_rate,11.600000000000001,0.23457028809379762,0.7654297119062023,0.029321286011724703,0.125
cristaldi_inverter_rate,11.65,0.23310879571435625,0.7668912042856437,0.02913859946429453,0.125
cristaldi_inverter_rate,11.700000000000001,0.23165640917688876,0.7683435908231112,0.028957051147111095,0.125
cristaldi_inverter_rate,11.75,0.23021307174736147,0.7697869282526385,0.028776633968420184,0.125
cristaldi_inverter_rate,11.8,0.22877872704522242,0.7712212729547776,0.028597340880652803,0.125
cristaldi_inverter_rate,11.850000000000001,0.22735331904119932,0.7726466809588006,0.028419164880149915,0.125
cristaldi_inverter_rate,11.9,0.22593679205511083,0.7740632079448891,0.028242099006888854,0.125
cristaldi_inverter_rate,11.950000000000001,0.22452909075369132,0.7754709092463087,0.028066136344211415,0.125
cristaldi_inverter_rate,12.0,0.22313016014842982,0.7768698398515702,0.027891270018553727,0.125
cristaldi_inverter_rate,12.05,0.22173994559342158,0.7782600544065784,0.027717493199177698,0.125
cristaldi_inverter_rate,12.100000000000001,0.2203583927832338,0.7796416072167662,0.027544799097904225,0.125
cristaldi_inverter_rate,12.15,0.21898544775078424,0.7810145522492158,0.02737318096884803,0.125
cristaldi_inverter_rate,12.200000000000001,0.21762105686523284,0.7823789431347672,0.027202632108154105,0.125
cristaldi_inverter_rate,12.25,0.2162651668298873,0.7837348331701127,0.027033145853735913,0.125
cristaldi_inverter_rate,12.3,0.21491772468012055,0.7850822753198794,0.02686471558501507,0.125
cristaldi_inverter_rate,12.350000000000001,0.21357867778130238,0.7864213222186976,0.026697334722662797,0.125
cristaldi_inverter_rate,12.4,0.21224797382674304,0.7877520261732569,0.02653099672834288,0.125
cristaldi_inverter_rate,12.450000000000001,0.21092556083565003,0.7890744391643499,0.026365695104456254,0.125
cristaldi_inverter_rate,12.5,0.2096113871510978,0.7903886128489022,0.026201423393887226,0.125
cristaldi_inverter_rate,12.55,0.20830540143800966,0.7916945985619903,0.026038175179751207,0.125
cristaldi_inverter_rate,12.600000000000001,0.2070075526811526,0.7929924473188474,0.025875944085144074,0.125
cristaldi_inverter_rate,12.65,0.2057177901831446,0.7942822098168554,0.025714723772893074,0.125
cristaldi_inverter_rate,12.700000000000001,0.20443606356247396,0.795563936437526,0.025554507945309245,0.125
cristaldi_inverter_rate,12.75,0.20316232275153173,0.7968376772484682,0.025395290343941467,0.125
cristaldi_inverter_rate,12.8,0.20189651799465538,0.7981034820053446,0.025237064749331923,0.125
cristaldi_inverter_rate,12.850000000000001,0.2006385998461857,0.7993614001538143,0.025079824980773213,0.125
cristaldi_inverter_rate,12.9,0.19938851916853514,0.8006114808314648,0.024923564896066893,0.125
cristaldi_inverter_rate,12.950000000000001,0.1981462271302681,0.8018537728697319,0.024768278391283514,0.125
cristaldi_inverter_rate,13.0,0.19691167520419406,0.8030883247958059,0.024613959400524257,0.125
cristaldi_inverter_rate,13.05,0.19568481516547126,0.8043151848345287,0.024460601895683907,0.125
cristaldi_inverter_rate,13.100000000000001,0.1944655990897235,0.8055344009102765,0.024308199886215437,0.125
cristaldi_inverter_rate,13.15,0.19325397935116784,0.8067460206488322,0.02415674741889598,0.125
cristaldi_inverter_rate,13.200000000000001,0.19204990862075408,0.8079500913792459,0.02400623857759426,0.125
cristaldi_inverter_rate,13.25,0.19085333986431632,0.8091466601356837,0.02385666748303954,0.125
cristaldi_inverter_rate,13.3,0.18966422634073524,0.8103357736592648,0.023708028292591905,0.125
cristaldi_inverter_rate,13.350000000000001,0.1884825216001127,0.8115174783998873,0.023560315200014087,0.125
cristaldi_inverter_rate,13.4,0.18730817948195702,0.812691820518043,0.023413522435244628,0.125
cristaldi_inverter_rate,13.450000000000001,0.1861411541133798,0.8138588458866202,0.023267644264172476,0.125
cristaldi_inverter_rate,13.5,0.18498139990730428,0.8150186000926958,0.023122674988413035,0.125
cristaldi_inverter_rate,13.55,0.18382887156068425,0.8161711284393157,0.02297860894508553,0.125
cristaldi_inverter_rate,13.600000000000001,0.1826835240527346,0.8173164759472654,0.022835440506591826,0.125
cristaldi_inverter_rate,13.65,0.18154531264317278,0.8184546873568272,0.022693164080396597,0.125
cristaldi_inverter_rate,13.700000000000001,0.18041419287047075,0.8195858071295292,0.022551774108808844,0.125
cristaldi_inverter_rate,13.75,0.17929012055011864,0.8207098794498814,0.02241126506876483,0.125
cristaldi_inverter_rate,13.8,0.1781730517728984,0.8218269482271016,0.0222716314716123,0.125
cristaldi_inverter_rate,13.850000000000001,0.17706294290316898,0.8229370570968311,0.022132867862896123,0.125
cristaldi_inverter_rate,13.9,0.17595975057716148,0.8240402494228385,0.021994968822145185,0.125
cristaldi_inverter_rate,13.950000000000001,0.17486343170128535,0.8251365682987146,0.02185792896266067,0.125
cristaldi_inverter_rate,14.0,0.17377394345044514,0.8262260565495548,0.021721742931305642,0.125
cristaldi_inverter_rate,14.05,0.17269124326636745,0.8273087567336326,0.02158640540829593,0.125
cristaldi_inverter_rate,14.100000000000001,0.1716152888559387,0.8283847111440613,0.02145191110699234,0.125
cristaldi_inverter_rate,14.15,0.17054603818955297,0.8294539618104471,0.02131825477369412,0.125
cristaldi_inverter_rate,14.200000000000001,0.16948344949947006,0.83051655050053,0.021185431187433757,0.125
cristaldi_inverter_rate,14.25,0.16842748127818424,0.8315725187218157,0.02105343515977303,0.125
cristaldi_inverter_rate,14.3,0.16737809227680248,0.8326219077231976,0.02092226153460031,0.125
cristaldi_inverter_rate,14.350000000000001,0.16633524150343354,0.8336647584965664,0.020791905187929192,0.125
cristaldi_inverter_rate,14.4,0.16529888822158653,0.8347011117784134,0.020662361027698316,0.125
cristaldi_inverter_rate,14.450000000000001,0.1642689919485795,0.8357310080514205,0.020533623993572437,0.125
cristaldi_inverter_rate,14.5,0.1632455124539584,0.8367544875460415,0.0204056890567448,0.125
cristaldi_inverter_rate,14.55,0.16222840975792527,0.8377715902420747,0.02027855121974066,0.125
cristaldi_inverter_rate,14.600000000000001,0.16121764412977674,0.8387823558702232,0.020152205516222092,0.125
cristaldi_inverter_rate,14.65,0.16021317608635197,0.839786823913648,0.020026647010793996,0.125
cristaldi_inverter_rate,14.700000000000001,0.15921496639049024,0.8407850336095097,0.01990187079881128,0.125
cristaldi_inverter_rate,14.75,0.15822297604949842,0.8417770239505016,0.019777872006187303,0.125
cristaldi_inverter_rate,14.8,0.1572371663136276,0.8427628336863724,0.01965464578920345,0.125
cristaldi_inverter_rate,14.850000000000001,0.15625749867455968,0.8437425013254403,0.01953218733431996,0.125
cristaldi_inverter_rate,14.9,0.155283934863903,0.844716065136097,0.019410491857987874,0.125
cristaldi_inverter_rate,14.950000000000001,0.15431643685169727,0.8456835631483027,0.01928955460646216,0.125
cristaldi_inverter_rate,15.0,0.15335496684492847,0.8466450331550716,0.01916937085561606,0.125
cristaldi_inverter_rate,15.05,0.15239948728605213,0.8476005127139479,0.019049935910756516,0.125
cristaldi_inverter_rate,15.100000000000001,0.15144996085152654,0.8485500391484735,0.018931245106440817,0.125
cristaldi_inverter_rate,15.15,0.15050635045035463,0.8494936495496453,0.018813293806294328,0.125
cristaldi_inverter_rate,15.200000000000001,0.14956861922263504,0.8504313807773649,0.01869607740282938,0.125
cristaldi_inverter_rate,15.25,0.1486367305381225,0.8513632694618775,0.018579591317265314,0.125
cristaldi_inverter_rate,15.3,0.14771064799479677,0.8522893520052033,0.018463830999349597,0.125
cristaldi_inverter_rate,15.350000000000001,0.14679033541744074,0.8532096645825593,0.018348791927180093,0.125
cristaldi_inverter_rate,15.4,0.14587575685622736,0.8541242431437727,0.01823446960702842,0.125
cristaldi_inverter_rate,15.450000000000001,0.14496687658531524,0.8550331234146847,0.018120859573164404,0.125
cristaldi_inverter_rate,15.5,0.14406365910145327,0.8559363408985468,0.01800795738768166,0.125
cristaldi_inverter_rate,15.55,0.1431660691225936,0.8568339308774064,0.0178957586403242,0.125
cristaldi_inverter_rate,15.600000000000001,0.14227407158651353,0.8577259284134865,0.017784258948314192,0.125
cristaldi_inverter_rate,15.65,0.14138763164944598,0.858612368350554,0.017673453956180748,0.125
cristaldi_inverter_rate,15.700000000000001,0.1405067146847181,0.8594932853152819,0.01756333933558976,0.125
cristaldi_inverter_rate,15.75,0.13963128628139898,0.860368713718601,0.017453910785174873,0.125
cristaldi_inverter_rate,15.8,0.13876131224295524,0.8612386877570448,0.017345164030369405,0.125
cristaldi_inverter_rate,15.850000000000001,0.13789675858591544,0.8621032414140846,0.01723709482323943,0.125
cristaldi_inverter_rate,15.9,0.13703759153854245,0.8629624084614576,0.017129698942317806,0.125
cristaldi_inverter_rate,15.950000000000001,0.13618377753951413,0.8638162224604858,0.017022972192439267,0.125
cristaldi_inverter_rate,16.0,0.1353352832366127,0.8646647167633873,0.016916910404576588,0.125
cristaldi_inverter_rate,16.05,0.13449207548542144,0.8655079245145786,0.01681150943567768,0.125
cristaldi_inverter_rate,16.1,0.1336541213480304,0.8663458786519695,0.0167067651685038,0.125
cristaldi_inverter_rate,16.150000000000002,0.13282138809174954,0.8671786119082505,0.016602673511468692,0.125
cristaldi_inverter_rate,16.2,0.13199384318783022,0.8680061568121697,0.016499230398478778,0.125
cristaldi_inverter_rate,16.25,0.13117145431019428,0.8688285456898057,0.016396431788774285,0.125
cristaldi_inverter_rate,16.3,0.13035418933417164,0.8696458106658284,0.016294273666771455,0.125
cristaldi_inverter_rate,16.35,0.12954201633524529,0.8704579836647547,0.01619275204190566,0.125
cristaldi_inverter_rate,16.400000000000002,0.12873490358780418,0.8712650964121958,0.016091862948475522,0.125
cristaldi_inverter_rate,16.45,0.12793281956390404,0.872067180436096,0.015991602445488005,0.125
cristaldi_inverter_rate,16.5,0.1271357329320356,0.8728642670679644,0.01589196661650445,0.125
cristaldi_inverter_rate,16.55,0.12634361255590093,0.873656387444099,0.015792951569487616,0.125
cristaldi_inverter_rate,16.6,0.1255564274931972,0.8744435725068028,0.01569455343664965,0.125
cristaldi_inverter_rate,16.650000000000002,0.12477414699440777,0.8752258530055922,0.01559676837430097,0.125
cristaldi_inverter_rate,16.7,0.12399674050160123,0.8760032594983987,0.015499592562700153,0.125
cristaldi_inverter_rate,16.75,0.12322417764723749,0.8767758223527625,0.015403022205904686,0.125
cristaldi_inverter_rate,16.8,0.1224564282529819,0.8775435717470181,0.015307053531622738,0.125
cristaldi_inverter_rate,16.85,0.1216934623285261,0.8783065376714739,0.015211682791065762,0.125
cristaldi_inverter_rate,16.900000000000002,0.12093525007041664,0.8790647499295834,0.01511690625880208,0.125
cristaldi_inverter_rate,16.95,0.12018176186089086,0.8798182381391091,0.015022720232611357,0.125
cristaldi_inverter_rate,17.0,0.11943296826671962,0.8805670317332803,0.014929121033339952,0.125
cristaldi_inverter_rate,17.05,0.118688840038058,0.881311159961942,0.01483610500475725,0.125
cristaldi_inverter_rate,17.1,0.11794934810730248,0.8820506518926975,0.01474366851341281,0.125
cristaldi_inverter_rate,17.150000000000002,0.11721446358795544,0.8827855364120446,0.01465180794849443,0.125
cristaldi_inverter_rate,17.2,0.11648415777349697,0.883515842226503,0.01456051972168712,0.125
cristaldi_inverter_rate,17.25,0.11575840213626322,0.8842415978637368,0.014469800267032902,0.125
cristaldi_inverter_rate,17.3,0.11503716832633237,0.8849628316736676,0.014379646040791547,0.125
cristaldi_inverter_rate,17.35,0.11432042817041703,0.885679571829583,0.014290053521302129,0.125
cristaldi_inverter_rate,17.400000000000002,0.11360815367076371,0.8863918463292363,0.014201019208845464,0.125
cristaldi_inverter_rate,17.45,0.11290031700405924,0.8870996829959408,0.014112539625507405,0.125
cristaldi_inverter_rate,17.5,0.11219689052034373,0.8878031094796562,0.014024611315042967,0.125
cristaldi_inverter_rate,17.55,0.11149784674193076,0.8885021532580692,0.013937230842741346,0.125
cristaldi_inverter_rate,17.6,0.11080315836233387,0.8891968416376661,0.013850394795291734,0.125
cristaldi_inverter_rate,17.650000000000002,0.11011279824519986,0.8898872017548002,0.013764099780649982,0.125
cristaldi_inverter_rate,17.7,0.10942673942324893,0.8905732605767511,0.013678342427906116,0.125
cristaldi_inverter_rate,17.75,0.10874495509722103,0.891255044902779,0.013593119387152628,0.125
cristaldi_inverter_rate,17.8,0.10806741863482926,0.8919325813651707,0.013508427329353657,0.125
cristaldi_inverter_rate,17.85,0.10739410356971943,0.8926058964302805,0.013424262946214929,0.125
cristaldi_inverter_rate,17.900000000000002,0.10672498360043615,0.8932750163995639,0.01334062295005452,0.125
cristaldi_inverter_rate,17.95,0.10606003258939564,0.8939399674106043,0.013257504073674455,0.125
cristaldi_inverter_rate,18.0,0.10539922456186433,0.8946007754381357,0.013174903070233042,0.125
cristaldi_inverter_rate,18.05,0.10474253370494471,0.8952574662950553,0.013092816713118089,0.125
cristaldi_inverter_rate,18.1,0.10408993436656665,0.8959100656334333,0.013011241795820831,0.125
cristaldi_inverter_rate,18.150000000000002,0.10344140105448552,0.8965585989455145,0.01293017513181069,0.125
cristaldi_inverter_rate,18.2,0.1027969084352864,0.8972030915647136,0.0128496135544108,0.125
cristaldi_inverter_rate,18.25,0.1021564313333943,0.8978435686666058,0.012769553916674288,0.125
cristaldi_inverter_rate,18.3,0.10151994473009104,0.8984800552699089,0.01268999309126138,0.125
cristaldi_inverter_rate,18.35,0.10088742376253776,0.8991125762374622,0.01261092797031722,0.125
cristaldi_inverter_rate,18.400000000000002,0.1002588437228037,0.8997411562771963,0.012532355465350463,0.125
cristaldi_inverter_rate,18.45,0.09963418005690121,0.9003658199430988,0.012454272507112651,0.125
cristaldi_inverter_rate,18.5,0.0990134083638263,0.9009865916361737,0.012376676045478287,0.125
cristaldi_inverter_rate,18.55,0.09839650439460583,0.9016034956053942,0.012299563049325729,0.125
cristaldi_inverter_rate,18.6,0.09778344405135005,0.9022165559486499,0.012222930506418756,0.125
cristaldi_inverter_rate,18.650000000000002,0.09717420338631134,0.9028257966136887,0.012146775423288918,0.125
cristaldi_inverter_rate,18.7,0.09656875860094882,0.9034312413990512,0.012071094825118603,0.125
cristaldi_inverter_rate,18.75,0.09596708604499847,0.9040329139550015,0.011995885755624809,0.125
cristaldi_inverter_rate,18.8,0.09536916221554961,0.9046308377844504,0.011921145276943702,0.125
cristaldi_inverter_rate,18.85,0.09477496375612664,0.9052250362438734,0.01184687046951583,0.125
cristaldi_inverter_rate,18.900000000000002,0.09418446745577665,0.9058155325442233,0.01177305843197208,0.125
cristaldi_inverter_rate,18.95,0.0935976502481629,0.9064023497518371,0.011699706281020362,0.125
cristaldi_inverter_rate,19.0,0.09301448921066349,0.9069855107893365,0.011626811151332937,0.125
cristaldi_inverter_rate,19.05,0.09243496156347629,0.9075650384365237,0.011554370195434536,0.125
cristaldi_inverter_rate,19.1,0.09185904466872889,0.9081409553312711,0.011482380583591112,0.125
cristaldi_inverter_rate,19.150000000000002,0.09128671602959437,0.9087132839704056,0.011410839503699297,0.125
cristaldi_inverter_rate,19.200000000000003,0.09071795328941247,0.9092820467105875,0.011339744161176559,0.125
cristaldi_inverter_rate,19.25,0.09015273423081638,0.9098472657691836,0.011269091778852047,0.125
cristaldi_inverter_rate,19.3,0.08959103677486467,0.9104089632251353,0.011198879596858084,0.125
cristaldi_inverter_rate,19.35,0.08903283898017908,0.9109671610198209,0.011129104872522385,0.125
cristaldi_inverter_rate,19.400000000000002,0.08847811904208727,0.9115218809579128,0.011059764880260909,0.125
cristaldi_inverter_rate,19.450000000000003,0.08792685529177115,0.9120731447082289,0.010990856911471393,0.125
cristaldi_inverter_rate,19.5,0.08737902619542039,0.9126209738045796,0.010922378274427548,0.125
cristaldi_inverter_rate,19.55,0.08683461035339117,0.9131653896466089,0.010854326294173896,0.125
cristaldi_inverter_rate,19.6,0.0862935864993705,0.9137064135006295,0.010786698312421312,0.125
cristaldi_inverter_rate,19.650000000000002,0.08575593349954526,0.9142440665004548,0.010719491687443157,0.125
cristaldi_inverter_rate,19.700000000000003,0.0852216303517768,0.9147783696482232,0.0106527037939721,0.125
cristaldi_inverter_rate,19.75,0.0846906561847805,0.9153093438152196,0.010586332023097562,0.125
cristaldi_inverter_rate,19.8,0.08416299025731036,0.9158370097426897,0.010520373782163795,0.125
cristaldi_inverter_rate,19.85,0.08363861195734905,0.916361388042651,0.010454826494668631,0.125
cristaldi_inverter_rate,19.900000000000002,0.08311750080130252,0.9168824991986975,0.010389687600162815,0.125
cristaldi_inverter_rate,19.950000000000003,0.08259963643320001,0.9174003635668,0.010324954554150001,0.125
cristaldi_inverter_rate,20.0,0.0820849986238988,0.9179150013761012,0.01026062482798735,0.125
obeidat_high_quality,0.0,1.0,0.0,0.07068444,0.07068444
obeidat_high_quality,0.05,0.9964720160115695,0.003527983988430459,0.07043506642744883,0.07068444
obeidat_high_quality,0.1,0.9929564786941617,0.007043521305838296,0.07018657264086875,0.07068444
obeidat_high_quality,0.15000000000000002,0.9894533441361204,0.01054665586387959,0.06993895553638896,0.07068444
obeidat_high_quality,0.2,0.9859625685807092,0.014037431419290793,0.06969221202108902,0.07068444
obeidat_high_quality,0.25,0.9824841084255647,0.017515891574435304,0.06944633901296032,0.07068444
obeidat_high_quality,0.30000000000000004,0.979017920222152,0.020982079777848075,0.06920133344086749,0.07068444
obeidat_high_quality,0.35000000000000003,0.9755639606752217,0.02443603932477831,0.06895719224451007,0.07068444
obeidat_high_quality,0.4,0.9721221866422697,0.027877813357730295,0.06871391237438432,0.07068444
obeidat_high_quality,0.45,0.9686925551329978,0.03130744486700224,0.06847149079174508,0.07068444
obeidat_high_quality,0.5,0.9652750233087768,0.034724976691223236,0.06822992446856783,0.07068444
obeidat_high_quality,0.55,0.9618695484821116,0.03813045151788844,0.0679892103875109,0.07068444
obeidat_high_quality,0.6000000000000001,0.9584760881161078,0.041523911883892164,0.06774934554187774,0.07068444
obeidat_high_quality,0.65,0.9550945998239407,0.044905400176059256,0.06751032693557935,0.07068444
obeidat_high_quality,0.7000000000000001,0.9517250413683255,0.04827495863167452,0.06727215158309692,0.07068444
obeidat_high_quality,0.75,0.9483673706609898,0.05163262933901028,0.0670348165094445,0.07068444
obeidat_high_quality,0.8,0.9450215457621478,0.05497845423785215,0.06679831875013179,0.07068444
obeidat_high_quality,0.8500000000000001,0.9416875248799772,0.05831247512002281,0.06656265535112725,0.07068444
obeidat_high_quality,0.9,0.9383652663700959,0.061634733629904084,0.06632782336882106,0.07068444
obeidat_high_quality,0.9500000000000001,0.9350547287350429,0.06494527126495707,0.06609381986998841,0.07068444
obeidat_high_quality,1.0,0.9317558706237595,0.06824412937624047,0.0658606419317529,0.07068444
obeidat_high_quality,1.05,0.9284686508310728,0.07153134916892719,0.06562828664154992,0.07068444
obeidat_high_quality,1.1,0.9251930282971812,0.07480697170281883,0.06539675109709041,0.07068444
obeidat_high_quality,1.1500000000000001,0.9219289621071413,0.07807103789285878,0.0651660324063245,0.07068444
obeidat_high_quality,1.2000000000000002,0.918676411490357,0.0813235885096431,0.06493612768740545,0.07068444
obeidat_high_quality,1.25,0.9154353358200702,0.08456466417992982,0.06470703406865361,0.07068444
obeidat_high_quality,1.3,0.9122056946128535,0.0877943053871465,0.06447874868852056,0.07068444
obeidat_high_quality,1.35,0.9089874475281042,0.09101255247189573,0.06425126869555343,0.07068444
obeidat_high_quality,1.4000000000000001,0.9057805543675409,0.09421944563245915,0.06402459124835919,0.07068444
obeidat_high_quality,1.4500000000000002,0.9025849750747005,0.0974150249252995,0.06379871351556916,0.07068444
obeidat_high_quality,1.5,0.8994006697344391,0.10059933026556094,0.06357363267580378,0.07068444
obeidat_high_quality,1.55,0.8962275985724323,0.10377240142756765,0.06334934591763718,0.07068444
obeidat_high_quality,1.6,0.8930657219546793,0.10693427804532069,0.0631258504395622,0.07068444
obeidat_high_quality,1.6500000000000001,0.8899150003870071,0.1100849996129929,0.06290314344995539,0.07068444
obeidat_high_quality,1.7000000000000002,0.8867753945145777,0.11322460548542235,0.062681222167042,0.07068444
obeidat_high_quality,1.75,0.8836468651213961,0.11635313487860385,0.062460083818861416,0.07068444
obeidat_high_quality,1.8,0.880529373129821,0.11947062687017893,0.06223972564323245,0.07068444
obeidat_high_quality,1.85,0.8774228796000764,0.12257712039992365,0.06202014488771882,0.07068444
obeidat_high_quality,1.9000000000000001,0.8743273457297648,0.12567265427023527,0.06180133880959482,0.07068444
obeidat_high_quality,1.9500000000000002,0.8712427328533832,0.12875726714661678,0.06158330467581099,0.07068444
obeidat_high_quality,2.0,0.8681690024418401,0.1318309975581599,0.0613660397629601,0.07068444
obeidat_high_quality,2.0500000000000003,0.8651061161019736,0.1348938838980264,0.06114954135724299,0.07068444
obeidat_high_quality,2.1,0.8620540355760726,0.1379459644239274,0.06093380675443477,0.07068444
obeidat_high_quality,2.15,0.8590127227413984,0.14098727725860163,0.06071883325985101,0.07068444
obeidat_high_quality,2.2,0.8559821396097087,0.14401786039029135,0.06050461818831408,0.07068444
obeidat_high_quality,2.25,0.8529622483267831,0.1470377516732168,0.06029115886411961,0.07068444
obeidat_high_quality,2.3000000000000003,0.8499530111719507,0.15004698882804937,0.06007845262100308,0.07068444
obeidat_high_quality,2.35,0.8469543905576178,0.15304560944238227,0.059866496802106504,0.07068444
obeidat_high_quality,2.4000000000000004,0.8439663490287995,0.15603365097120045,0.05965528875994524,0.07068444
obeidat_high_quality,2.45,0.8409888492626518,0.15901115073734814,0.05944482585637496,0.07068444
obeidat_high_quality,2.5,0.8380218540680047,0.16197814593199533,0.05923510546255863,0.07068444
obeidat_high_quality,2.5500000000000003,0.8350653263848979,0.16493467361510206,0.05902612495893374,0.07068444
obeidat_high_quality,2.6,0.8321192292841185,0.16788077071588142,0.05881788173517952,0.07068444
obeidat_high_quality,2.6500000000000004,0.829183525966739,0.17081647403326092,0.05861037319018441,0.07068444
obeidat_high_quality,2.7,0.8262581797636581,0.17374182023634188,0.05840359673201351,0.07068444
obeidat_high_quality,2.75,0.8233431541351423,0.17665684586485775,0.058197549777876216,0.07068444
obeidat_high_quality,2.8000000000000003,0.8204384126703697,0.1795615873296304,0.05799222975409399,0.07068444
obeidat_high_quality,2.85,0.8175439190869753,0.1824560809130247,0.057787634096068165,0.07068444
obeidat_high_quality,2.9000000000000004,0.8146596372305978,0.18534036276940227,0.057583760248247955,0.07068444
obeidat_high_quality,2.95,0.8117855310744276,0.18821446892557236,0.057380605664098513,0.07068444
obeidat_high_quality,3.0,0.8089215647187575,0.19107843528124244,0.05717816780606914,0.07068444
obeidat_high_quality,3.0500000000000003,0.8060677023905336,0.1939322976094664,0.05697644414556153,0.07068444
obeidat_high_quality,3.1,0.8032239084429089,0.19677609155709108,0.05677543216289829,0.07068444
obeidat_high_quality,3.1500000000000004,0.8003901473547977,0.1996098526452022,0.056575129347291364,0.07068444
obeidat_high_quality,3.2,0.7975663837304325,0.20243361626956743,0.05637553319681073,0.07068444
obeidat_high_quality,3.25,0.7947525822989212,0.20524741770107877,0.05617664121835316,0.07068444
obeidat_high_quality,3.3000000000000003,0.7919487079138069,0.20805129208619313,0.05597845092761101,0.07068444
obeidat_high_quality,3.35,0.7891547255526288,0.21084527444737125,0.05578095984904126,0.07068444
obeidat_high_quality,3.4000000000000004,0.7863706003164849,0.21362939968351513,0.055584165515834554,0.07068444
obeidat_high_quality,3.45,0.7835962974295958,0.21640370257040417,0.055388065469884416,0.07068444
obeidat_high_quality,3.5,0.7808317822388708,0.21916821776112916,0.05519265726175653,0.07068444
obeidat_high_quality,3.5500000000000003,0.7780770202134745,0.2219229797865255,0.054997938450658125,0.07068444
obeidat_high_quality,3.6,0.7753319769443957,0.22466802305560438,0.054803906604407523,0.07068444
obeidat_high_quality,3.6500000000000004,0.7725966181440177,0.22740338185598227,0.054610559299403734,0.07068444
obeidat_high_quality,3.7,0.76987090964569,0.23012909035430992,0.0544178941205962,0.07068444
obeidat_high_quality,3.75,0.7671548174033017,0.2328451825966983,0.05422590866145464,0.07068444
obeidat_high_quality,3.8000000000000003,0.7644483074908556,0.23555169250914443,0.05403460052393893,0.07068444
obeidat_high_quality,3.85,0.7617513461020451,0.23824865389795494,0.053843967318469244,0.07068444
obeidat_high_quality,3.9000000000000004,0.7590638995498317,0.24093610045016833,0.0536540066638961,0.07068444
obeidat_high_quality,3.95,0.7563859342660243,0.24361406573397568,0.053464716187470736,0.07068444
obeidat_high_quality,4.0,0.7537174168008598,0.24628258319914023,0.05327609352481537,0.07068444
obeidat_high_quality,4.05,0.7510583138225851,0.24894168617741483,0.05308813631989369,0.07068444
obeidat_high_quality,4.1000000000000005,0.7484085921170415,0.2515914078829586,0.05290084222498149,0.07068444
obeidat_high_quality,4.15,0.7457682185872487,0.25423178141275127,0.05271420890063727,0.07068444
obeidat_high_quality,4.2,0.7431371602529927,0.2568628397470073,0.052528234015673046,0.07068444
obeidat_high_quality,4.25,0.7405153842504124,0.2594846157495876,0.05234291524712522,0.07068444
obeidat_high_quality,4.3,0.7379028578315906,0.26209714216840946,0.052158250280225596,0.07068444
obeidat_high_quality,4.3500000000000005,0.7352995483641436,0.26470045163585637,0.051974236808372404,0.07068444
obeidat_high_quality,4.4,0.7327054233308148,0.2672945766691852,0.05179087253310158,0.07068444
obeidat_high_quality,4.45,0.7301204503290675,0.26987954967093253,0.05160815516405795,0.07068444
obeidat_high_quality,4.5,0.727544597070681,0.2724554029293191,0.05142608241896673,0.07068444
obeidat_high_quality,4.55,0.7249778313813464,0.27502216861865353,0.0512446520236049,0.07068444
obeidat_high_quality,4.6000000000000005,0.722420121200266,0.277579878799734,0.05106386171177293,0.07068444
obeidat_high_quality,4.65,0.7198714345797514,0.2801285654202485,0.05088370922526637,0.07068444
obeidat_high_quality,4.7,0.7173317396848257,0.28266826031517434,0.05070419231384768,0.07068444
obeidat_high_quality,4.75,0.7148010047928246,0.2851989952071753,0.05052530873521812,0.07068444
obeidat_high_quality,4.800000000000001,0.7122791982930016,0.2877208017069985,0.050347056254989773,0.07068444
obeidat_high_quality,4.8500000000000005,0.7097662886861318,0.2902337113138682,0.05016943264665756,0.07068444
obeidat_high_quality,4.9,0.7072622445841193,0.2927377554158806,0.04999243569157151,0.07068444
obeidat_high_quality,4.95,0.7047670347096052,0.2952329652903948,0.049816063178909006,0.07068444
obeidat_high_quality,5.0,0.7022806278955761,0.2977193721044239,0.049640312905647174,0.07068444
obeidat_high_quality,5.050000000000001,0.6998029930849756,0.3001970069150244,0.04946518267653537,0.07068444
obeidat_high_quality,5.1000000000000005,0.6973340993303161,0.3026659006696839,0.049290670304067766,0.07068444
obeidat_high_quality,5.15,0.6948739157932922,0.30512608420670784,0.04911677360845601,0.07068444
obeidat_high_quality,5.2,0.6924224117443954,0.3075775882556045,0.048943490417602015,0.07068444
obeidat_high_quality,5.25,0.6899795565625308,0.3100204434374691,0.04877081856707082,0.07068444
obeidat_high_quality,5.300000000000001,0.6875453197346338,0.3124546802653661,0.048598755900063545,0.07068444
obeidat_high_quality,5.3500000000000005,0.6851196708552898,0.31488032914471015,0.048427300267390484,0.07068444
obeidat_high_quality,5.4,0.6827025796263536,0.31729742037364644,0.04825644952744421,0.07068444
obeidat_high_quality,5.45,0.6802940158565717,0.3197059841434283,0.04808620154617289,0.07068444
obeidat_high_quality,5.5,0.6778939494612046,0.3221060505387954,0.047916554197053554,0.07068444
obeidat_high_quality,5.550000000000001,0.6755023504616516,0.3244976495383484,0.04774750536106559,0.07068444
obeidat_high_quality,5.6000000000000005,0.6731191889850757,0.32688081101492433,0.04757905292666425,0.07068444
obeidat_high_quality,5.65,0.670744435264031,0.32925556473596884,0.047411194789754287,0.07068444
obeidat_high_quality,5.7,0.6683780596360908,0.3316219403639092,0.04724392885366368,0.07068444
obeidat_high_quality,5.75,0.6660200325434764,0.3339799674565236,0.04707725302911741,0.07068444
obeidat_high_quality,5.800000000000001,0.663670324532689,0.3363296754673109,0.046911165234211384,0.07068444
obeidat_high_quality,5.8500000000000005,0.6613289062541413,0.3386710937458587,0.046745663394386475,0.07068444
obeidat_high_quality,5.9,0.6589957484617905,0.3410042515382095,0.046580745442402524,0.07068444
obeidat_high_quality,5.95,0.6566708220127736,0.3433291779872264,0.046416409318312576,0.07068444
obeidat_high_quality,6.0,0.654354097867043,0.345645902132957,0.04625265296943713,0.07068444
obeidat_high_quality,6.050000000000001,0.6520455470870042,0.34795445291299576,0.04608947435033853,0.07068444
obeidat_high_quality,6.1000000000000005,0.6497451408371538,0.35025485916284604,0.04592687142279535,0.07068444
obeidat_high_quality,6.15,0.6474528503837199,0.3525471496162801,0.04576484215577703,0.07068444
obeidat_high_quality,6.2,0.6451686470943025,0.3548313529056975,0.04560338452541841,0.07068444
obeidat_high_quality,6.25,0.6428925024375165,0.3571074975624835,0.04544249651499449,0.07068444
obeidat_high_quality,6.300000000000001,0.6406243879826349,0.3593756120173651,0.045282176114895274,0.07068444
obeidat_high_quality,6.3500000000000005,0.6383642753992341,0.3616357246007659,0.045122421322600643,0.07068444
obeidat_high_quality,6.4,0.6361121364568396,0.3638878635431604,0.04496323014265529,0.07068444
obeidat_high_quality,6.45,0.6338679430245736,0.36613205697542645,0.04480460058664389,0.07068444
obeidat_high_quality,6.5,0.6316316670708035,0.3683683329291964,0.044646530673166186,0.07068444
obeidat_high_quality,6.550000000000001,0.629403280662792,0.3705967193372079,0.044489018427812284,0.07068444
obeidat_high_quality,6.6000000000000005,0.6271827559663482,0.37281724403365185,0.044332061883137985,0.07068444
obeidat_high_quality,6.65,0.6249700652454792,0.37502993475452084,0.044175659078640156,0.07068444
obeidat_high_quality,6.7,0.6227651808620448,0.3772348191379552,0.04401980806073236,0.07068444
obeidat_high_quality,6.75,0.6205680752754116,0.3794319247245885,0.04386450688272031,0.07068444
obeidat_high_quality,6.800000000000001,0.6183787210421088,0.3816212789578912,0.043709753604777676,0.07068444
obeidat_high_quality,6.8500000000000005,0.6161970908154861,0.3838029091845139,0.04355554629392178,0.07068444
obeidat_high_quality,6.9,0.6140231573453716,0.38597684265462834,0.04340188302398948,0.07068444
obeidat_high_quality,6.95,0.6118568934777316,0.3881431065222683,0.04324876187561311,0.07068444
obeidat_high_quality,7.0,0.6096982721543315,0.3903017278456686,0.043096180936196514,0.07068444
obeidat_high_quality,7.050000000000001,0.6075472664123972,0.39245273358760285,0.042944138299891105,0.07068444
obeidat_high_quality,7.1000000000000005,0.6054038493842796,0.39459615061572045,0.042792632067572146,0.07068444
obeidat_high_quality,7.15,0.6032679942971176,0.39673200570288236,0.04264166034681496,0.07068444
obeidat_high_quality,7.2,0.6011396744725048,0.3988603255274952,0.0424912212518713,0.07068444
obeidat_high_quality,7.25,0.5990188633261556,0.40098113667384444,0.042341312903645845,0.07068444
obeidat_high_quality,7.300000000000001,0.5969055343675731,0.40309446563242685,0.04219193342967266,0.07068444
obeidat_high_quality,7.3500000000000005,0.5947996611997188,0.40520033880028117,0.04204308096409185,0.07068444
obeidat_high_quality,7.4,0.5927012175186823,0.40729878248131773,0.04189475364762625,0.07068444
obeidat_high_quality,7.45,0.5906101771133532,0.4093898228866468,0.041746949627558184,0.07068444
obeidat_high_quality,7.5,0.5885265138650931,0.4114734861349068,0.04159966705770635,0.07068444
obeidat_high_quality,7.550000000000001,0.5864502017474104,0.4135497982525896,0.04145290409840272,0.07068444
obeidat_high_quality,7.6000000000000005,0.5843812148256337,0.41561878517436635,0.04130665891646961,0.07068444
obeidat_high_quality,7.65,0.5823195272565893,0.4176804727434107,0.04116092968519675,0.07068444
obeidat_high_quality,7.7,0.5802651132882777,0.41973488671172243,0.04101571458431847,0.07068444
obeidat_high_quality,7.75,0.5782179472595518,0.42178205274044817,0.040871011799990954,0.07068444
obeidat_high_quality,7.800000000000001,0.576178003599797,0.42382199640020307,0.040726819524769635,0.07068444
obeidat_high_quality,7.8500000000000005,0.5741452568286111,0.42585474317138894,0.04058313595758655,0.07068444
obeidat_high_quality,7.9,0.5721196815554864,0.4278803184445136,0.04043995930372789,0.07068444
obeidat_high_quality,7.95,0.5701012524794927,0.42989874752050716,0.040297287774811556,0.07068444
obeidat_high_quality,8.0,0.568089944388961,0.431910055611039,0.04015511958876485,0.07068444
obeidat_high_quality,8.05,0.5660857321611683,0.43391426783883175,0.040013452969802174,0.07068444
obeidat_high_quality,8.1,0.5640885907620249,0.4359114092379751,0.0398722861484029,0.07068444
obeidat_high_quality,8.15,0.56209849524576,0.43790150475423995,0.03973161736128921,0.07068444
obeidat_high_quality,8.200000000000001,0.5601154207546122,0.4398845792453879,0.03959144485140414,0.07068444
obeidat_high_quality,8.25,0.5581393425185169,0.44186065748148307,0.03945176686788956,0.07068444
obeidat_high_quality,8.3,0.5561702358547985,0.44382976414520153,0.039312581666064356,0.07068444
obeidat_high_quality,8.35,0.5542080761678613,0.4457919238321388,0.03917388750740262,0.07068444
obeidat_high_quality,8.4,0.5522528389488821,0.44774716105111784,0.03903568265951192,0.07068444
obeidat_high_quality,8.450000000000001,0.5503044997755051,0.4496955002244949,0.038897965396111706,0.07068444
obeidat_high_quality,8.5,0.548363034311536,0.45163696568846406,0.03876073399701171,0.07068444
obeidat_high_quality,8.55,0.5464284183066377,0.45357158169336226,0.038623986748090436,0.07068444
obeidat_high_quality,8.6,0.5445006275960286,0.4554993724039714,0.038487721941273825,0.07068444
obeidat_high_quality,8.65,0.5425796381001794,0.4574203618998206,0.038351937874513846,0.07068444
obeidat_high_quality,8.700000000000001,0.5406654258245135,0.45933457417548645,0.038216632851767275,0.07068444
obeidat_high_quality,8.75,0.5387579668591068,0.4612420331408932,0.03808180518297453,0.07068444
obeidat_high_quality,8.8,0.5368572373783884,0.4631427626216116,0.03794745318403846,0.07068444
obeidat_high_quality,8.85,0.5349632136408445,0.46503678635915546,0.037813575176803456,0.07068444
obeidat_high_quality,8.9,0.5330758719887203,0.46692412801127964,0.03768016948903438,0.07068444
obeidat_high_quality,8.950000000000001,0.5311951888477254,0.4688048111522745,0.03754723445439572,0.07068444
obeidat_high_quality,9.0,0.5293211407267395,0.47067885927326053,0.03741476841243078,0.07068444
obeidat_high_quality,9.05,0.5274537042175178,0.4725462957824822,0.037282769708540886,0.07068444
obeidat_high_quality,9.1,0.5255928559944,0.47440714400559997,0.037151236693964806,0.07068444
obeidat_high_quality,9.15,0.5237385728140184,0.4762614271859817,0.03702016772575811,0.07068444
obeidat_high_quality,9.200000000000001,0.521890831515007,0.47810916848499296,0.036889561166772625,0.07068444
obeidat_high_quality,9.25,0.5200496090177135,0.4799503909822864,0.03675941538563603,0.07068444
obeidat_high_quality,9.3,0.5182148823239094,0.48178511767609056,0.036629728756731435,0.07068444
obeidat_high_quality,9.35,0.5163866285165043,0.4836133714834957,0.03650049966017714,0.07068444
obeidat_high_quality,9.4,0.5145648247592586,0.4854351752407415,0.03637172648180633,0.07068444
obeidat_high_quality,9.450000000000001,0.5127494482964983,0.48725055170350173,0.036243407613146934,0.07068444
obeidat_high_quality,9.5,0.5109404764528317,0.48905952354716825,0.0361155414514016,0.07068444
obeidat_high_quality,9.55,0.5091378866328651,0.4908621133671349,0.035988126399427556,0.07068444
obeidat_high_quality,9.600000000000001,0.507341656320921,0.49265834367907896,0.03586116086571676,0.07068444
obeidat_high_quality,9.65,0.5055517630807571,0.49444823691924294,0.03573464326437599,0.07068444
obeidat_high_quality,9.700000000000001,0.5037681845552853,0.49623181544471473,0.03560857201510699,0.07068444
obeidat_high_quality,9.75,0.5019908984662936,0.4980091015337065,0.035482945543186824,0.07068444
obeidat_high_quality,9.8,0.5002198826141667,0.4997801173858332,0.03535776227944811,0.07068444
obeidat_high_quality,9.850000000000001,0.4984551148776093,0.5015448851223907,0.03523302066025948,0.07068444
obeidat_high_quality,9.9,0.49669657321336985,0.5033034267866301,0.03510871912750605,0.07068444
obeidat_high_quality,9.950000000000001,0.49494423565596485,0.5050557643440352,0.034984856128569906,0.07068444
obeidat_high_quality,10.0,0.49319808031740464,0.5068019196825954,0.03486143011631077,0.07068444
obeidat_high_quality,10.05,0.4914580853869202,0.5085419146130798,0.03473843954904664,0.07068444
obeidat_high_quality,10.100000000000001,0.4897242291306904,0.5102757708693095,0.03461588289053454,0.07068444
obeidat_high_quality,10.15,0.4879964898915709,0.512003510108429,0.03449375860995135,0.07068444
obeidat_high_quality,10.200000000000001,0.4862748460888232,0.5137251539111768,0.03437206518187466,0.07068444
obeidat_high_quality,10.25,0.48455927621784534,0.5154407237821547,0.034250801086263716,0.07068444
obeidat_high_quality,10.3,0.4828497588499033,0.5171502411500968,0.03412996480844046,0.07068444
obeidat_high_quality,10.350000000000001,0.4811462726318633,0.5188537273681366,0.03400955483907059,0.07068444
obeidat_high_quality,10.4,0.4794487962859251,0.5205512037140749,0.0338895696741447,0.07068444
obeidat_high_quality,10.450000000000001,0.47775730860935617,0.5222426913906438,0.03377000781495952,0.07068444
obeidat_high_quality,10.5,0.4760717884742267,0.5239282115257733,0.03365086776809917,0.07068444
obeidat_high_quality,10.55,0.47439221482714616,0.5256077851728538,0.03353214804541652,0.07068444
obeidat_high_quality,10.600000000000001,0.4727185666889999,0.5272814333110001,0.03341384716401461,0.07068444
obeidat_high_quality,10.65,0.4710508231546874,0.5289491768453126,0.03329596364622811,0.07068444
obeidat_high_quality,10.700000000000001,0.4693889633928607,0.5306110366071393,0.03317849601960486,0.07068444
obeidat_high_quality,10.75,0.46773296664566466,0.5322670333543353,0.033061442816887485,0.07068444
obeidat_high_quality,10.8,0.46608281222847764,0.5339171877715223,0.032944802575995094,0.07068444
obeidat_high_quality,10.850000000000001,0.46443847952965295,0.535561520470347,0.03282857384000498,0.07068444
obeidat_high_quality,10.9,0.46279994801026136,0.5372000519897386,0.03271275515713444,0.07068444
obeidat_high_quality,10.950000000000001,0.4611671972038347,0.5388328027961653,0.03259734508072262,0.07068444
obeidat_high_quality,11.0,0.4595402067161103,0.5404597932838897,0.032482342169212496,0.07068444
obeidat_high_quality,11.05,0.45791895622477574,0.5420810437752243,0.03236774498613279,0.07068444
obeidat_high_quality,11.100000000000001,0.456303425479216,0.543696574520784,0.032253552100080116,0.07068444
obeidat_high_quality,11.15,0.45469359430025935,0.5453064056997406,0.032139762084701026,0.07068444
obeidat_high_quality,11.200000000000001,0.4530894425799261,0.5469105574200739,0.03202637351867423,0.07068444
obeidat_high_quality,11.25,0.4514909502811773,0.5485090497188227,0.031913384985692864,0.07068444
obeidat_high_quality,11.3,0.449898097437664,0.5501019025623359,0.03180079507444672,0.07068444
obeidat_high_quality,11.350000000000001,0.44831086415347854,0.5516891358465215,0.031688602378604706,0.07068444
obeidat_high_quality,11.4,0.4467292306029057,0.5532707693970943,0.031576805496797256,0.07068444
obeidat_high_quality,11.450000000000001,0.44515317703017476,0.5548468229698252,0.03146540303259877,0.07068444
obeidat_high_quality,11.5,0.44358268374921345,0.5564173162507866,0.031354393594510255,0.07068444
obeidat_high_quality,11.55,0.44201773114340115,0.5579822688565989,0.03124377579594187,0.07068444
obeidat_high_quality,11.600000000000001,0.44045829966532485,0.5595417003346752,0.031133548255195674,0.07068444
obeidat_high_quality,11.65,0.43890436983653436,0.5610956301634656,0.031023709595448323,0.07068444
obeidat_high_quality,11.700000000000001,0.43735592224729886,0.5626440777527011,0.03091425844473386,0.07068444
obeidat_high_quality,11.75,0.4358129375563652,0.5641870624436348,0.030805193435926644,0.07068444
obeidat_high_quality,11.8,0.43427539649071545,0.5657246035092846,0.030696513206724188,0.07068444
obeidat_high_quality,11.850000000000001,0.4327432798453269,0.5672567201546731,0.03058821639963022,0.07068444
obeidat_high_quality,11.9,0.4312165684829318,0.5687834315170682,0.030480301661937683,0.07068444
obeidat_high_quality,11.950000000000001,0.429695243333778,0.570304756666222,0.030372767645711833,0.07068444
obeidat_high_quality,12.0,0.42817928539539174,0.5718207146046083,0.030265613007773445,0.07068444
obeidat_high_quality,12.05,0.4266686757323392,0.5733313242676608,0.030158836409681984,0.07068444
obeidat_high_quality,12.100000000000001,0.42516339547599064,0.5748366045240094,0.030052436517718932,0.07068444
obeidat_high_quality,12.15,0.4236634258242847,0.5763365741757154,0.0299464120028711,0.07068444
obeidat_high_quality,12.200000000000001,0.42216874804149296,0.577831251958507,0.029840761540814026,0.07068444
obeidat_high_quality,12.25,0.42067934345798685,0.5793206565420131,0.029735483811895464,0.07068444
obeidat_high_quality,12.3,0.41919519347000367,0.5808048065299963,0.029630577501118867,0.07068444
obeidat_high_quality,12.350000000000001,0.4177162795394144,0.5822837204605855,0.029526041298126967,0.07068444
obeidat_high_quality,12.4,0.41624258319349267,0.5837574168065074,0.02942187389718544,0.07068444
obeidat_high_quality,12.450000000000001,0.4147740860246831,0.5852259139753169,0.02931807399716655,0.07068444
obeidat_high_quality,12.5,0.4133107696903721,0.5866892303096278,0.029214640301532927,0.07068444
obeidat_high_quality,12.55,0.41185261591265865,0.5881473840873414,0.029111571518321364,0.07068444
obeidat_high_quality,12.600000000000001,0.4103996064781255,0.5896003935218745,0.029008866360126676,0.07068444
obeidat_high_quality,12.65,0.40895172323761253,0.5910482767623875,0.02890652354408563,0.07068444
obeidat_high_quality,12.700000000000001,0.40750894810598925,0.5924910518940107,0.028804541791860913,0.07068444
obeidat_high_quality,12.75,0.40607126306192914,0.5939287369380708,0.028702919829625147,0.07068444
obeidat_high_quality,12.8,0.40463865014768496,0.595361349852315,0.02860165638804503,0.07068444
obeidat_high_quality,12.850000000000001,0.4032110914688638,0.5967889085311362,0.028500750202265415,0.07068444
obeidat_high_quality,12.9,0.4017885691942041,0.598211430805796,0.028400200011893566,0.07068444
obeidat_high_quality,12.950000000000001,0.40037106555535257,0.5996289344446475,0.028300004560983385,0.07068444
obeidat_high_quality,13.0,0.39895856284664244,0.6010414371533576,0.02820016259801973,0.07068444
obeidat_high_quality,13.05,0.3975510434248722,0.6024489565751279,0.028100672875902774,0.07068444
obeidat_high_quality,13.100000000000001,0.39614848970908545,0.6038515102909146,0.028001534151932468,0.07068444
obeidat_high_quality,13.15,0.39475088418035087,0.6052491158196491,0.02790274518779296,0.07068444
obeidat_high_quality,13.200000000000001,0.39335820938154387,0.6066417906184561,0.027804304749537174,0.07068444
obeidat_high_quality,13.25,0.3919704479171281,0.6080295520828719,0.027706211607571366,0.07068444
obeidat_high_quality,13.3,0.3905875824529385,0.6094124175470614,0.027608464536639784,0.07068444
obeidat_high_quality,13.350000000000001,0.3892095957159648,0.6107904042840352,0.02751106231580937,0.07068444
obeidat_high_quality,13.4,0.3878364704941354,0.6121635295058646,0.027414003728454484,0.07068444
obeidat_high_quality,13.450000000000001,0.3864681896361027,0.6135318103638974,0.02731728756224172,0.07068444
obeidat_high_quality,13.5,0.38510473605102885,0.6148952639489711,0.027220912609114786,0.07068444
obeidat_high_quality,13.55,0.38374609270837207,0.616253907291628,0.027124877665279365,0.07068444
obeidat_high_quality,13.600000000000001,0.3823922426376742,0.6176077573623258,0.027029181531188124,0.07068444
obeidat_high_quality,13.65,0.38104316892834844,0.6189568310716516,0.02693382301152571,0.07068444
obeidat_high_quality,13.700000000000001,0.3796988547294684,0.6203011452705316,0.026838800915193826,0.07068444
obeidat_high_quality,13.75,0.37835928324955753,0.6216407167504425,0.026744114055296354,0.07068444
obeidat_high_quality,13.8,0.377024437756379,0.622975562243621,0.026649761249124507,0.07068444
obeidat_high_quality,13.850000000000001,0.3756943015767275,0.6243056984232724,0.0265557413181421,0.07068444
obeidat_high_quality,13.9,0.3743688580962203,0.6256311419037797,0.026462053087970797,0.07068444
obeidat_high_quality,13.950000000000001,0.3730480907590898,0.6269519092409102,0.026368695388375437,0.07068444
obeidat_high_quality,14.0,0.3717319830679772,0.6282680169320227,0.026275667053249453,0.07068444
obeidat_high_quality,14.05,0.3704205185837259,0.6295794814162741,0.026182966920600258,0.07068444
obeidat_high_quality,14.100000000000001,0.3691136809251763,0.6308863190748237,0.026090593832534772,0.07068444
obeidat_high_quality,14.15,0.3678114537689617,0.6321885462310384,0.025998546635244948,0.07068444
obeidat_high_quality,14.200000000000001,0.3665138208493035,0.6334861791506965,0.025906824178993343,0.07068444
obeidat_high_quality,14.25,0.36522076595780867,0.6347792340421914,0.02581542531809877,0.07068444
obeidat_high_quality,14.3,0.3639322729432672,0.6360677270567328,0.02572434891092199,0.07068444
obeidat_high_quality,14.350000000000001,0.3626483257114503,0.6373516742885497,0.025633593819851464,0.07068444
obeidat_high_quality,14.4,0.36136890822490914,0.6386310917750908,0.025543158911289096,0.07068444
obeidat_high_quality,14.450000000000001,0.3600940045027751,0.6399059954972248,0.02545304305563614,0.07068444
obeidat_high_quality,14.5,0.35882359862055946,0.6411764013794405,0.025363245127279017,0.07068444
obeidat_high_quality,14.55,0.35755767470995514,0.6424423252900449,0.02527376400457534,0.07068444
obeidat_high_quality,14.600000000000001,0.356296216958638,0.643703783041362,0.02518459856983983,0.07068444
obeidat_high_quality,14.65,0.3550392096100696,0.6449607903899304,0.025095747709330388,0.07068444
obeidat_high_quality,14.700000000000001,0.35378663696330026,0.6462133630366997,0.02500721031323418,0.07068444
obeidat_high_quality,14.75,0.35253848337277305,0.647461516627227,0.024918985275653775,0.07068444
obeidat_high_quality,14.8,0.3512947332481283,0.6487052667518717,0.02483107149459333,0.07068444
obeidat_high_quality,14.850000000000001,0.350055371054009,0.6499446289459909,0.024743467871944837,0.07068444
obeidat_high_quality,14.9,0.34882038130986637,0.6511796186901336,0.02465617331347437,0.07068444
obeidat_high_quality,14.950000000000001,0.34758974858976693,0.652410251410233,0.024569186728808465,0.07068444
obeidat_high_quality,15.0,0.3463634575221997,0.6536365424778003,0.024482507031420474,0.07068444
obeidat_high_quality,15.05,0.34514149278988393,0.6548585072101161,0.024396133138616983,0.07068444
obeidat_high_quality,15.100000000000001,0.3439238391295783,0.6560761608704218,0.02431006397152433,0.07068444
obeidat_high_quality,15.15,0.3427104813318896,0.6572895186681105,0.02422429845507507,0.07068444
obeidat_high_quality,15.200000000000001,0.34150140424108333,0.6584985957589167,0.0241388355179946,0.07068444
obeidat_high_quality,15.25,0.3402965927548943,0.6597034072451057,0.024053674092787764,0.07068444
obeidat_high_quality,15.3,0.3390960318243376,0.6609039681756623,0.023968813115725483,0.07068444
obeidat_high_quality,15.350000000000001,0.337899706453521,0.662100293546479,0.023884251526831518,0.07068444
obeidat_high_quality,15.4,0.3367076016994577,0.6632923983005423,0.023799988269869215,0.07068444
obeidat_high_quality,15.450000000000001,0.33551970267187914,0.6644802973281209,0.02371602229232828,0.07068444
obeidat_high_quality,15.5,0.33433599453304985,0.6656640054669501,0.02363235254541169,0.07068444
obeidat_high_quality,15.55,0.33315646249758124,0.6668435375024188,0.023548977984022532,0.07068444
obeidat_high_quality,15.600000000000001,0.3319810918322476,0.6680189081677523,0.023465897566750996,0.07068444
obeidat_high_quality,15.65,0.33080986785580185,0.6691901321441982,0.023383110255861355,0.07068444
obeidat_high_quality,15.700000000000001,0.32964277593879177,0.6703572240612082,0.02330061501727897,0.07068444
obeidat_high_quality,15.75,0.32847980150337797,0.671520198496622,0.02321841082057743,0.07068444
obeidat_high_quality,15.8,0.3273209300231512,0.6726790699768488,0.02313649663896563,0.07068444
obeidat_high_quality,15.850000000000001,0.3261661470229513,0.6738338529770487,0.023054871449274983,0.07068444
obeidat_high_quality,15.9,0.3250154380786863,0.6749845619213137,0.02297353423194662,0.07068444
obeidat_high_quality,15.950000000000001,0.323868788817152,0.676131211182848,0.02289248397101865,0.07068444
obeidat_high_quality,16.0,0.32272618491585275,0.6772738150841473,0.0228117196541135,0.07068444
obeidat_high_quality,16.05,0.3215876121028224,0.6784123878971776,0.022731240272425225,0.07068444
obeidat_high_quality,16.1,0.320453056156446,0.679546943843554,0.02265104482070694,0.07068444
obeidat_high_quality,16.150000000000002,0.3193225029052824,0.6806774970947176,0.02257113229725826,0.07068444
obeidat_high_quality,16.2,0.31819593822788717,0.6818040617721128,0.022491501703912797,0.07068444
obeidat_high_quality,16.25,0.31707334805263554,0.6829266519473645,0.022412152046025632,0.07068444
obeidat_high_quality,16.3,0.3159547183575478,0.6840452816424523,0.022333082332460986,0.07068444
obeidat_high_quality,16.35,0.3148400351701133,0.6851599648298867,0.022254291575579763,0.07068444
obeidat_high_quality,16.400000000000002,0.3137292845671162,0.6862707154328838,0.02217577879122725,0.07068444
obeidat_high_quality,16.45,0.31262245267446176,0.6873775473255382,0.022097542998720833,0.07068444
obeidat_high_quality,16.5,0.31151952566700236,0.6884804743329976,0.022019583220837687,0.07068444
obeidat_high_quality,16.55,0.3104204897683657,0.6895795102316342,0.021941898483802662,0.07068444
obeidat_high_quality,16.6,0.30932533125078215,0.6906746687492178,0.021864487817276037,0.07068444
obeidat_high_quality,16.650000000000002,0.3082340364349134,0.6917659635650866,0.02178735025434145,0.07068444
obeidat_high_quality,16.7,0.3071465916896819,0.6928534083103182,0.02171048483149382,0.07068444
obeidat_high_quality,16.75,0.30606298343209964,0.6939370165679004,0.02163389058862724,0.07068444
obeidat_high_quality,16.8,0.3049831981270999,0.6950168018729002,0.021557566569023107,0.07068444
obeidat_high_quality,16.85,0.30390722228736716,0.6960927777126329,0.021481511819338068,0.07068444
obeidat_high_quality,16.900000000000002,0.30283504247316895,0.697164957526831,0.02140572538959216,0.07068444
obeidat_high_quality,16.95,0.30176664529218805,0.6982333547078119,0.02133020633315695,0.07068444
obeidat_high_quality,17.0,0.3007020173993548,0.6992979826006451,0.021254953706743653,0.07068444
obeidat_high_quality,17.05,0.29964114549668114,0.7003588545033188,0.02117996657039143,0.07068444
obeidat_high_quality,17.1,0.29858401633309384,0.7014159836669062,0.021105243987455592,0.07068444
obeidat_high_quality,17.150000000000002,0.2975306167042694,0.7024693832957306,0.02103078502459593,0.07068444
obeidat_high_quality,17.2,0.296480933452469,0.703519066547531,0.020956588751765037,0.07068444
obeidat_high_quality,17.25,0.2954349534663738,0.7045650465336262,0.02088265424219669,0.07068444
obeidat_high_quality,17.3,0.29439266368092165,0.7056073363190783,0.020808980572394286,0.07068444
obeidat_high_quality,17.35,0.29335405107714396,0.706645948922856,0.020735566822119317,0.07068444
obeidat_high_quality,17.400000000000002,0.29231910268200256,0.7076808973179974,0.02066241207437985,0.07068444
obeidat_high_quality,17.45,0.2912878055682282,0.7087121944317718,0.02058951541541909,0.07068444
obeidat_high_quality,17.5,0.2902601468541584,0.7097398531458416,0.02051687593470395,0.07068444
obeidat_high_quality,17.55,0.28923611370357744,0.7107638862964225,0.020444492724913697,0.07068444
obeidat_high_quality,17.6,0.28821569332555536,0.7117843066744447,0.020372364881928617,0.07068444
obeidat_high_quality,17.650000000000002,0.28719887297428837,0.7128011270257116,0.020300491504818708,0.07068444
obeidat_high_quality,17.7,0.2861856399489399,0.71381436005106,0.020228871695832446,0.07068444
obeidat_high_quality,17.75,0.2851759815934813,0.7148240184065187,0.020157504560385533,0.07068444
obeidat_high_quality,17.8,0.28416988529653453,0.7158301147034655,0.020086389207049776,0.07068444
obeidat_high_quality,17.85,0.2831673384912142,0.7168326615087858,0.020015524747541924,0.07068444
obeidat_high_quality,17.900000000000002,0.2821683286549707,0.7178316713450292,0.019944910296712557,0.07068444
obeidat_high_quality,17.95,0.2811728433094339,0.7188271566905662,0.01987454497253508,0.07068444
obeidat_high_quality,18.0,0.2801808700202567,0.7198191299797433,0.019804427896094635,0.07068444
obeidat_high_quality,18.05,0.27919239639696075,0.7208076036030393,0.019734558191577187,0.07068444
obeidat_high_quality,18.1,0.2782074100927807,0.7217925899072193,0.019664934986258552,0.07068444
obeidat_high_quality,18.150000000000002,0.27722589880451065,0.7227741011954893,0.019595557410493507,0.07068444
obeidat_high_quality,18.2,0.2762478502723501,0.7237521497276499,0.019526424597704914,0.07068444
obeidat_high_quality,18.25,0.27527325227975097,0.724726747720249,0.01945753568437292,0.07068444
obeidat_high_quality,18.3,0.27430209265326483,0.7256979073467351,0.019388889810024137,0.07068444
obeidat_high_quality,18.35,0.2733343592623911,0.7266656407376089,0.019320486117220925,0.07068444
obeidat_high_quality,18.400000000000002,0.27237004001942544,0.7276299599805746,0.019252323751550678,0.07068444
obeidat_high_quality,18.45,0.2714091228793088,0.7285908771206913,0.01918440186161513,0.07068444
obeidat_high_quality,18.5,0.2704515958394767,0.7295484041605234,0.01911671959901974,0.07068444
obeidat_high_quality,18.55,0.2694974469397095,0.7305025530602904,0.01904927611836308,0.07068444
obeidat_high_quality,18.6,0.2685466642619833,0.7314533357380166,0.018982070577226305,0.07068444
obeidat_high_quality,18.650000000000002,0.2675992359303206,0.7324007640696795,0.01891510213616259,0.07068444
obeidat_high_quality,18.7,0.2666551501106422,0.7333448498893578,0.018848369958686682,0.07068444
obeidat_high_quality,18.75,0.26571439501061933,0.7342856049893807,0.01878187321126442,0.07068444
obeidat_high_quality,18.8,0.26477695887952646,0.7352230411204735,0.018715611063302356,0.07068444
obeidat_high_quality,18.85,0.26384283000809416,0.7361571699919058,0.01864958268713733,0.07068444
obeidat_high_quality,18.900000000000002,0.2629119967283634,0.7370880032716366,0.0185837872580262,0.07068444
obeidat_high_quality,18.95,0.2619844474135395,0.7380155525864605,0.018518223954135486,0.07068444
obeidat_high_quality,19.0,0.2610601704778467,0.7389398295221533,0.018452891956531124,0.07068444
obeidat_high_quality,19.05,0.26013915437638396,0.739860845623616,0.01838779044916825,0.07068444
obeidat_high_quality,19.1,0.2592213876049802,0.7407786123950197,0.018322918618880968,0.07068444
obeidat_high_quality,19.150000000000002,0.2583068587000511,0.7416931412999489,0.01825827565537224,0.07068444
obeidat_high_quality,19.200000000000003,0.2573955562384555,0.7426044437615444,0.018193860751203734,0.07068444
obeidat_high_quality,19.25,0.2564874688373531,0.7435125311626469,0.018129673101785756,0.07068444
obeidat_high_quality,19.3,0.2555825851540619,0.7444174148459382,0.01806571190536718,0.07068444
obeidat_high_quality,19.35,0.2546808938859167,0.7453191061140834,0.018001976363025446,0.07068444
obeidat_high_quality,19.400000000000002,0.253782383770128,0.7462176162298719,0.017938465678656586,0.07068444
obeidat_high_quality,19.450000000000003,0.2528870435836413,0.7471129564163588,0.01787517905896528,0.07068444
obeidat_high_quality,19.5,0.2519948621429967,0.7480051378570033,0.017812115713454924,0.07068444
obeidat_high_quality,19.55,0.2511058283041895,0.7488941716958105,0.017749274854417782,0.07068444
obeidat_high_quality,19.6,0.2502199309625307,0.7497800690374693,0.017686655696925145,0.07068444
obeidat_high_quality,19.650000000000002,0.24933715905250872,0.7506628409474912,0.01762425745881751,0.07068444
obeidat_high_quality,19.700000000000003,0.2484575015476507,0.7515424984523493,0.017562079360694823,0.07068444
obeidat_high_quality,19.75,0.2475809474603852,0.7524190525396148,0.01750012062590675,0.07068444
obeidat_high_quality,19.8,0.2467074858419045,0.7532925141580955,0.01743838048054295,0.07068444
obeidat_high_quality,19.85,0.24583710578202836,0.7541628942179717,0.017376858153423436,0.07068444
obeidat_high_quality,19.900000000000002,0.24496979640906724,0.7550302035909328,0.01731555287608893,0.07068444
obeidat_high_quality,19.950000000000003,0.24410554688968697,0.755894453110313,0.017254463882791265,0.07068444
obeidat_high_quality,20.0,0.24324434642877313,0.7567556535712269,0.01719359041048383,0.07068444
obeidat_low_quality,0.0,1.0,0.0,0.44465759999999993,0.44465759999999993
obeidat_low_quality,0.05,0.9780124489897097,0.021987551010290214,0.4348806683378867,0.44465759999999993
obeidat_low_quality,0.1,0.9565083503788497,0.04349164962115031,0.42531870745941835,0.44465759999999993
obeidat_low_quality,0.15000000000000002,0.9354770742331262,0.06452292576687384,0.41596699068352366,0.44465759999999993
obeidat_low_quality,0.2,0.9149082243444683,0.08509177565553172,0.4068208952572728,0.44465759999999993
obeidat_low_quality,0.25,0.8947916330919602,0.10520836690803975,0.3978759000707515,0.44465759999999993
obeidat_low_quality,0.30000000000000004,0.8751173564157698,0.12488264358423017,0.38912758342218073,0.44465759999999993
obeidat_low_quality,0.35000000000000003,0.8558756689015878,0.1441243310984122,0.3805716208321746,0.44465759999999993
obeidat_low_quality,0.4,0.8370570589731479,0.1629429410268521,0.3722037829060583,0.44465759999999993
obeidat_low_quality,0.45,0.8186522241904522,0.18134777580954772,0.3640199332431884,0.44465759999999993
obeidat_low_quality,0.5,0.8006520666513772,0.19934793334862283,0.3560160263922414,0.44465759999999993
obeidat_low_quality,0.55,0.7830476884943858,0.21695231150561425,0.34818810585146115,0.44465759999999993
obeidat_low_quality,0.6000000000000001,0.7658303875001256,0.23416961249987447,0.3405323021128758,0.44465759999999993
obeidat_low_quality,0.65,0.7489916527897362,0.2510083472102637,0.33304483074951735,0.44465759999999993
obeidat_low_quality,0.7000000000000001,0.7325231606177404,0.26747683938225963,0.3257219905446989,0.44465759999999993
obeidat_low_quality,0.75,0.7164167702574388,0.2835832297425612,0.31856016166242407,0.44465759999999993
obeidat_low_quality,0.8,0.700664519976776,0.29933548002322397,0.3115558038580252,0.44465759999999993
obeidat_low_quality,0.8500000000000001,0.6852586231026861,0.3147413768973139,0.3047054547281449,0.44465759999999993
obeidat_low_quality,0.9,0.6701914641719745,0.3298085358280255,0.2980057279991961,0.44465759999999993
obeidat_low_quality,0.9500000000000001,0.6554555951668322,0.3445444048331679,0.29145331185345513,0.44465759999999993
obeidat_low_quality,1.0,0.6410437318331214,0.3589562681668787,0.2850449672919593,0.44465759999999993
obeidat_low_quality,1.05,0.6269487500796138,0.3730512499203862,0.2787775265334008,0.44465759999999993
obeidat_low_quality,1.1,0.6131636824564005,0.3868363175435995,0.2726478914482251,0.44465759999999993
obeidat_low_quality,1.1500000000000001,0.5996817147107331,0.40031828528926694,0.26665303202715923,0.44465759999999993
obeidat_low_quality,1.2000000000000002,0.5864961824185925,0.41350381758140753,0.2607899848834135,0.44465759999999993
obeidat_low_quality,1.25,0.5736005676903233,0.42639943230967675,0.25505585178781665,0.44465759999999993
obeidat_low_quality,1.3,0.5609884959487008,0.43901150405129924,0.24944779823615898,0.44465759999999993
obeidat_low_quality,1.35,0.5486537327778428,0.4513462672221572,0.24396305204803687,0.44465759999999993
obeidat_low_quality,1.4000000000000001,0.5365901808414039,0.46340981915859614,0.23859890199650458,0.44465759999999993
obeidat_low_quality,1.4500000000000002,0.5247918768685326,0.4752081231314673,0.23335269646785717,0.44465759999999993
obeidat_low_quality,1.5,0.5132529887060998,0.4867470112939002,0.2282218421508814,0.44465759999999993
obeidat_low_quality,1.55,0.5019678124357405,0.4980321875642594,0.2232038027549265,0.44465759999999993
obeidat_low_quality,1.6,0.49093076955428594,0.5090692304457141,0.21829609775616182,0.44465759999999993
obeidat_low_quality,1.6500000000000001,0.48013640421619,0.51986359578381,0.2134963011714009,0.44465759999999993
obeidat_low_quality,1.7000000000000002,0.4695793805365892,0.5304206194634108,0.20880204035888644,0.44465759999999993
obeidat_low_quality,1.75,0.4592544799536605,0.5407455200463396,0.20421099484544275,0.44465759999999993
obeidat_low_quality,1.8,0.44915659864897506,0.5508434013510249,0.19972089517941646,0.44465759999999993
obeidat_low_quality,1.85,0.43928074502457226,0.5607192549754277,0.19532952180883822,0.44465759999999993
obeidat_low_quality,1.9000000000000001,0.4296220372355062,0.5703779627644938,0.1910347039842508,0.44465759999999993
obeidat_low_quality,1.9500000000000002,0.4201757007766457,0.5798242992233543,0.18683431868566136,0.44465759999999993
obeidat_low_quality,2.0,0.4109370661225348,0.5890629338774652,0.1827262895730876,0.44465759999999993
obeidat_low_quality,2.0500000000000003,0.4019015664191465,0.5980984335808535,0.17870858596017825,0.44465759999999993
obeidat_low_quality,2.1,0.39306473522639,0.6069352647736099,0.174779221810402,0.44465759999999993
obeidat_low_quality,2.15,0.3844222043102536,0.6155777956897464,0.170936254755307,0.44465759999999993
obeidat_low_quality,2.2,0.3759697014834936,0.6240302985165064,0.16717778513436668,0.44465759999999993
obeidat_low_quality,2.25,0.36770304849380175,0.6322969515061982,0.16350195505593748,0.44465759999999993
obeidat_low_quality,2.3000000000000003,0.359618158958405,0.640381841041595,0.15990694747886283,0.44465759999999993
obeidat_low_quality,2.35,0.35171103634408046,0.6482889636559195,0.15639098531427156,0.44465759999999993
obeidat_low_quality,2.4000000000000004,0.3439777719915829,0.6560222280084171,0.15295233054712445,0.44465759999999993
obeidat_low_quality,2.45,0.33641454318351205,0.663585456816488,0.1495892833770768,0.44465759999999993
obeidat_low_quality,2.5,0.3290176112546611,0.6709823887453389,0.1463001813782306,0.44465759999999993
obeidat_low_quality,2.5500000000000003,0.3217833197439154,0.6782166802560846,0.143083398677362,0.44465759999999993
obeidat_low_quality,2.6,0.31470809258678556,0.6852919074132144,0.13993734515021783,0.44465759999999993
obeidat_low_quality,2.6500000000000004,0.30778843234768244,0.6922115676523175,0.13686046563548282,0.44465759999999993
obeidat_low_quality,2.7,0.3010209184910605,0.6989790815089395,0.13385123916603056,0.44465759999999993
obeidat_low_quality,2.75,0.2944022056905739,0.705597794309426,0.13090817821707693,0.44465759999999993
obeidat_low_quality,2.8000000000000003,0.28792902217541044,0.7120709778245895,0.12802982797086476,0.44465759999999993
obeidat_low_quality,2.85,0.28159816811298566,0.7184018318870143,0.1252147655975167,0.44465759999999993
obeidat_low_quality,2.9000000000000004,0.27540651402719707,0.7245934859728029,0.12246159955169976,0.44465759999999993
obeidat_low_quality,2.95,0.2693509992514579,0.7306490007485421,0.11976896888475504,0.44465759999999993
obeidat_low_quality,3.0,0.2634286304157439,0.7365713695842562,0.11713554257195166,0.44465759999999993
obeidat_low_quality,3.0500000000000003,0.25763647996690675,0.7423635200330932,0.11456001885453282,0.44465759999999993
obeidat_low_quality,3.1,0.2519716847215228,0.7480283152784772,0.11204112459622899,0.44465759999999993
obeidat_low_quality,3.1500000000000004,0.2464314444505595,0.7535685555494405,0.10957761465391909,0.44465759999999993
obeidat_low_quality,3.2,0.24101302049516338,0.7589869795048366,0.10716827126213015,0.44465759999999993
obeidat_low_quality,3.25,0.23571373441288185,0.7642862655871181,0.10481190343106944,0.44465759999999993
obeidat_low_quality,3.3000000000000003,0.2305309666536526,0.7694690333463474,0.10250734635789319,0.44465759999999993
obeidat_low_quality,3.35,0.2254621552649039,0.7745378447350961,0.10025346085091952,0.44465759999999993
obeidat_low_quality,3.4000000000000004,0.22050479462512687,0.7794952053748732,0.0980491327665018,0.44465759999999993
obeidat_low_quality,3.45,0.21565643420529332,0.7843435657947067,0.09589327245828362,0.44465759999999993
obeidat_low_quality,3.5,0.21091467735750713,0.7890853226424929,0.09378481423856344,0.44465759999999993
obeidat_low_quality,3.5500000000000003,0.20627718013029003,0.7937228198697099,0.09172271585150243,0.44465759999999993
obeidat_low_quality,3.6,0.20174165010991646,0.7982583498900835,0.08970595795791518,0.44465759999999993
obeidat_low_quality,3.6500000000000004,0.19730584528722456,0.8026941547127755,0.08773354363138856,0.44465759999999993
obeidat_low_quality,3.7,0.19296757294934327,0.8070324270506567,0.08580449786547989,0.44465759999999993
obeidat_low_quality,3.75,0.18872468859578773,0.8112753114042123,0.08391786709175032,0.44465759999999993
obeidat_low_quality,3.8000000000000003,0.18457509487838666,0.8154249051216134,0.08207271870839569,0.44465759999999993
obeidat_low_quality,3.85,0.18051674056451902,0.819483259435481,0.08026814061924166,0.44465759999999993
obeidat_low_quality,3.9000000000000004,0.1765476195231453,0.8234523804768548,0.07850324078287492,0.44465759999999993
obeidat_low_quality,3.95,0.17266576973313486,0.8273342302668651,0.07677714677168837,0.44465759999999993
obeidat_low_quality,4.0,0.16886927231339652,0.8311307276866035,0.07508900534062134,0.44465759999999993
obeidat_low_quality,4.05,0.16515625057433514,0.8348437494256649,0.07343798200538247,0.44465759999999993
obeidat_low_quality,4.1000000000000005,0.16152486909016361,0.8384751309098364,0.07182326062994633,0.44465759999999993
obeidat_low_quality,4.15,0.1579733327916132,0.8420266672083868,0.07024404302312003,0.44465759999999993
obeidat_low_quality,4.2,0.15449988607859208,0.8455001139214079,0.06869954854398015,0.44465759999999993
obeidat_low_quality,4.25,0.151102811952355,0.848897188047645,0.06718901371598548,0.44465759999999993
obeidat_low_quality,4.3,0.14778043116675435,0.8522195688332457,0.06571169184957418,0.44465759999999993
obeidat_low_quality,4.3500000000000005,0.1445311013981526,0.8554688986018474,0.06426685267305916,0.44465759999999993
obeidat_low_quality,4.4,0.1413532164335873,0.8586467835664127,0.06285378197163949,0.44465759999999993
obeidat_low_quality,4.45,0.13824520537678522,0.8617547946232148,0.061471781234348405,0.44465759999999993
obeidat_low_quality,4.5,0.13520553187163514,0.8647944681283648,0.06012016730876478,0.44465759999999993
obeidat_low_quality,4.55,0.13223269334273416,0.8677673066572659,0.05879827206331614,0.44465759999999993
obeidat_low_quality,4.6000000000000005,0.12932522025263266,0.8706747797473673,0.05750544205700702,0.44465759999999993
obeidat_low_quality,4.65,0.12648167537541088,0.8735183246245891,0.05624103821640929,0.44465759999999993
obeidat_low_quality,4.7,0.1237006530862271,0.8762993469137729,0.05500443551975433,0.44465759999999993
obeidat_low_quality,4.75,0.12098077866648745,0.8790192213335125,0.0537950226879715,0.44465759999999993
obeidat_low_quality,4.800000000000001,0.11832070762429339,0.8816792923757066,0.05261220188251999,0.44465759999999993
obeidat_low_quality,4.8500000000000005,0.11571912502983063,0.8842808749701694,0.05145538840986441,0.44465759999999993
obeidat_low_quality,4.9,0.1131747448653711,0.886825255134629,0.05032401043244823,0.44465759999999993
obeidat_low_quality,4.95,0.11068630938956715,0.8893136906104329,0.049217508686022385,0.44465759999999993
obeidat_low_quality,5.0,0.1082525885157233,0.8917474114842767,0.04813533620318908,0.44465759999999993
obeidat_low_quality,5.050000000000001,0.10587237920373785,0.8941276207962622,0.047076958043023975,0.44465759999999993
obeidat_low_quality,5.1000000000000005,0.1035445048654149,0.8964554951345851,0.0460418510266437,0.44465759999999993
obeidat_low_quality,5.15,0.10126781478285132,0.8987321852171487,0.04502950347858718,0.44465759999999993
obeidat_low_quality,5.2,0.09904118353961278,0.9009588164603872,0.044039414973883716,0.44465759999999993
obeidat_low_quality,5.25,0.09686351046441605,0.903136489535584,0.04307109609068212,0.44465759999999993
obeidat_low_quality,5.300000000000001,0.0947337190870439,0.9052662809129561,0.04212406816831912,0.44465759999999993
obeidat_low_quality,5.3500000000000005,0.09265075660622299,0.907349243393777,0.041197863070707254,0.44465759999999993
obeidat_low_quality,5.4,0.0906135933692017,0.9093864066307983,0.040292022954925136,0.44465759999999993
obeidat_low_quality,5.45,0.0886212223627707,0.9113787776372293,0.03940610004489594,0.44465759999999993
obeidat_low_quality,5.5,0.08667265871547498,0.913327341284525,0.038539656410042186,0.44465759999999993
obeidat_low_quality,5.550000000000001,0.08476693921077098,0.9152330607892291,0.03769226374880731,0.44465759999999993
obeidat_low_quality,5.6000000000000005,0.082903121810888,0.917096878189112,0.03686350317693711,0.44465759999999993
obeidat_low_quality,5.65,0.08108028519115883,0.9189197148088412,0.03605296502041622,0.44465759999999993
obeidat_low_quality,5.7,0.07929752828458932,0.9207024717154106,0.035260248612957595,0.44465759999999993
obeidat_low_quality,5.75,0.077553969836442,0.922446030163558,0.03448496209794469,0.44465759999999993
obeidat_low_quality,5.800000000000001,0.0758487479686127,0.9241512520313873,0.033726722234728196,0.44465759999999993
obeidat_low_quality,5.8500000000000005,0.0741810197535862,0.9258189802464138,0.03298515420918222,0.44465759999999993
obeidat_low_quality,5.9,0.07254996079775886,0.9274500392022411,0.03225989144842553,0.44465759999999993
obeidat_low_quality,5.95,0.0709547648339236,0.9290452351660764,0.03155057543961686,0.44465759999999993
obeidat_low_quality,6.0,0.06939464332271457,0.9306053566772854,0.03085685555273428,0.44465759999999993
obeidat_low_quality,6.050000000000001,0.06786882506281547,0.9321311749371846,0.030178388867251372,0.44465759999999993
obeidat_low_quality,6.1000000000000005,0.06637655580973834,0.9336234441902617,0.0295148400026243,0.44465759999999993
obeidat_low_quality,6.15,0.06491709790298436,0.9350829020970156,0.028865880952506053,0.44465759999999993
obeidat_low_quality,6.2,0.06348972990140249,0.9365102700985976,0.028231190922605863,0.44465759999999993
obeidat_low_quality,6.25,0.06209374622656585,0.9379062537734342,0.02761045617211382,0.44465759999999993
obeidat_low_quality,6.300000000000001,0.0607284568139892,0.9392715431860108,0.02700336985861208,0.44465759999999993
obeidat_low_quality,6.3500000000000005,0.05939318677201542,0.9406068132279846,0.02640963188639612,0.44465759999999993
obeidat_low_quality,6.4,0.05808727604820205,0.9419127239517979,0.025828948758131003,0.44465759999999993
obeidat_low_quality,6.45,0.05681007910304338,0.9431899208969566,0.025261033429769417,0.44465759999999993
obeidat_low_quality,6.5,0.0555609645908666,0.9444390354091334,0.02470560516865972,0.44465759999999993
obeidat_low_quality,6.550000000000001,0.05433931504774398,0.945660684952256,0.02416238941477372,0.44465759999999993
obeidat_low_quality,6.6000000000000005,0.0531445265862675,0.9468554734137326,0.023631117644985895,0.44465759999999993
obeidat_low_quality,6.65,0.051976008597034204,0.9480239914029658,0.023111527240336594,0.44465759999999993
obeidat_low_quality,6.7,0.05083318345669564,0.9491668165433044,0.02260336135621398,0.44465759999999993
obeidat_low_quality,6.75,0.04971548624242611,0.950284513757574,0.02210636879539021,0.44465759999999993
obeidat_low_quality,6.800000000000001,0.048622364452669375,0.9513776355473307,0.021620303883849275,0.44465759999999993
obeidat_low_quality,6.8500000000000005,0.04755327773402537,0.9524467222659746,0.02114492634934516,0.44465759999999993
obeidat_low_quality,6.9,0.046507697614142,0.953492302385858,0.020680001202630104,0.44465759999999993
obeidat_low_quality,6.95,0.04548510724047992,0.9545148927595201,0.02022529862129442,0.44465759999999993
obeidat_low_quality,7.0,0.04448500112482133,0.9555149988751787,0.01978059383616035,0.44465759999999993
obeidat_low_quality,7.050000000000001,0.04350688489339649,0.9564931151066035,0.019345667020173936,0.44465759999999993
obeidat_low_quality,7.1000000000000005,0.042550275042504124,0.9574497249574959,0.018920303179739778,0.44465759999999993
obeidat_low_quality,7.15,0.041614698699505195,0.9583853013004948,0.018504292048445097,0.44465759999999993
obeidat_low_quality,7.2,0.04069969338907196,0.959300306610928,0.0180974279831206,0.44465759999999993
obeidat_low_quality,7.25,0.03980480680457657,0.9601951931954235,0.017699509862186685,0.44465759999999993
obeidat_low_quality,7.300000000000001,0.03892959658450619,0.9610704034154938,0.017310340986234716,0.44465759999999993
obeidat_low_quality,7.3500000000000005,0.038073630093794344,0.9619263699062056,0.016929728980794364,0.44465759999999993
obeidat_low_quality,7.4,0.03723648420996011,0.9627635157900399,0.01655748570123876,0.44465759999999993
obeidat_low_quality,7.45,0.03641774511394976,0.9635822548860502,0.016193427139780624,0.44465759999999993
obeidat_low_quality,7.5,0.03561700808557705,0.9643829919144229,0.015837373334513283,0.44465759999999993
obeidat_low_quality,7.550000000000001,0.0348338773034615,0.9651661226965385,0.01548914828045166,0.44465759999999993
obeidat_low_quality,7.6000000000000005,0.034067965649365435,0.9659320343506346,0.015148579842529274,0.44465759999999993
obeidat_low_quality,7.65,0.03331889451683321,0.9666811054831668,0.014815499670508213,0.44465759999999993
obeidat_low_quality,7.7,0.032586293624037865,0.9674137063759621,0.014489743115759977,0.44465759999999993
obeidat_low_quality,7.75,0.03186980083074303,0.968130199169257,0.014171149149876197,0.44465759999999993
obeidat_low_quality,7.800000000000001,0.03116906195928927,0.9688309380407107,0.013859560285068863,0.44465759999999993
obeidat_low_quality,7.8500000000000005,0.030483730619516508,0.9695162693804835,0.013554822496320722,0.44465759999999993
obeidat_low_quality,7.9,0.02981346803753595,0.9701865319624641,0.013256785145247443,0.44465759999999993
obeidat_low_quality,7.95,0.029157942888266963,0.970842057111733,0.012965300905633853,0.44465759999999993
obeidat_low_quality,8.0,0.02851683113165607,0.971483168868344,0.01268022569060747,0.44465759999999993
obeidat_low_quality,8.05,0.027889815852496946,0.972110184147503,0.012401418581413245,0.44465759999999993
obeidat_low_quality,8.1,0.027276587103772572,0.9727234128962274,0.01212874175775446,0.44465759999999993
obeidat_low_quality,8.15,0.026676841753441743,0.9733231582465582,0.011862060429665195,0.44465759999999993
obeidat_low_quality,8.200000000000001,0.026090283334594497,0.9739097166654055,0.011601242770880784,0.44465759999999993
obeidat_low_quality,8.25,0.025516621898902192,0.9744833781010978,0.01134615985367329,0.44465759999999993
obeidat_low_quality,8.3,0.024955573873289776,0.9750444261267103,0.011096685585119734,0.44465759999999993
obeidat_low_quality,8.35,0.024406861919759767,0.9755931380802403,0.01085269664477177,0.44465759999999993
obeidat_low_quality,8.4,0.023870214798297932,0.976129785201702,0.010614072423695642,0.44465759999999993
obeidat_low_quality,8.450000000000001,0.02334536723279377,0.9766546327672062,0.010380694964852718,0.44465759999999993
obeidat_low_quality,8.5,0.02283205977990876,0.9771679402200912,0.010152448904790756,0.44465759999999993
obeidat_low_quality,8.55,0.022330038700828017,0.9776699612991719,0.009929221416617303,0.44465759999999993
obeidat_low_quality,8.6,0.02183905583583182,0.9781609441641682,0.00971090215422697,0.44465759999999993
obeidat_low_quality,8.65,0.021358868481624885,0.9786411315183751,0.009497383197754963,0.44465759999999993
obeidat_low_quality,8.700000000000001,0.020889239271363064,0.9791107607286369,0.009288559000230047,0.44465759999999993
obeidat_low_quality,8.75,0.020429936057317827,0.9795700639426822,0.009084326335400406,0.44465759999999993
obeidat_low_quality,8.8,0.019980731796120577,0.9800192682038794,0.008884584246706663,0.44465759999999993
obeidat_low_quality,8.85,0.019541404436530452,0.9804585955634696,0.008689233997376982,0.44465759999999993
obeidat_low_quality,8.9,0.019111736809669523,0.9808882631903305,0.008498179021619305,0.44465759999999993
obeidat_low_quality,8.950000000000001,0.01869151652167167,0.9813084834783283,0.00831132487688687,0.44465759999999993
obeidat_low_quality,9.0,0.018280535848691742,0.9817194641513083,0.008128579197193233,0.44465759999999993
obeidat_low_quality,9.05,0.017878591634223184,0.9821214083657768,0.007949851647453758,0.44465759999999993
obeidat_low_quality,9.1,0.017485485188673572,0.9825145148113265,0.007775053878831136,0.44465759999999993
obeidat_low_quality,9.15,0.017101022191147928,0.982898977808852,0.007604099485062577,0.44465759999999993
obeidat_low_quality,9.200000000000001,0.016725012593391944,0.983274987406608,0.007436903959747437,0.44465759999999993
obeidat_low_quality,9.25,0.016357270525847012,0.983642729474153,0.007273384654573869,0.44465759999999993
obeidat_low_quality,9.3,0.015997614205770824,0.9840023857942292,0.0071134607384639595,0.44465759999999993
obeidat_low_quality,9.35,0.015645865847378496,0.9843541341526215,0.006957053157617287,0.44465759999999993
obeidat_low_quality,9.4,0.015301851573959108,0.9846981484260409,0.006804084596432878,0.44465759999999993
obeidat_low_quality,9.450000000000001,0.014965401331924783,0.9850345986680752,0.006654479439290476,0.44465759999999993
obeidat_low_quality,9.5,0.014636348806749624,0.9853636511932504,0.0065081637331721506,0.44465759999999993
obeidat_low_quality,9.55,0.014314531340756819,0.9856854686592432,0.006365065151105708,0.44465759999999993
obeidat_low_quality,9.600000000000001,0.013999789852713522,0.9860002101472864,0.006225112956411947,0.44465759999999993
obeidat_low_quality,9.65,0.013691968759193655,0.9863080312408063,0.0060882379677380275,0.44465759999999993
obeidat_low_quality,9.700000000000001,0.013390915897669574,0.9866090841023304,0.005954372524859597,0.44465759999999993
obeidat_low_quality,9.75,0.013096482451295062,0.986903517548705,0.005823450455234978,0.44465759999999993
obeidat_low_quality,9.8,0.012808522875341843,0.9871914771246582,0.005695407041294603,0.44465759999999993
obeidat_low_quality,9.850000000000001,0.012526894825253787,0.9874731051747462,0.005570178988449768,0.44465759999999993
obeidat_low_quality,9.9,0.012251459086282982,0.987748540913717,0.0054477043938047824,0.44465759999999993
obeidat_low_quality,9.950000000000001,0.011982079504672854,0.9880179204953271,0.005327922715557019,0.44465759999999993
obeidat_low_quality,10.0,0.011718622920354508,0.9882813770796455,0.005210774743069826,0.44465759999999993
obeidat_low_quality,10.05,0.01146095910112286,0.9885390408988771,0.005096202567603447,0.44465759999999993
obeidat_low_quality,10.100000000000001,0.011208960678260063,0.98879103932174,0.004984149553689491,0.44465759999999993
obeidat_low_quality,10.15,0.010962503083574486,0.9890374969164255,0.00487456031113483,0.44465759999999993
obeidat_low_quality,10.200000000000001,0.01072146448782393,0.989278535512176,0.004767380667641017,0.44465759999999993
obeidat_low_quality,10.25,0.010485725740492889,0.9895142742595071,0.00466255764202579,0.44465759999999993
obeidat_low_quality,10.3,0.010255170310893881,0.9897448296891062,0.004560039418033326,0.44465759999999993
obeidat_low_quality,10.350000000000001,0.01002968423056389,0.9899703157694361,0.004459775318720385,0.44465759999999993
obeidat_low_quality,10.4,0.009809156036927264,0.9901908439630728,0.004361715781405588,0.44465759999999993
obeidat_low_quality,10.450000000000001,0.009593476718197423,0.9904065232818026,0.004265812333169542,0.44465759999999993
obeidat_low_quality,10.5,0.009382539659490038,0.99061746034051,0.004172017566893657,0.44465759999999993
obeidat_low_quality,10.55,0.009176240590120923,0.9908237594098791,0.004080285117825753,0.44465759999999993
obeidat_low_quality,10.600000000000001,0.008974477532062946,0.9910255224679371,0.003990569640661031,0.44465759999999993
obeidat_low_quality,10.65,0.008777150749536009,0.991222849250464,0.003902826787126882,0.44465759999999993
obeidat_low_quality,10.700000000000001,0.008584162699705574,0.9914158373002945,0.0038170131840606007,0.44465759999999993
obeidat_low_quality,10.75,0.008395417984465177,0.9916045820155348,0.003733086411969122,0.44465759999999993
obeidat_low_quality,10.8,0.008210823303279035,0.991789176696721,0.003651004984060127,0.44465759999999993
obeidat_low_quality,10.850000000000001,0.0080302874070617,0.9919697125929383,0.0035707283257342785,0.44465759999999993
obeidat_low_quality,10.9,0.00785372105307165,0.9921462789469283,0.003492216754528312,0.44465759999999993
obeidat_low_quality,10.950000000000001,0.0076810369607966415,0.9923189630392033,0.003415431460499128,0.44465759999999993
obeidat_low_quality,11.0,0.007512149768809202,0.9924878502311908,0.0033403344870392543,0.44465759999999993
obeidat_low_quality,11.05,0.007346975992570572,0.9926530240074294,0.0032668887121140478,0.44465759999999993
obeidat_low_quality,11.100000000000001,0.007185433983162544,0.9928145660168375,0.003195057829911497,0.44465759999999993
obeidat_low_quality,11.15,0.007027443886926692,0.9929725561130733,0.0031248063328954937,0.44465759999999993
obeidat_low_quality,11.200000000000001,0.006872927605990935,0.9931270723940091,0.0030560994942536745,0.44465759999999993
obeidat_low_quality,11.25,0.006721808759664179,0.9932781912403358,0.0029889033507312503,0.44465759999999993
obeidat_low_quality,11.3,0.006574012646679649,0.9934259873533203,0.00292318468584222,0.44465759999999993
obeidat_low_quality,11.350000000000001,0.006429466208268482,0.9935705337917315,0.002858911013449763,0.44465759999999993
obeidat_low_quality,11.4,0.006288097992045243,0.9937119020079548,0.0027960505617076565,0.44465759999999993
obeidat_low_quality,11.450000000000001,0.0061498381166874465,0.9938501618833125,0.0027345722573547597,0.44465759999999993
obeidat_low_quality,11.5,0.006014618237391755,0.9939853817626082,0.0026744457103548475,0.44465759999999993
obeidat_low_quality,11.55,0.005882371512089683,0.9941176284879103,0.002615641198874169,0.44465759999999993
obeidat_low_quality,11.600000000000001,0.005753032568406129,0.9942469674315939,0.0025581296545893048,0.44465759999999993
obeidat_low_quality,11.65,0.00562653747134444,0.9943734625286555,0.002501882648318087,0.44465759999999993
obeidat_low_quality,11.700000000000001,0.005502823691681946,0.994497176308318,0.0024468723759664334,0.44465759999999993
obeidat_low_quality,11.75,0.005381830075060457,0.9946181699249396,0.0023930716447842022,0.44465759999999993
obeidat_low_quality,11.8,0.005263496811756347,0.9947365031882437,0.0023404538599232287,0.44465759999999993
obeidat_low_quality,11.850000000000001,0.005147765407115356,0.9948522345928846,0.0022889930112909365,0.44465759999999993
obeidat_low_quality,11.9,0.0050345786526374,0.9949654213473627,0.0022386636606929796,0.44465759999999993
obeidat_low_quality,11.950000000000001,0.004923880597697214,0.9950761194023028,0.0021894409292586084,0.44465759999999993
obeidat_low_quality,12.0,0.004815616521886774,0.9951843834781132,0.00214130048514252,0.44465759999999993
obeidat_low_quality,12.05,0.004709732907965789,0.9952902670920342,0.002094218531497088,0.44465759999999993
obeidat_low_quality,12.100000000000001,0.004606177415407049,0.995393822584593,0.002048171794709101,0.44465759999999993
obeidat_low_quality,12.15,0.004504898854523341,0.9954951011454767,0.002003137512895098,0.44465759999999993
obeidat_low_quality,12.200000000000001,0.0044058471611633085,0.9955941528388367,0.00195909342464969,0.44465759999999993
obeidat_low_quality,12.25,0.004308973371963692,0.9956910266280363,0.0019160177580412824,0.44465759999999993
obeidat_low_quality,12.3,0.004214229600145656,0.9957857703998544,0.0018738892198497269,0.44465759999999993
obeidat_low_quality,12.350000000000001,0.0041215690118433755,0.9958784309881566,0.0018326869850406467,0.44465759999999993
obeidat_low_quality,12.4,0.004030945802953042,0.995969054197047,0.0017923906864711723,0.44465759999999993
obeidat_low_quality,12.450000000000001,0.003942315176490894,0.9960576848235091,0.0017529804048220172,0.44465759999999993
obeidat_low_quality,12.5,0.00385563332044916,0.9961443666795509,0.0017144366587509541,0.44465759999999993
obeidat_low_quality,12.55,0.0037708573861388105,0.9962291426138612,0.0016767403952627565,0.44465759999999993
obeidat_low_quality,12.600000000000001,0.0036879454670085514,0.9963120545329914,0.0016398729802909013,0.44465759999999993
obeidat_low_quality,12.65,0.003606856577929536,0.9963931434220704,0.0016038161894863603,0.44465759999999993
obeidat_low_quality,12.700000000000001,0.0035275506349355073,0.9964724493650645,0.0015685521992088987,0.44465759999999993
obeidat_low_quality,12.75,0.003449988435408482,0.9965500115645916,0.0015340635777164903,0.44465759999999993
obeidat_low_quality,12.8,0.003374131638700027,0.9966258683613,0.001500333276548421,0.44465759999999993
obeidat_low_quality,12.850000000000001,0.003299942747178674,0.9967000572528213,0.0014673446220978758,0.44465759999999993
obeidat_low_quality,12.9,0.003227385087694046,0.996772614912306,0.001435081307369824,0.44465759999999993
obeidat_low_quality,12.950000000000001,0.003156422793448524,0.9968435772065515,0.0014035273839201163,0.44465759999999993
obeidat_low_quality,13.0,0.0030870207862675326,0.9969129792137325,0.0013726672539718337,0.44465759999999993
obeidat_low_quality,13.05,0.003019144759259647,0.9969808552407403,0.001342485662704972,0.44465759999999993
obeidat_low_quality,13.100000000000001,0.0029527611598579757,0.997047238840142,0.0013129676907156637,0.44465759999999993
obeidat_low_quality,13.15,0.0028878371732343954,0.9971121628267656,0.0012840987466411903,0.44465759999999993
obeidat_low_quality,13.200000000000001,0.0028243407060784924,0.9971756592939215,0.0012558645599471676,0.44465759999999993
obeidat_low_quality,13.25,0.002762240370733153,0.9972377596292669,0.0012282511738733138,0.44465759999999993
obeidat_low_quality,13.3,0.002701505469678973,0.997298494530321,0.0012012449385343247,0.44465759999999993
obeidat_low_quality,13.350000000000001,0.0026421059803598294,0.9973578940196401,0.0011748325041724488,0.44465759999999993
obeidat_low_quality,13.4,0.002584012540342075,0.9974159874596579,0.0011490008145584102,0.44465759999999993
obeidat_low_quality,13.450000000000001,0.0025271964328000725,0.9974728035671999,0.0011237371005374413,0.44465759999999993
obeidat_low_quality,13.5,0.0024716295723208603,0.9975283704276792,0.00109902887371722,0.44465759999999993
obeidat_low_quality,13.55,0.002417284491020912,0.997582715508979,0.00107486392029458,0.44465759999999993
obeidat_low_quality,13.600000000000001,0.002364134324968207,0.9976358656750318,0.0010512302950179827,0.44465759999999993
obeidat_low_quality,13.65,0.0023121528009027907,0.9976878471990972,0.0010281163152827126,0.44465759999999993
obeidat_low_quality,13.700000000000001,0.0022613142232493534,0.9977386857767506,0.0010055105553559214,0.44465759999999993
obeidat_low_quality,13.75,0.002211593461415366,0.9977884065385846,0.000983401840728649,0.44465759999999993
obeidat_low_quality,13.8,0.00216296593736847,0.9978370340626316,0.000961779242592014,0.44465759999999993
obeidat_low_quality,13.850000000000001,0.002115407613487059,0.997884592386513,0.0009406320724348831,0.44465759999999993
obeidat_low_quality,13.9,0.0020688949806779585,0.997931105019322,0.0009199498767603072,0.44465759999999993
obeidat_low_quality,13.950000000000001,0.0020234050467553668,0.9979765949532446,0.000899722431918129,0.44465759999999993
obeidat_low_quality,14.0,0.001978915325075355,0.9980210846749247,0.0008799397390512271,0.44465759999999993
obeidat_low_quality,14.05,0.0019354038234202162,0.9980645961765798,0.000860592019152857,0.44465759999999993
obeidat_low_quality,14.100000000000001,0.001892849033127252,0.9981071509668727,0.0008416697082326843,0.44465759999999993
obeidat_low_quality,14.15,0.0018512299184565886,0.9981487700815435,0.0008231634525891023,0.44465759999999993
obeidat_low_quality,14.200000000000001,0.0018105259061927492,0.9981894740938072,0.0008050641041854929,0.44465759999999993
obeidat_low_quality,14.25,0.0017707168754748845,0.9982292831245251,0.0007873627161281609,0.44465759999999993
obeidat_low_quality,14.3,0.0017317831478505991,0.9982682168521494,0.0007700505382436924,0.44465759999999993
obeidat_low_quality,14.350000000000001,0.0016937054775484721,0.9983062945224516,0.0007531190127535573,0.44465759999999993
obeidat_low_quality,14.4,0.0016564650419644675,0.9983435349580355,0.0007365597700438193,0.44465759999999993
obeidat_low_quality,14.450000000000001,0.0016200434323575116,0.9983799565676424,0.0007203646245278533,0.44465759999999993
obeidat_low_quality,14.5,0.0015844226447496654,0.9984155773552503,0.0007045255706000387,0.44465759999999993
obeidat_low_quality,14.55,0.001549585071026372,0.9984504149289736,0.0006890347786784161,0.44465759999999993
obeidat_low_quality,14.600000000000001,0.001515513490232396,0.9984844865097676,0.0006738845913343605,0.44465759999999993
obeidat_low_quality,14.65,0.0014821910600591286,0.9985178089399409,0.0006590675195073479,0.44465759999999993
obeidat_low_quality,14.700000000000001,0.0014496013085190827,0.9985503986914809,0.0006445762388029547,0.44465759999999993
obeidat_low_quality,14.75,0.001417728125803436,0.9985822718741966,0.0006304035858722539,0.44465759999999993
obeidat_low_quality,14.8,0.001386555756318609,0.9986134442436814,0.0006165425548708174,0.44465759999999993
obeidat_low_quality,14.850000000000001,0.0013560687908979424,0.9986439312091021,0.0006029862939955808,0.44465759999999993
obeidat_low_quality,14.9,0.0013262521591846114,0.9986737478408154,0.0005897281020978472,0.44465759999999993
obeidat_low_quality,14.950000000000001,0.0012970911221820314,0.998702908877818,0.0005767614253707687,0.44465759999999993
obeidat_low_quality,15.0,0.0012685712649680608,0.998731428735032,0.0005640798541096619,0.44465759999999993
obeidat_low_quality,15.05,0.0012406784895693864,0.9987593215104306,0.0005516771195435483,0.44465759999999993
obeidat_low_quality,15.100000000000001,0.00121339900799261,0.9987866009920074,0.0005395470907363747,0.44465759999999993
obeidat_low_quality,15.15,0.001186719335408537,0.9988132806645915,0.000527683771556355,0.44465759999999993
obeidat_low_quality,15.200000000000001,0.0011606262834863434,0.9988393737165137,0.000516081297711957,0.44465759999999993
obeidat_low_quality,15.25,0.0011351069538743052,0.9988648930461257,0.0005047339338530592,0.44465759999999993
obeidat_low_quality,15.3,0.001110148731823858,0.9988898512681761,0.0004936360707358402,0.44465759999999993
obeidat_low_quality,15.350000000000001,0.0010857392799538711,0.9989142607200461,0.0004827822224500164,0.44465759999999993
obeidat_low_quality,15.4,0.001061866532152011,0.998938133467848,0.0004721670237070359,0.44465759999999993
obeidat_low_quality,15.450000000000001,0.0010385186876101977,0.9989614813123898,0.0004617852271879002,0.44465759999999993
obeidat_low_quality,15.5,0.001015684204991229,0.9989843157950088,0.00045163170094930785,0.44465759999999993
obeidat_low_quality,15.55,0.0009933517967236386,0.9990066482032763,0.00044170142588682095,0.44465759999999993
obeidat_low_quality,15.600000000000001,0.0009715104234220136,0.999028489576578,0.0004319894932538163,0.44465759999999993
obeidat_low_quality,15.65,0.0009501492884299936,0.99904985071157,0.00042249110223498864,0.44465759999999993
obeidat_low_quality,15.700000000000001,0.0009292578324832483,0.9990707421675168,0.0004132015575732032,0.44465759999999993
obeidat_low_quality,15.75,0.0009088257284898114,0.9990911742715102,0.0004041162672485311,0.44465759999999993
obeidat_low_quality,15.8,0.0008888428764251777,0.9991111571235748,0.000395230740208316,0.44465759999999993
obeidat_low_quality,15.850000000000001,0.0008692993983396454,0.9991307006016603,0.0003865405841471506,0.44465759999999993
obeidat_low_quality,15.9,0.0008501856334754381,0.9991498143665246,0.00037804150333566787,0.44465759999999993
obeidat_low_quality,15.950000000000001,0.0008314921334911811,0.9991685078665088,0.0003697292964970681,0.44465759999999993
obeidat_low_quality,16.0,0.0008132096577913889,0.9991867903422086,0.00036159985473034026,0.44465759999999993
obeidat_low_quality,16.05,0.0007953291689586395,0.9992046708310414,0.0003536491594791431,0.44465759999999993
obeidat_low_quality,16.1,0.0007778418282861899,0.9992221581717138,0.0003458732805453493,0.44465759999999993
obeidat_low_quality,16.150000000000002,0.0007607389914088094,0.9992392610085912,0.00033826837414626174,0.44465759999999993
obeidat_low_quality,16.2,0.0007440122040296923,0.9992559877959704,0.00033083068101455324,0.44465759999999993
obeidat_low_quality,16.25,0.000727653197741311,0.9992723468022587,0.00032355652453997674,0.44465759999999993
obeidat_low_quality,16.3,0.0007116538859381728,0.9992883461140618,0.0003164423089519416,0.44465759999999993
obeidat_low_quality,16.35,0.0006960063598194361,0.9993039936401805,0.0003094845175420468,0.44465759999999993
obeidat_low_quality,16.400000000000002,0.0006807028844794193,0.9993192971155206,0.0003026797109256958,0.44465759999999993
obeidat_low_quality,16.45,0.0006657358950840772,0.9993342641049159,0.0002960245253419375,0.44465759999999993
obeidat_low_quality,16.5,0.0006510979931315349,0.9993489020068684,0.00028951567099068474,0.44465759999999993
obeidat_low_quality,16.55,0.0006367819427948573,0.9993632180572052,0.0002831499304064985,0.44465759999999993
obeidat_low_quality,16.6,0.0006227806673452232,0.9993772193326548,0.00027692415686812527,0.44465759999999993
obeidat_low_quality,16.650000000000002,0.0006090872456537477,0.9993909127543462,0.0002708352728430058,0.44465759999999993
obeidat_low_quality,16.7,0.0005956949087702194,0.9994043050912298,0.00026488026846598463,0.44465759999999993
obeidat_low_quality,16.75,0.0005825970365770637,0.999417402963423,0.0002590562000514693,0.44465759999999993
obeidat_low_quality,16.8,0.0005697871545168816,0.9994302128454832,0.00025336018863830566,0.44465759999999993
obeidat_low_quality,16.85,0.0005572589303919332,0.9994427410696081,0.00024778941856664407,0.44465759999999993
obeidat_low_quality,16.900000000000002,0.0005450061712340009,0.999454993828766,0.00024234113608609986,0.44465759999999993
obeidat_low_quality,16.95,0.0005330228202430709,0.999466977179757,0.0002370126479945153,0.44465759999999993
obeidat_low_quality,17.0,0.0005213029537933274,0.9994786970462066,0.00023180132030665182,0.44465759999999993
obeidat_low_quality,17.05,0.0005098407785049817,0.999490159221495,0.00022670457695215672,0.44465759999999993
obeidat_low_quality,17.1,0.000498630628380477,0.9995013693716195,0.00022171989850215475,0.44465759999999993
obeidat_low_quality,17.150000000000002,0.0004876669620036683,0.9995123330379964,0.0002168448209238423,0.44465759999999993
obeidat_low_quality,17.2,0.0004769443598005799,0.9995230556401994,0.0002120769343624623,0.44465759999999993
obeidat_low_quality,17.25,0.00046645752136039413,0.9995335424786396,0.00020741388195006155,0.44465759999999993
obeidat_low_quality,17.3,0.000456201262815349,0.9995437987371847,0.0002028533586404423,0.44465759999999993
obeidat_low_quality,17.35,0.0004461705142782374,0.9995538294857218,0.00019839311006972674,0.44465759999999993
obeidat_low_quality,17.400000000000002,0.00043636031733625694,0.9995636396826637,0.00019403093144197838,0.44465759999999993
obeidat_low_quality,17.45,0.00042676582259996044,0.9995732341774001,0.00018976466643932414,0.44465759999999993
obeidat_low_quality,17.5,0.00041738228730609503,0.9995826177126939,0.00018559220615603866,0.44465759999999993
obeidat_low_quality,17.55,0.0004082050729731604,0.9995917949270269,0.00018151148805607033,0.44465759999999993
obeidat_low_quality,17.6,0.00039922964310850386,0.9996007703568915,0.00017752049495348385,0.44465759999999993
obeidat_low_quality,17.650000000000002,0.0003904515609658354,0.9996095484390342,0.00017361725401532203,0.44465759999999993
obeidat_low_quality,17.7,0.00038186648735205207,0.9996181335126479,0.0001697998357863938,0.44465759999999993
obeidat_low_quality,17.75,0.0003734701784822786,0.9996265298215177,0.00016606635323550162,0.44465759999999993
obeidat_low_quality,17.8,0.000365258483882077,0.999634741516118,0.000162414960822643,0.44465759999999993
obeidat_low_quality,17.85,0.0003572273443357787,0.9996427726556643,0.00015884385358672093,0.44465759999999993
obeidat_low_quality,17.900000000000002,0.000349372789879925,0.9996506272101201,0.0001553512662533117,0.44465759999999993
obeidat_low_quality,17.95,0.0003416909378408331,0.9996583090621591,0.000151935472362054,0.44465759999999993
obeidat_low_quality,18.0,0.000334177990915304,0.9996658220090847,0.00014859478341322084,0.44465759999999993
obeidat_low_quality,18.05,0.0003268302352935372,0.9996731697647064,0.00014532754803305953,0.44465759999999993
obeidat_low_quality,18.1,0.00031964403882331517,0.9996803559611767,0.00014213215115748212,0.44465759999999993
obeidat_low_quality,18.150000000000002,0.00031261584921455217,0.9996873841507854,0.00013900701323370462,0.44465759999999993
obeidat_low_quality,18.2,0.00030574219228332285,0.9996942578077167,0.00013595058943944083,0.44465759999999993
obeidat_low_quality,18.25,0.00029901967023449516,0.9997009803297655,0.00013296136891926205,0.44465759999999993
obeidat_low_quality,18.3,0.0002924449599821338,0.9997075550400178,0.00013003787403775165,0.44465759999999993
obeidat_low_quality,18.35,0.00028601481150682416,0.9997139851884932,0.0001271786596490768,0.44465759999999993
obeidat_low_quality,18.400000000000002,0.00027972604624911917,0.9997202739537508,0.00012438231238262232,0.44465759999999993
obeidat_low_quality,18.45,0.00027357555553831015,0.9997264244444617,0.00012164744994433168,0.44465759999999993
obeidat_low_quality,18.5,0.00026756029905574335,0.9997324397009443,0.00011897272043340908,0.44465759999999993
obeidat_low_quality,18.55,0.0002616773033319265,0.9997383226966681,0.00011635680167404642,0.44465759999999993
obeidat_low_quality,18.6,0.0002559236602766804,0.9997440763397233,0.00011379840056184403,0.44465759999999993
obeidat_low_quality,18.650000000000002,0.00025029652574160656,0.9997497034742584,0.00011129625242460097,0.44465759999999993
obeidat_low_quality,18.7,0.00024479311811416486,0.9997552068818858,0.00010884912039716106,0.44465759999999993
obeidat_low_quality,18.75,0.0002394107169426619,0.9997605892830573,0.00010645579481000336,0.44465759999999993
obeidat_low_quality,18.8,0.00023414666159147482,0.9997658533384085,0.00010411509259127735,0.44465759999999993
obeidat_low_quality,18.85,0.00022899834992584295,0.9997710016500742,0.00010182585668198549,0.44465759999999993
obeidat_low_quality,18.900000000000002,0.00022396323702557604,0.9997760367629744,9.958695546402377e-05,0.44465759999999993
obeidat_low_quality,18.95,0.0002190388339270467,0.999780961166073,9.739728220079915e-05,0.44465759999999993
obeidat_low_quality,19.0,0.00021422270639284114,0.9997857772936072,9.525575449014538e-05,0.44465759999999993
obeidat_low_quality,19.05,0.00020951247370846633,0.9997904875262915,9.316131372926972e-05,0.44465759999999993
obeidat_low_quality,19.1,0.0002049058075055092,0.9997950941924945,9.111292459146169e-05,0.44465759999999993
obeidat_low_quality,19.150000000000002,0.000200400430610677,0.9997995995693894,8.910957451431015e-05,0.44465759999999993
obeidat_low_quality,19.200000000000003,0.00019599411592014046,0.9998040058840798,8.715027319917143e-05,0.44465759999999993
obeidat_low_quality,19.25,0.00019168468529862984,0.9998083153147014,8.523405212164401e-05,0.44465759999999993
obeidat_low_quality,19.3,0.00018747000850273502,0.9998125299914973,8.335996405280574e-05,0.44465759999999993
obeidat_low_quality,19.35,0.00018334800212788146,0.9998166519978721,8.152708259097865e-05,0.44465759999999993
obeidat_low_quality,19.400000000000002,0.00017931662857845974,0.9998206833714215,7.97345017037893e-05,0.44465759999999993
obeidat_low_quality,19.450000000000003,0.0001753738950605975,0.9998246261049394,7.798133528029712e-05,0.44465759999999993
obeidat_low_quality,19.5,0.0001715178525970795,0.9998284821474029,7.626671669297112e-05,0.44465759999999993
obeidat_low_quality,19.55,0.00016774659506392595,0.9998322534049361,7.458979836929715e-05,0.44465759999999993
obeidat_low_quality,19.6,0.00016405825824815528,0.9998359417417518,7.294975137280491e-05,0.44465759999999993
obeidat_low_quality,19.650000000000002,0.00016045101892626449,0.9998395489810737,7.134576499330734e-05,0.44465759999999993
obeidat_low_quality,19.700000000000003,0.0001569230939629701,0.999843076906037,6.977704634614877e-05,0.44465759999999993
obeidat_low_quality,19.75,0.0001534727394297669,0.9998465272605702,6.824281998026552e-05,0.44465759999999993
obeidat_low_quality,19.8,0.00015009824974286583,0.9998499017502571,6.674232749486333e-05,0.44465759999999993
obeidat_low_quality,19.85,0.00014679795682008944,0.99985320204318,6.527482716452459e-05,0.44465759999999993
obeidat_low_quality,19.900000000000002,0.00014357022925630124,0.9998564297707437,6.383959357255668e-05,0.44465759999999993
obeidat_low_quality,19.950000000000003,0.00014041347151696917,0.9998595865284831,6.243591725240387e-05,0.44465759999999993
obeidat_low_quality,20.0,0.00013732612314945803,0.9998626738768506,6.106310433694244e-05,0.44465759999999993
dhople_markov_example,0.0,1.0,0.0,0.1,0.1
dhople_markov_example,0.05,0.9950124791926823,0.004987520807317688,0.09950124791926823,0.1
dhople_markov_example,0.1,0.9900498337491681,0.009950166250831949,0.09900498337491681,0.1
dhople_markov_example,0.15000000000000002,0.9851119396030626,0.01488806039693734,0.09851119396030628,0.1
dhople_markov_example,0.2,0.9801986733067553,0.019801326693244702,0.09801986733067553,0.1
dhople_markov_example,0.25,0.9753099120283326,0.02469008797166733,0.09753099120283326,0.1
dhople_markov_example,0.30000000000000004,0.9704455335485082,0.02955446645149183,0.09704455335485082,0.1
dhople_markov_example,0.35000000000000003,0.9656054162575665,0.034394583742433524,0.09656054162575665,0.1
dhople_markov_example,0.4,0.9607894391523232,0.0392105608476768,0.09607894391523232,0.1
dhople_markov_example,0.45,0.9559974818330998,0.0440025181669001,0.09559974818330999,0.1
dhople_markov_example,0.5,0.951229424500714,0.048770575499286,0.09512294245007141,0.1
dhople_markov_example,0.55,0.9464851479534838,0.05351485204651614,0.09464851479534839,0.1
dhople_markov_example,0.6000000000000001,0.9417645335842487,0.0582354664157513,0.09417645335842488,0.1
dhople_markov_example,0.65,0.9370674633774034,0.06293253662259657,0.09370674633774034,0.1
dhople_markov_example,0.7000000000000001,0.9323938199059483,0.06760618009405178,0.09323938199059484,0.1
dhople_markov_example,0.75,0.9277434863285529,0.07225651367144711,0.09277434863285529,0.1
dhople_markov_example,0.8,0.9231163463866358,0.07688365361336423,0.09231163463866358,0.1
dhople_markov_example,0.8500000000000001,0.9185122844014574,0.08148771559854266,0.09185122844014575,0.1
dhople_markov_example,0.9,0.9139311852712282,0.08606881472877183,0.09139311852712283,0.1
dhople_markov_example,0.9500000000000001,0.9093729344682314,0.09062706553176861,0.09093729344682315,0.1
dhople_markov_example,1.0,0.9048374180359595,0.09516258196404043,0.09048374180359596,0.1
dhople_markov_example,1.05,0.9003245225862656,0.0996754774137344,0.09003245225862656,0.1
dhople_markov_example,1.1,0.8958341352965282,0.10416586470347176,0.08958341352965282,0.1
dhople_markov_example,1.1500000000000001,0.8913661439068313,0.10863385609316865,0.08913661439068314,0.1
dhople_markov_example,1.2000000000000002,0.8869204367171575,0.1130795632828425,0.08869204367171575,0.1
dhople_markov_example,1.25,0.8824969025845955,0.11750309741540459,0.08824969025845955,0.1
dhople_markov_example,1.3,0.8780954309205613,0.12190456907943867,0.08780954309205613,0.1
dhople_markov_example,1.35,0.8737159116880344,0.12628408831196558,0.08737159116880344,0.1
dhople_markov_example,1.4000000000000001,0.8693582353988059,0.1306417646011942,0.0869358235398806,0.1
dhople_markov_example,1.4500000000000002,0.8650222931107413,0.13497770688925873,0.08650222931107414,0.1
dhople_markov_example,1.5,0.8607079764250578,0.1392920235749422,0.08607079764250579,0.1
dhople_markov_example,1.55,0.8564151774836135,0.1435848225163865,0.08564151774836136,0.1
dhople_markov_example,1.6,0.8521437889662113,0.14785621103378868,0.08521437889662115,0.1
dhople_markov_example,1.6500000000000001,0.8478937040879158,0.1521062959120842,0.08478937040879159,0.1
dhople_markov_example,1.7000000000000002,0.8436648165963836,0.15633518340361638,0.08436648165963836,0.1
dhople_markov_example,1.75,0.8394570207692074,0.1605429792307927,0.08394570207692074,0.1
dhople_markov_example,1.8,0.835270211411272,0.164729788588728,0.0835270211411272,0.1
dhople_markov_example,1.85,0.8311042838521256,0.16889571614787438,0.08311042838521257,0.1
dhople_markov_example,1.9000000000000001,0.8269591339433623,0.17304086605663774,0.08269591339433624,0.1
dhople_markov_example,1.9500000000000002,0.8228346580560184,0.17716534194398165,0.08228346580560185,0.1
dhople_markov_example,2.0,0.8187307530779818,0.18126924692201812,0.0818730753077982,0.1
dhople_markov_example,2.0500000000000003,0.8146473164114145,0.18535268358858548,0.08146473164114146,0.1
dhople_markov_example,2.1,0.8105842459701871,0.18941575402981292,0.08105842459701872,0.1
dhople_markov_example,2.15,0.8065414401773269,0.1934585598226731,0.08065414401773269,0.1
dhople_markov_example,2.2,0.8025187979624785,0.19748120203752154,0.08025187979624786,0.1
dhople_markov_example,2.25,0.7985162187593771,0.20148378124062294,0.07985162187593771,0.1
dhople_markov_example,2.3000000000000003,0.7945336025033339,0.205466397496666,0.0794533602503334,0.1
dhople_markov_example,2.35,0.7905708496287356,0.20942915037126444,0.07905708496287356,0.1
dhople_markov_example,2.4000000000000004,0.7866278610665534,0.21337213893344664,0.07866278610665534,0.1
dhople_markov_example,2.45,0.7827045382418681,0.21729546175813183,0.07827045382418682,0.1
dhople_markov_example,2.5,0.7788007830714049,0.22119921692859512,0.0778800783071405,0.1
dhople_markov_example,2.5500000000000003,0.7749164979610809,0.2250835020389191,0.07749164979610809,0.1
dhople_markov_example,2.6,0.7710515858035663,0.22894841419643372,0.07710515858035663,0.1
dhople_markov_example,2.6500000000000004,0.7672059499758557,0.23279405002414436,0.07672059499758557,0.1
dhople_markov_example,2.7,0.7633794943368531,0.2366205056631468,0.07633794943368533,0.1
dhople_markov_example,2.75,0.7595721232249685,0.24042787677503152,0.07595721232249686,0.1
dhople_markov_example,2.8000000000000003,0.7557837414557255,0.2442162585442746,0.07557837414557256,0.1
dhople_markov_example,2.85,0.7520142543193826,0.24798574568061738,0.07520142543193827,0.1
dhople_markov_example,2.9000000000000004,0.7482635675785652,0.25173643242143484,0.07482635675785652,0.1
dhople_markov_example,2.95,0.7445315874659093,0.25546841253409075,0.07445315874659093,0.1
dhople_markov_example,3.0,0.7408182206817179,0.2591817793182822,0.0740818220681718,0.1
dhople_markov_example,3.0500000000000003,0.7371233743916277,0.26287662560837227,0.07371233743916276,0.1
dhople_markov_example,3.1,0.7334469562242892,0.26655304377571076,0.07334469562242893,0.1
dhople_markov_example,3.1500000000000004,0.7297888742690568,0.2702111257309432,0.07297888742690568,0.1
dhople_markov_example,3.2,0.7261490370736908,0.2738509629263091,0.07261490370736909,0.1
dhople_markov_example,3.25,0.7225273536420722,0.2774726463579278,0.07225273536420722,0.1
dhople_markov_example,3.3000000000000003,0.7189237334319262,0.28107626656807383,0.07189237334319262,0.1
dhople_markov_example,3.35,0.7153380863525599,0.2846619136474401,0.07153380863525599,0.1
dhople_markov_example,3.4000000000000004,0.7117703227626097,0.2882296772373904,0.07117703227626097,0.1
dhople_markov_example,3.45,0.7082203534678,0.2917796465322,0.07082203534678,0.1
dhople_markov_example,3.5,0.7046880897187134,0.2953119102812866,0.07046880897187134,0.1
dhople_markov_example,3.5500000000000003,0.7011734432085723,0.2988265567914276,0.07011734432085724,0.1
dhople_markov_example,3.6,0.697676326071031,0.302323673928969,0.0697676326071031,0.1
dhople_markov_example,3.6500000000000004,0.6941966508779788,0.30580334912202123,0.06941966508779789,0.1
dhople_markov_example,3.7,0.6907343306373547,0.30926566936264543,0.06907343306373546,0.1
dhople_markov_example,3.75,0.6872892787909722,0.3127107212090278,0.06872892787909722,0.1
dhople_markov_example,3.8000000000000003,0.6838614092123558,0.31613859078764417,0.06838614092123559,0.1
dhople_markov_example,3.85,0.6804506362045877,0.3195493637954124,0.06804506362045877,0.1
dhople_markov_example,3.9000000000000004,0.6770568744981647,0.3229431255018353,0.06770568744981646,0.1
dhople_markov_example,3.95,0.6736800392488677,0.32631996075113245,0.06736800392488677,0.1
dhople_markov_example,4.0,0.6703200460356393,0.3296799539643607,0.06703200460356394,0.1
dhople_markov_example,4.05,0.6669768108584744,0.3330231891415256,0.06669768108584744,0.1
dhople_markov_example,4.1000000000000005,0.6636502501363193,0.3363497498636807,0.06636502501363194,0.1
dhople_markov_example,4.15,0.6603402807049829,0.33965971929501715,0.06603402807049828,0.1
dhople_markov_example,4.2,0.6570468198150567,0.34295318018494325,0.06570468198150568,0.1
dhople_markov_example,4.25,0.6537697851298473,0.34623021487015276,0.06537697851298473,0.1
dhople_markov_example,4.3,0.6505090947233165,0.3494909052766834,0.06505090947233165,0.1
dhople_markov_example,4.3500000000000005,0.6472646670780345,0.3527353329219654,0.06472646670780345,0.1
dhople_markov_example,4.4,0.6440364210831413,0.35596357891685865,0.06440364210831413,0.1
dhople_markov_example,4.45,0.6408242760323187,0.35917572396768127,0.06408242760323188,0.1
dhople_markov_example,4.5,0.6376281516217733,0.36237184837822667,0.06376281516217734,0.1
dhople_markov_example,4.55,0.6344479679482282,0.3655520320517718,0.06344479679482283,0.1
dhople_markov_example,4.6000000000000005,0.631283645506926,0.368716354493074,0.0631283645506926,0.1
dhople_markov_example,4.65,0.6281351051896408,0.3718648948103592,0.06281351051896408,0.1
dhople_markov_example,4.7,0.6250022682827008,0.37499773171729917,0.06250022682827008,0.1
dhople_markov_example,4.75,0.62188505646502,0.37811494353497993,0.062188505646502,0.1
dhople_markov_example,4.800000000000001,0.6187833918061408,0.3812166081938592,0.061878339180614084,0.1
dhople_markov_example,4.8500000000000005,0.615697196764285,0.384302803235715,0.061569719676428505,0.1
dhople_markov_example,4.9,0.612626394184416,0.387373605815584,0.0612626394184416,0.1
dhople_markov_example,4.95,0.6095709072963093,0.3904290927036907,0.06095709072963093,0.1
dhople_markov_example,5.0,0.6065306597126334,0.39346934028736663,0.06065306597126335,0.1
dhople_markov_example,5.050000000000001,0.6035055754270404,0.3964944245729596,0.06035055754270405,0.1
dhople_markov_example,5.1000000000000005,0.6004955788122659,0.39950442118773416,0.060049557881226595,0.1
dhople_markov_example,5.15,0.5975005946182375,0.40249940538176254,0.05975005946182375,0.1
dhople_markov_example,5.2,0.5945205479701944,0.4054794520298057,0.05945205479701944,0.1
dhople_markov_example,5.25,0.5915553643668151,0.40844463563318495,0.05915553643668151,0.1
dhople_markov_example,5.300000000000001,0.5886049696783551,0.4113950303216449,0.05886049696783551,0.1
dhople_markov_example,5.3500000000000005,0.5856692901447937,0.4143307098552062,0.05856692901447938,0.1
dhople_markov_example,5.4,0.5827482523739896,0.4172517476260103,0.058274825237398964,0.1
dhople_markov_example,5.45,0.5798417833398464,0.4201582166601537,0.05798417833398464,0.1
dhople_markov_example,5.5,0.5769498103804866,0.4230501896195133,0.05769498103804867,0.1
dhople_markov_example,5.550000000000001,0.574072261196436,0.425927738803564,0.0574072261196436,0.1
dhople_markov_example,5.6000000000000005,0.5712090638488149,0.42879093615118513,0.05712090638488149,0.1
dhople_markov_example,5.65,0.5683601467575404,0.4316398532424596,0.05683601467575405,0.1
dhople_markov_example,5.7,0.5655254386995371,0.4344745613004629,0.05655254386995371,0.1
dhople_markov_example,5.75,0.5627048688069557,0.43729513119304436,0.056270486880695574,0.1
dhople_markov_example,5.800000000000001,0.559898366565402,0.440101633434598,0.055989836656540205,0.1
dhople_markov_example,5.8500000000000005,0.5571058618121738,0.44289413818782614,0.05571058618121738,0.1
dhople_markov_example,5.9,0.554327284734507,0.44567271526549296,0.0554327284734507,0.1
dhople_markov_example,5.95,0.5515625658678297,0.44843743413217024,0.05515625658678297,0.1
dhople_markov_example,6.0,0.5488116360940264,0.45118836390597356,0.05488116360940264,0.1
dhople_markov_example,6.050000000000001,0.5460744266397094,0.45392557336029066,0.05460744266397094,0.1
dhople_markov_example,6.1000000000000005,0.5433508690744997,0.45664913092550025,0.054335086907449974,0.1
dhople_markov_example,6.15,0.5406408953093165,0.4593591046906835,0.05406408953093165,0.1
dhople_markov_example,6.2,0.5379444375946745,0.4620555624053256,0.05379444375946745,0.1
dhople_markov_example,6.25,0.5352614285189903,0.4647385714810098,0.05352614285189903,0.1
dhople_markov_example,6.300000000000001,0.5325918010068972,0.4674081989931028,0.053259180100689724,0.1
dhople_markov_example,6.3500000000000005,0.5299354883175684,0.4700645116824316,0.052993548831756845,0.1
dhople_markov_example,6.4,0.5272924240430485,0.4727075759569515,0.052729242404304856,0.1
dhople_markov_example,6.45,0.5246625421065929,0.4753374578934071,0.05246625421065929,0.1
dhople_markov_example,6.5,0.522045776761016,0.47795422323898396,0.05220457767610161,0.1
dhople_markov_example,6.550000000000001,0.5194420625870481,0.4805579374129519,0.05194420625870481,0.1
dhople_markov_example,6.6000000000000005,0.5168513344916992,0.48314866550830077,0.05168513344916992,0.1
dhople_markov_example,6.65,0.5142735277066319,0.485726472293368,0.051427352770663196,0.1
dhople_markov_example,6.7,0.5117085777865424,0.48829142221345756,0.051170857778654245,0.1
dhople_markov_example,6.75,0.5091564206075492,0.4908435793924509,0.05091564206075492,0.1
dhople_markov_example,6.800000000000001,0.5066169923655895,0.49338300763441045,0.05066169923655896,0.1
dhople_markov_example,6.8500000000000005,0.5040902295748255,0.49590977042517453,0.050409022957482556,0.1
dhople_markov_example,6.9,0.5015760690660555,0.4984239309339445,0.05015760690660555,0.1
dhople_markov_example,6.95,0.49907444798513595,0.5009255520148641,0.0499074447985136,0.1
dhople_markov_example,7.0,0.49658530379140947,0.5034146962085906,0.04965853037914095,0.1
dhople_markov_example,7.050000000000001,0.49410857425614163,0.5058914257438584,0.049410857425614164,0.1
dhople_markov_example,7.1000000000000005,0.49164419746096505,0.5083558025390349,0.049164419746096505,0.1
dhople_markov_example,7.15,0.4891921117963315,0.5108078882036685,0.04891921117963315,0.1
dhople_markov_example,7.2,0.4867522559599716,0.5132477440400284,0.048675225595997164,0.1
dhople_markov_example,7.25,0.4843245689553624,0.5156754310446376,0.04843245689553624,0.1
dhople_markov_example,7.300000000000001,0.4819089900902024,0.5180910099097976,0.04819089900902024,0.1
dhople_markov_example,7.3500000000000005,0.47950545897489405,0.520494541025106,0.047950545897489406,0.1
dhople_markov_example,7.4,0.4771139155210343,0.5228860844789657,0.04771139155210344,0.1
dhople_markov_example,7.45,0.47473429993991234,0.5252657000600877,0.047473429993991234,0.1
dhople_markov_example,7.5,0.4723665527410147,0.5276334472589853,0.04723665527410147,0.1
dhople_markov_example,7.550000000000001,0.4700106147305379,0.5299893852694622,0.047001061473053794,0.1
dhople_markov_example,7.6000000000000005,0.4676664270099092,0.5323335729900909,0.04676664270099092,0.1
dhople_markov_example,7.65,0.46533393097431336,0.5346660690256866,0.04653339309743134,0.1
dhople_markov_example,7.7,0.46301306831122807,0.5369869316887719,0.04630130683112281,0.1
dhople_markov_example,7.75,0.4607037809989658,0.5392962190010342,0.046070378099896586,0.1
dhople_markov_example,7.800000000000001,0.45840601130522346,0.5415939886947765,0.04584060113052235,0.1
dhople_markov_example,7.8500000000000005,0.45611970178563915,0.5438802982143609,0.045611970178563915,0.1
dhople_markov_example,7.9,0.45384479528235583,0.5461552047176441,0.045384479528235586,0.1
dhople_markov_example,7.95,0.4515812349225922,0.5484187650774077,0.04515812349225923,0.1
dhople_markov_example,8.0,0.44932896411722156,0.5506710358827784,0.044932896411722156,0.1
dhople_markov_example,8.05,0.44708792655935636,0.5529120734406436,0.044708792655935636,0.1
dhople_markov_example,8.1,0.4448580662229411,0.5551419337770589,0.044485806622294115,0.1
dhople_markov_example,8.15,0.4426393273613511,0.5573606726386489,0.04426393273613511,0.1
dhople_markov_example,8.200000000000001,0.4404316545059992,0.5595683454940008,0.04404316545059992,0.1
dhople_markov_example,8.25,0.4382349924649492,0.5617650075350509,0.043823499246494924,0.1
dhople_markov_example,8.3,0.43604928632153556,0.5639507136784645,0.04360492863215356,0.1
dhople_markov_example,8.35,0.4338744814329909,0.5661255185670091,0.04338744814329909,0.1
dhople_markov_example,8.4,0.4317105234290797,0.5682894765709203,0.04317105234290797,0.1
dhople_markov_example,8.450000000000001,0.42955735821073904,0.570442641789261,0.042955735821073905,0.1
dhople_markov_example,8.5,0.42741493194872665,0.5725850680512734,0.042741493194872665,0.1
dhople_markov_example,8.55,0.4252831910822741,0.5747168089177259,0.04252831910822741,0.1
dhople_markov_example,8.6,0.4231620823177488,0.5768379176822511,0.042316208231774885,0.1
dhople_markov_example,8.65,0.42105155262732114,0.5789484473726789,0.04210515526273212,0.1
dhople_markov_example,8.700000000000001,0.41895154924763894,0.581048450752361,0.041895154924763894,0.1
dhople_markov_example,8.75,0.4168620196785084,0.5831379803214916,0.04168620196785084,0.1
dhople_markov_example,8.8,0.4147829116815813,0.5852170883184187,0.041478291168158134,0.1
dhople_markov_example,8.85,0.4127141732790497,0.5872858267209503,0.04127141732790497,0.1
dhople_markov_example,8.9,0.41065575275234545,0.5893442472476546,0.04106557527523455,0.1
dhople_markov_example,8.950000000000001,0.4086075986408484,0.5913924013591516,0.04086075986408484,0.1
dhople_markov_example,9.0,0.4065696597405991,0.5934303402594009,0.04065696597405991,0.1
dhople_markov_example,9.05,0.40454188510301875,0.5954581148969813,0.04045418851030188,0.1
dhople_markov_example,9.1,0.40252422403363597,0.597475775966364,0.0402524224033636,0.1
dhople_markov_example,9.15,0.4005166260908188,0.5994833739091812,0.040051662609081884,0.1
dhople_markov_example,9.200000000000001,0.39851904108451414,0.6014809589154859,0.039851904108451415,0.1
dhople_markov_example,9.25,0.39653141907499284,0.6034685809250071,0.03965314190749929,0.1
dhople_markov_example,9.3,0.3945537103716011,0.605446289628399,0.03945537103716011,0.1
dhople_markov_example,9.35,0.39258586553151836,0.6074141344684816,0.03925858655315184,0.1
dhople_markov_example,9.4,0.3906278353585211,0.6093721646414789,0.03906278353585211,0.1
dhople_markov_example,9.450000000000001,0.3886795709017529,0.611320429098247,0.03886795709017529,0.1
dhople_markov_example,9.5,0.3867410234545012,0.6132589765454988,0.03867410234545012,0.1
dhople_markov_example,9.55,0.3848121445529785,0.6151878554470215,0.038481214455297855,0.1
dhople_markov_example,9.600000000000001,0.38289288597511195,0.617107114024888,0.0382892885975112,0.1
dhople_markov_example,9.65,0.3809831997393372,0.6190168002606629,0.038098319973933724,0.1
dhople_markov_example,9.700000000000001,0.3790830381033987,0.6209169618966013,0.037908303810339876,0.1
dhople_markov_example,9.75,0.3771923535631569,0.622807646436843,0.03771923535631569,0.1
dhople_markov_example,9.8,0.3753110988513995,0.6246889011486005,0.037531109885139954,0.1
dhople_markov_example,9.850000000000001,0.3734392269366608,0.6265607730633391,0.037343922693666085,0.1
dhople_markov_example,9.9,0.37157669102204566,0.6284233089779543,0.03715766910220457,0.1
dhople_markov_example,9.950000000000001,0.3697234445440589,0.6302765554559411,0.03697234445440589,0.1
dhople_markov_example,10.0,0.36787944117144233,0.6321205588285577,0.036787944117144235,0.1
dhople_markov_example,10.05,0.36604463480401533,0.6339553651959846,0.036604463480401535,0.1
dhople_markov_example,10.100000000000001,0.3642189795715232,0.6357810204284768,0.036421897957152324,0.1
dhople_markov_example,10.15,0.36240242983249027,0.6375975701675097,0.03624024298324903,0.1
dhople_markov_example,10.200000000000001,0.3605949401730782,0.6394050598269219,0.03605949401730782,0.1
dhople_markov_example,10.25,0.35879646540595156,0.6412035345940484,0.03587964654059516,0.1
dhople_markov_example,10.3,0.3570069605691474,0.6429930394308526,0.03570069605691474,0.1
dhople_markov_example,10.350000000000001,0.35522638092495146,0.6447736190750486,0.035522638092495146,0.1
dhople_markov_example,10.4,0.35345468195878016,0.6465453180412198,0.03534546819587802,0.1
dhople_markov_example,10.450000000000001,0.3516918193780668,0.6483081806219332,0.03516918193780668,0.1
dhople_markov_example,10.5,0.3499377491111553,0.6500622508888447,0.034993774911115536,0.1
dhople_markov_example,10.55,0.3481924273061975,0.6518075726938025,0.03481924273061975,0.1
dhople_markov_example,10.600000000000001,0.34645581033005735,0.6535441896699427,0.03464558103300574,0.1
dhople_markov_example,10.65,0.3447278547672201,0.6552721452327799,0.034472785476722015,0.1
dhople_markov_example,10.700000000000001,0.34300851741870664,0.6569914825812934,0.03430085174187066,0.1
dhople_markov_example,10.75,0.3412977553009937,0.6587022446990063,0.034129775530099375,0.1
dhople_markov_example,10.8,0.3395955256449391,0.6604044743550609,0.033959552564493914,0.1
dhople_markov_example,10.850000000000001,0.337901785894713,0.662098214105287,0.0337901785894713,0.1
dhople_markov_example,10.9,0.33621649370673334,0.6637835062932667,0.033621649370673336,0.1
dhople_markov_example,10.950000000000001,0.33453960694860757,0.6654603930513925,0.03345396069486076,0.1
dhople_markov_example,11.0,0.33287108369807955,0.6671289163019205,0.03328710836980796,0.1
dhople_markov_example,11.05,0.3312108822419809,0.6687891177580191,0.03312108822419809,0.1
dhople_markov_example,11.100000000000001,0.32955896107518906,0.670441038924811,0.03295589610751891,0.1
dhople_markov_example,11.15,0.32791527889958855,0.6720847211004115,0.03279152788995886,0.1
dhople_markov_example,11.200000000000001,0.32627979462303947,0.6737202053769605,0.032627979462303947,0.1
dhople_markov_example,11.25,0.32465246735834974,0.6753475326416503,0.03246524673583497,0.1
dhople_markov_example,11.3,0.3230332564222529,0.6769667435777471,0.03230332564222529,0.1
dhople_markov_example,11.350000000000001,0.3214221213343913,0.6785778786656087,0.03214221213343913,0.1
dhople_markov_example,11.4,0.31981902181630384,0.6801809781836962,0.031981902181630384,0.1
dhople_markov_example,11.450000000000001,0.31822391779041903,0.681776082209581,0.031822391779041906,0.1
dhople_markov_example,11.5,0.31663676937905316,0.6833632306209468,0.03166367693790532,0.1
dhople_markov_example,11.55,0.3150575369034133,0.6849424630965867,0.03150575369034133,0.1
dhople_markov_example,11.600000000000001,0.31348618088260527,0.6865138191173947,0.031348618088260526,0.1
dhople_markov_example,11.65,0.31192266203264674,0.6880773379673533,0.031192266203264676,0.1
dhople_markov_example,11.700000000000001,0.310366941265485,0.689633058734515,0.031036694126548497,0.1
dhople_markov_example,11.75,0.30881897968801986,0.6911810203119801,0.03088189796880199,0.1
dhople_markov_example,11.8,0.3072787386011312,0.6927212613988688,0.030727873860113122,0.1
dhople_markov_example,11.850000000000001,0.3057461794987117,0.6942538205012883,0.03057461794987117,0.1
dhople_markov_example,11.9,0.304221264066704,0.695778735933296,0.030422126406670403,0.1
dhople_markov_example,11.950000000000001,0.30270395418214285,0.6972960458178572,0.030270395418214288,0.1
dhople_markov_example,12.0,0.301194211912202,0.698805788087798,0.030119421191220203,0.1
dhople_markov_example,12.05,0.2996919995132463,0.7003080004867537,0.029969199951324632,0.1
dhople_markov_example,12.100000000000001,0.29819727942988733,0.7018027205701127,0.029819727942988733,0.1
dhople_markov_example,12.15,0.29671001429404525,0.7032899857059547,0.029671001429404528,0.1
dhople_markov_example,12.200000000000001,0.29523016692401416,0.7047698330759858,0.029523016692401417,0.1
dhople_markov_example,12.25,0.29375770032353277,0.7062422996764672,0.02937577003235328,0.1
dhople_markov_example,12.3,0.29229257768085937,0.7077074223191406,0.029229257768085937,0.1
dhople_markov_example,12.350000000000001,0.2908347623678515,0.7091652376321484,0.02908347623678515,0.1
dhople_markov_example,12.4,0.28938421793905056,0.7106157820609494,0.02893842179390506,0.1
dhople_markov_example,12.450000000000001,0.2879409081307702,0.7120590918692298,0.028794090813077024,0.1
dhople_markov_example,12.5,0.2865047968601901,0.7134952031398099,0.028650479686019012,0.1
dhople_markov_example,12.55,0.28507584822445353,0.7149241517755465,0.028507584822445354,0.1
dhople_markov_example,12.600000000000001,0.2836540264997703,0.7163459735002298,0.02836540264997703,0.1
dhople_markov_example,12.65,0.2822392961405233,0.7177607038594767,0.02822392961405233,0.1
dhople_markov_example,12.700000000000001,0.2808316217783797,0.7191683782216203,0.028083162177837975,0.1
dhople_markov_example,12.75,0.2794309682214073,0.7205690317785927,0.02794309682214073,0.1
dhople_markov_example,12.8,0.2780373004531941,0.7219626995468059,0.02780373004531941,0.1
dhople_markov_example,12.850000000000001,0.27665058363197337,0.7233494163680266,0.02766505836319734,0.1
dhople_markov_example,12.9,0.27527078308975234,0.7247292169102477,0.027527078308975234,0.1
dhople_markov_example,12.950000000000001,0.27389786433144553,0.7261021356685544,0.027389786433144554,0.1
dhople_markov_example,13.0,0.2725317930340126,0.7274682069659875,0.02725317930340126,0.1
dhople_markov_example,13.05,0.27117253504559985,0.7288274649544002,0.027117253504559985,0.1
dhople_markov_example,13.100000000000001,0.26982005638468676,0.7301799436153132,0.026982005638468677,0.1
dhople_markov_example,13.15,0.26847432323923653,0.7315256767607634,0.026847432323923656,0.1
dhople_markov_example,13.200000000000001,0.2671353019658503,0.7328646980341498,0.02671353019658503,0.1
dhople_markov_example,13.25,0.26580295908892654,0.7341970409110734,0.026580295908892656,0.1
dhople_markov_example,13.3,0.26447726129982396,0.735522738700176,0.026447726129982398,0.1
dhople_markov_example,13.350000000000001,0.26315817545602865,0.7368418245439714,0.026315817545602867,0.1
dhople_markov_example,13.4,0.261845668580326,0.738154331419674,0.0261845668580326,0.1
dhople_markov_example,13.450000000000001,0.26053970785997554,0.7394602921400244,0.026053970785997554,0.1
dhople_markov_example,13.5,0.2592402606458915,0.7407597393541085,0.025924026064589153,0.1
dhople_markov_example,13.55,0.2579472944518256,0.7420527055481744,0.025794729445182563,0.1
dhople_markov_example,13.600000000000001,0.2566607769535558,0.7433392230464442,0.025666077695355585,0.1
dhople_markov_example,13.65,0.2553806759880776,0.7446193240119223,0.025538067598807765,0.1
dhople_markov_example,13.700000000000001,0.25410695955280027,0.7458930404471997,0.02541069595528003,0.1
dhople_markov_example,13.75,0.25283959580474646,0.7471604041952535,0.02528395958047465,0.1
dhople_markov_example,13.8,0.25157855305975646,0.7484214469402435,0.025157855305975647,0.1
dhople_markov_example,13.850000000000001,0.25032379979169606,0.7496762002083039,0.025032379979169607,0.1
dhople_markov_example,13.9,0.24907530463166816,0.7509246953683318,0.024907530463166818,0.1
dhople_markov_example,13.950000000000001,0.2478330363672287,0.7521669636327712,0.024783303636722872,0.1
dhople_markov_example,14.0,0.24659696394160643,0.7534030360583935,0.024659696394160643,0.1
dhople_markov_example,14.05,0.24536705645292628,0.7546329435470738,0.02453670564529263,0.1
dhople_markov_example,14.100000000000001,0.24414328315343706,0.755856716846563,0.02441432831534371,0.1
dhople_markov_example,14.15,0.24292561344874244,0.7570743865512576,0.024292561344874244,0.1
dhople_markov_example,14.200000000000001,0.24171401689703642,0.7582859831029636,0.024171401689703644,0.1
dhople_markov_example,14.25,0.24050846320834213,0.7594915367916579,0.024050846320834214,0.1
dhople_markov_example,14.3,0.2393089222437545,0.7606910777562454,0.02393089222437545,0.1
dhople_markov_example,14.350000000000001,0.23811536401468697,0.7618846359853131,0.0238115364014687,0.1
dhople_markov_example,14.4,0.2369277586821217,0.7630722413178783,0.02369277586821217,0.1
dhople_markov_example,14.450000000000001,0.23574607655586347,0.7642539234441366,0.023574607655586347,0.1
dhople_markov_example,14.5,0.23457028809379762,0.7654297119062023,0.023457028809379762,0.1
dhople_markov_example,14.55,0.23340036390115132,0.7665996360988487,0.023340036390115133,0.1
dhople_markov_example,14.600000000000001,0.23223627472975877,0.7677637252702412,0.023223627472975877,0.1
dhople_markov_example,14.65,0.23107799147733019,0.7689220085226698,0.02310779914773302,0.1
dhople_markov_example,14.700000000000001,0.2299254851867238,0.7700745148132762,0.02299254851867238,0.1
dhople_markov_example,14.75,0.22877872704522242,0.7712212729547776,0.022877872704522243,0.1
dhople_markov_example,14.8,0.22763768838381268,0.7723623116161873,0.02276376883838127,0.1
dhople_markov_example,14.850000000000001,0.2265023406764687,0.7734976593235313,0.022650234067646872,0.1
dhople_markov_example,14.9,0.22537265553943867,0.7746273444605614,0.022537265553943867,0.1
dhople_markov_example,14.950000000000001,0.22424860473053532,0.7757513952694647,0.02242486047305353,0.1
dhople_markov_example,15.0,0.22313016014842982,0.7768698398515702,0.022313016014842982,0.1
dhople_markov_example,15.05,0.22201729383194937,0.7779827061680507,0.022201729383194937,0.1
dhople_markov_example,15.100000000000001,0.22090997795937814,0.7790900220406218,0.022090997795937817,0.1
dhople_markov_example,15.15,0.21980818484776168,0.7801918151522383,0.02198081848477617,0.1
dhople_markov_example,15.200000000000001,0.21871188695221472,0.7812881130477853,0.021871188695221474,0.1
dhople_markov_example,15.25,0.21762105686523284,0.7823789431347672,0.021762105686523286,0.1
dhople_markov_example,15.3,0.216535667316007,0.783464332683993,0.021653566731600703,0.1
dhople_markov_example,15.350000000000001,0.21545569116974203,0.7845443088302579,0.021545569116974205,0.1
dhople_markov_example,15.4,0.21438110142697794,0.785618898573022,0.021438110142697794,0.1
dhople_markov_example,15.450000000000001,0.21331187122291517,0.7866881287770848,0.02133118712229152,0.1
dhople_markov_example,15.5,0.21224797382674304,0.7877520261732569,0.021224797382674306,0.1
dhople_markov_example,15.55,0.21118938264097112,0.7888106173590289,0.021118938264097113,0.1
dhople_markov_example,15.600000000000001,0.2101360712007647,0.7898639287992353,0.02101360712007647,0.1
dhople_markov_example,15.65,0.2090880131732829,0.7909119868267172,0.020908801317328293,0.1
dhople_markov_example,15.700000000000001,0.2080451823570204,0.7919548176429796,0.020804518235702042,0.1
dhople_markov_example,15.75,0.2070075526811526,0.7929924473188474,0.02070075526811526,0.1
dhople_markov_example,15.8,0.20597509820488344,0.7940249017951165,0.020597509820488344,0.1
dhople_markov_example,15.850000000000001,0.20494779311679726,0.7950522068832028,0.02049477931167973,0.1
dhople_markov_example,15.9,0.20392561173421342,0.7960743882657866,0.020392561173421343,0.1
dhople_markov_example,15.950000000000001,0.202908528502544,0.797091471497456,0.020290852850254403,0.1
dhople_markov_example,16.0,0.20189651799465538,0.7981034820053446,0.02018965179946554,0.1
dhople_markov_example,16.05,0.20088955491023203,0.7991104450897679,0.020088955491023203,0.1
dhople_markov_example,16.1,0.19988761407514444,0.8001123859248556,0.019988761407514447,0.1
dhople_markov_example,16.150000000000002,0.1988906704408196,0.8011093295591805,0.01988906704408196,0.1
dhople_markov_example,16.2,0.19789869908361465,0.8021013009163853,0.019789869908361468,0.1
dhople_markov_example,16.25,0.19691167520419406,0.8030883247958059,0.019691167520419408,0.1
dhople_markov_example,16.3,0.19592957412690934,0.8040704258730906,0.019592957412690935,0.1
dhople_markov_example,16.35,0.19495237129918244,0.8050476287008176,0.019495237129918245,0.1
dhople_markov_example,16.400000000000002,0.19398004229089183,0.8060199577091082,0.019398004229089185,0.1
dhople_markov_example,16.45,0.19301256279376172,0.8069874372062382,0.019301256279376174,0.1
dhople_markov_example,16.5,0.19204990862075408,0.8079500913792459,0.01920499086207541,0.1
dhople_markov_example,16.55,0.1910920557054646,0.8089079442945354,0.01910920557054646,0.1
dhople_markov_example,16.6,0.1901389801015205,0.8098610198984795,0.01901389801015205,0.1
dhople_markov_example,16.650000000000002,0.18919065798198198,0.810809342018018,0.0189190657981982,0.1
dhople_markov_example,16.7,0.1882470656387468,0.8117529343612532,0.01882470656387468,0.1
dhople_markov_example,16.75,0.18730817948195702,0.812691820518043,0.018730817948195703,0.1
dhople_markov_example,16.8,0.18637397603940994,0.81362602396059,0.018637397603940994,0.1
dhople_markov_example,16.85,0.18544443195597082,0.8145555680440292,0.018544443195597084,0.1
dhople_markov_example,16.900000000000002,0.18451952399298918,0.8154804760070108,0.018451952399298917,0.1
dhople_markov_example,16.95,0.18359922902771786,0.8164007709722821,0.018359922902771785,0.1
dhople_markov_example,17.0,0.1826835240527346,0.8173164759472654,0.018268352405273462,0.1
dhople_markov_example,17.05,0.1817723861753675,0.8182276138246325,0.018177238617536753,0.1
dhople_markov_example,17.1,0.18086579261712205,0.819134207382878,0.018086579261712206,0.1
dhople_markov_example,17.150000000000002,0.17996372071311212,0.8200362792868878,0.017996372071311214,0.1
dhople_markov_example,17.2,0.17906614791149322,0.8209338520885068,0.017906614791149324,0.1
dhople_markov_example,17.25,0.1781730517728984,0.8218269482271016,0.01781730517728984,0.1
dhople_markov_example,17.3,0.17728440996987777,0.8227155900301222,0.01772844099698778,0.1
dhople_markov_example,17.35,0.17640020028633993,0.82359979971366,0.017640020028633994,0.1
dhople_markov_example,17.400000000000002,0.17552040061699684,0.8244795993830032,0.017552040061699685,0.1
dhople_markov_example,17.45,0.17464498896681085,0.8253550110331891,0.017464498896681085,0.1
dhople_markov_example,17.5,0.17377394345044514,0.8262260565495548,0.017377394345044515,0.1
dhople_markov_example,17.55,0.17290724229171636,0.8270927577082836,0.017290724229171637,0.1
dhople_markov_example,17.6,0.17204486382305048,0.8279551361769495,0.01720448638230505,0.1
dhople_markov_example,17.650000000000002,0.17118678648494087,0.8288132135150591,0.017118678648494087,0.1
dhople_markov_example,17.7,0.17033298882540943,0.8296670111745905,0.017033298882540942,0.1
dhople_markov_example,17.75,0.16948344949947006,0.83051655050053,0.016948344949947007,0.1
dhople_markov_example,17.8,0.16863814726859547,0.8313618527314045,0.016863814726859546,0.1
dhople_markov_example,17.85,0.16779706100018585,0.8322029389998141,0.016779706100018586,0.1
dhople_markov_example,17.900000000000002,0.16696016966704066,0.8330398303329594,0.01669601696670407,0.1
dhople_markov_example,17.95,0.16612745234683307,0.833872547653167,0.01661274523468331,0.1
dhople_markov_example,18.0,0.16529888822158653,0.8347011117784134,0.016529888822158653,0.1
dhople_markov_example,18.05,0.16447445657715487,0.8355255434228451,0.016447445657715488,0.1
dhople_markov_example,18.1,0.16365413680270402,0.836345863197296,0.0163654136802704,0.1
dhople_markov_example,18.150000000000002,0.1628379083901969,0.837162091609803,0.01628379083901969,0.1
dhople_markov_example,18.2,0.16202575093388075,0.8379742490661193,0.016202575093388075,0.1
dhople_markov_example,18.25,0.16121764412977674,0.8387823558702232,0.016121764412977673,0.1
dhople_markov_example,18.3,0.16041356777517274,0.8395864322248272,0.016041356777517276,0.1
dhople_markov_example,18.35,0.159613501768118,0.840386498231882,0.0159613501768118,0.1
dhople_markov_example,18.400000000000002,0.15881742610692065,0.8411825738930794,0.015881742610692067,0.1
dhople_markov_example,18.45,0.1580253208896478,0.8419746791103522,0.01580253208896478,0.1
dhople_markov_example,18.5,0.1572371663136276,0.8427628336863724,0.015723716631362763,0.1
dhople_markov_example,18.55,0.1564529426749547,0.8435470573250453,0.01564529426749547,0.1
dhople_markov_example,18.6,0.15567263036799725,0.8443273696320027,0.015567263036799726,0.1
dhople_markov_example,18.650000000000002,0.15489620988490702,0.845103790115093,0.015489620988490702,0.1
dhople_markov_example,18.7,0.1541236618151314,0.8458763381848686,0.015412366181513142,0.1
dhople_markov_example,18.75,0.15335496684492847,0.8466450331550716,0.015335496684492848,0.1
dhople_markov_example,18.8,0.15259010575688386,0.8474098942431161,0.015259010575688388,0.1
dhople_markov_example,18.85,0.15182905942943056,0.8481709405705694,0.015182905942943057,0.1
dhople_markov_example,18.900000000000002,0.15107180883637078,0.8489281911636293,0.015107180883637078,0.1
dhople_markov_example,18.95,0.15031833504640033,0.8496816649535996,0.015031833504640033,0.1
dhople_markov_example,19.0,0.14956861922263504,0.8504313807773649,0.014956861922263504,0.1
dhople_markov_example,19.05,0.14882264262214034,0.8511773573778596,0.014882264262214034,0.1
dhople_markov_example,19.1,0.14808038659546244,0.8519196134045376,0.014808038659546245,0.1
dhople_markov_example,19.150000000000002,0.1473418325861619,0.852658167413838,0.01473418325861619,0.1
dhople_markov_example,19.200000000000003,0.14660696213035007,0.8533930378696499,0.014660696213035007,0.1
dhople_markov_example,19.25,0.14587575685622736,0.8541242431437727,0.014587575685622738,0.1
dhople_markov_example,19.3,0.1451481984836237,0.8548518015163763,0.014514819848362372,0.1
dhople_markov_example,19.35,0.14442426882354195,0.855575731176458,0.014442426882354196,0.1
dhople_markov_example,19.400000000000002,0.14370394977770287,0.8562960502222972,0.014370394977770288,0.1
dhople_markov_example,19.450000000000003,0.14298722333809286,0.8570127766619071,0.014298722333809286,0.1
dhople_markov_example,19.5,0.14227407158651353,0.8577259284134865,0.014227407158651353,0.1
dhople_markov_example,19.55,0.14156447669413402,0.858435523305866,0.014156447669413402,0.1
dhople_markov_example,19.6,0.14085842092104497,0.859141579078955,0.014085842092104499,0.1
dhople_markov_example,19.650000000000002,0.14015588661581532,0.8598441133841846,0.014015588661581533,0.1
dhople_markov_example,19.700000000000003,0.13945685621505088,0.8605431437849491,0.01394568562150509,0.1
dhople_markov_example,19.75,0.13876131224295524,0.8612386877570448,0.013876131224295525,0.1
dhople_markov_example,19.8,0.1380692373108928,0.8619307626891072,0.01380692373108928,0.1
dhople_markov_example,19.85,0.1373806141169542,0.8626193858830458,0.013738061411695422,0.1
dhople_markov_example,19.900000000000002,0.13669542544552382,0.8633045745544762,0.013669542544552382,0.1
dhople_markov_example,19.950000000000003,0.13601365416684913,0.8639863458331509,0.013601365416684913,0.1
dhople_markov_example,20.0,0.1353352832366127,0.8646647167633873,0.013533528323661271,0.1
